arm,confirmations,spent,budget,rounds,unused
LOCO_score_and_budget,91.0,761.0,915.0,2.0,154.0
LOCO_static_budget,92.0,762.0,915.0,2.0,153.0
frozen_dependency_score,92.0,765.0,915.0,2.0,150.0
frozen_hotspot_score,92.0,763.0,915.0,2.0,152.0
frozen_prior_control_score,92.0,762.0,915.0,2.0,153.0
frozen_rna_binary_score,92.0,762.0,915.0,2.0,153.0
frozen_simple_score,91.0,761.0,915.0,2.0,154.0
frozen_target_dependency_score,92.0,762.0,915.0,2.0,153.0
three_round_drug_feedback,88.0,752.0,915.0,3.0,163.0
three_round_shuffled_feedback,85.6,753.3,915.0,3.0,161.7
three_round_static,92.0,762.0,915.0,3.0,153.0
three_round_target_feedback,89.0,754.0,915.0,3.0,161.0
