BARCODE,POSITION,sidm,tissue,composite_id,source_nominal_library_top,tag,dose_step,component_ids,component_doses_uM
18958,1303,SIDM00214,Colon,1032|1372,10,L1-D1-S,1,1032|1372,10|1
18958,1304,SIDM00214,Colon,1032|1372,10,L1-D2-S,2,1032|1372,5|0.5
18958,1305,SIDM00214,Colon,1032|1372,10,L1-D3-S,3,1032|1372,2.5|0.25
18958,1306,SIDM00214,Colon,1032|1372,10,L1-D4-S,4,1032|1372,0.625|0.0625
18958,1307,SIDM00214,Colon,1032|1372,10,L1-D5-S,5,1032|1372,0.15625|0.015625
18958,1308,SIDM00214,Colon,1032|1372,10,L1-D6-S,6,1032|1372,0.0390625|0.00390625
18958,1309,SIDM00214,Colon,1032|1372,10,L1-D7-S,7,1032|1372,0.009765625|0.0009765625
18958,199,SIDM00214,Colon,1032|1372,10,L3-D1-S,1,1032|1372,10|1
18958,200,SIDM00214,Colon,1032|1372,10,L3-D2-S,2,1032|1372,5|0.5
18958,201,SIDM00214,Colon,1032|1372,10,L3-D3-S,3,1032|1372,2.5|0.25
18958,202,SIDM00214,Colon,1032|1372,10,L3-D4-S,4,1032|1372,0.625|0.0625
18958,203,SIDM00214,Colon,1032|1372,10,L3-D5-S,5,1032|1372,0.15625|0.015625
18958,204,SIDM00214,Colon,1032|1372,10,L3-D6-S,6,1032|1372,0.0390625|0.00390625
18958,205,SIDM00214,Colon,1032|1372,10,L3-D7-S,7,1032|1372,0.009765625|0.0009765625
18958,638,SIDM00214,Colon,1032|1372,10,L3-D1-S,1,1032|1372,10|1
18958,639,SIDM00214,Colon,1032|1372,10,L3-D2-S,2,1032|1372,5|0.5
18958,640,SIDM00214,Colon,1032|1372,10,L3-D3-S,3,1032|1372,2.5|0.25
18958,641,SIDM00214,Colon,1032|1372,10,L3-D4-S,4,1032|1372,0.625|0.0625
18958,642,SIDM00214,Colon,1032|1372,10,L3-D5-S,5,1032|1372,0.15625|0.015625
18958,643,SIDM00214,Colon,1032|1372,10,L3-D6-S,6,1032|1372,0.0390625|0.00390625
18958,644,SIDM00214,Colon,1032|1372,10,L3-D7-S,7,1032|1372,0.009765625|0.0009765625
18958,877,SIDM00214,Colon,1032|1372,10,L1-D1-S,1,1032|1372,10|1
18958,878,SIDM00214,Colon,1032|1372,10,L1-D2-S,2,1032|1372,5|0.5
18958,879,SIDM00214,Colon,1032|1372,10,L1-D3-S,3,1032|1372,2.5|0.25
18958,880,SIDM00214,Colon,1032|1372,10,L1-D4-S,4,1032|1372,0.625|0.0625
18958,881,SIDM00214,Colon,1032|1372,10,L1-D5-S,5,1032|1372,0.15625|0.015625
18958,882,SIDM00214,Colon,1032|1372,10,L1-D6-S,6,1032|1372,0.0390625|0.00390625
18958,883,SIDM00214,Colon,1032|1372,10,L1-D7-S,7,1032|1372,0.009765625|0.0009765625
18966,1303,SIDM00826,Colon,1032|1372,10,L1-D1-S,1,1032|1372,10|1
18966,1304,SIDM00826,Colon,1032|1372,10,L1-D2-S,2,1032|1372,5|0.5
18966,1305,SIDM00826,Colon,1032|1372,10,L1-D3-S,3,1032|1372,2.5|0.25
18966,1306,SIDM00826,Colon,1032|1372,10,L1-D4-S,4,1032|1372,0.625|0.0625
18966,1307,SIDM00826,Colon,1032|1372,10,L1-D5-S,5,1032|1372,0.15625|0.015625
18966,1308,SIDM00826,Colon,1032|1372,10,L1-D6-S,6,1032|1372,0.0390625|0.00390625
18966,1309,SIDM00826,Colon,1032|1372,10,L1-D7-S,7,1032|1372,0.009765625|0.0009765625
18966,199,SIDM00826,Colon,1032|1372,10,L3-D1-S,1,1032|1372,10|1
18966,200,SIDM00826,Colon,1032|1372,10,L3-D2-S,2,1032|1372,5|0.5
18966,201,SIDM00826,Colon,1032|1372,10,L3-D3-S,3,1032|1372,2.5|0.25
18966,202,SIDM00826,Colon,1032|1372,10,L3-D4-S,4,1032|1372,0.625|0.0625
18966,203,SIDM00826,Colon,1032|1372,10,L3-D5-S,5,1032|1372,0.15625|0.015625
18966,204,SIDM00826,Colon,1032|1372,10,L3-D6-S,6,1032|1372,0.0390625|0.00390625
18966,205,SIDM00826,Colon,1032|1372,10,L3-D7-S,7,1032|1372,0.009765625|0.0009765625
18966,638,SIDM00826,Colon,1032|1372,10,L3-D1-S,1,1032|1372,10|1
18966,639,SIDM00826,Colon,1032|1372,10,L3-D2-S,2,1032|1372,5|0.5
18966,640,SIDM00826,Colon,1032|1372,10,L3-D3-S,3,1032|1372,2.5|0.25
18966,641,SIDM00826,Colon,1032|1372,10,L3-D4-S,4,1032|1372,0.625|0.0625
18966,642,SIDM00826,Colon,1032|1372,10,L3-D5-S,5,1032|1372,0.15625|0.015625
18966,643,SIDM00826,Colon,1032|1372,10,L3-D6-S,6,1032|1372,0.0390625|0.00390625
18966,644,SIDM00826,Colon,1032|1372,10,L3-D7-S,7,1032|1372,0.009765625|0.0009765625
18966,877,SIDM00826,Colon,1032|1372,10,L1-D1-S,1,1032|1372,10|1
18966,878,SIDM00826,Colon,1032|1372,10,L1-D2-S,2,1032|1372,5|0.5
18966,879,SIDM00826,Colon,1032|1372,10,L1-D3-S,3,1032|1372,2.5|0.25
18966,880,SIDM00826,Colon,1032|1372,10,L1-D4-S,4,1032|1372,0.625|0.0625
18966,881,SIDM00826,Colon,1032|1372,10,L1-D5-S,5,1032|1372,0.15625|0.015625
18966,882,SIDM00826,Colon,1032|1372,10,L1-D6-S,6,1032|1372,0.0390625|0.00390625
18966,883,SIDM00826,Colon,1032|1372,10,L1-D7-S,7,1032|1372,0.009765625|0.0009765625
18974,1303,SIDM00527,Colon,1032|1372,10,L1-D1-S,1,1032|1372,10|1
18974,1304,SIDM00527,Colon,1032|1372,10,L1-D2-S,2,1032|1372,5|0.5
18974,1305,SIDM00527,Colon,1032|1372,10,L1-D3-S,3,1032|1372,2.5|0.25
18974,1306,SIDM00527,Colon,1032|1372,10,L1-D4-S,4,1032|1372,0.625|0.0625
18974,1307,SIDM00527,Colon,1032|1372,10,L1-D5-S,5,1032|1372,0.15625|0.015625
18974,1308,SIDM00527,Colon,1032|1372,10,L1-D6-S,6,1032|1372,0.0390625|0.00390625
18974,1309,SIDM00527,Colon,1032|1372,10,L1-D7-S,7,1032|1372,0.009765625|0.0009765625
18974,199,SIDM00527,Colon,1032|1372,10,L3-D1-S,1,1032|1372,10|1
18974,200,SIDM00527,Colon,1032|1372,10,L3-D2-S,2,1032|1372,5|0.5
18974,201,SIDM00527,Colon,1032|1372,10,L3-D3-S,3,1032|1372,2.5|0.25
18974,202,SIDM00527,Colon,1032|1372,10,L3-D4-S,4,1032|1372,0.625|0.0625
18974,203,SIDM00527,Colon,1032|1372,10,L3-D5-S,5,1032|1372,0.15625|0.015625
18974,204,SIDM00527,Colon,1032|1372,10,L3-D6-S,6,1032|1372,0.0390625|0.00390625
18974,205,SIDM00527,Colon,1032|1372,10,L3-D7-S,7,1032|1372,0.009765625|0.0009765625
18974,638,SIDM00527,Colon,1032|1372,10,L3-D1-S,1,1032|1372,10|1
18974,639,SIDM00527,Colon,1032|1372,10,L3-D2-S,2,1032|1372,5|0.5
18974,640,SIDM00527,Colon,1032|1372,10,L3-D3-S,3,1032|1372,2.5|0.25
18974,641,SIDM00527,Colon,1032|1372,10,L3-D4-S,4,1032|1372,0.625|0.0625
18974,642,SIDM00527,Colon,1032|1372,10,L3-D5-S,5,1032|1372,0.15625|0.015625
18974,643,SIDM00527,Colon,1032|1372,10,L3-D6-S,6,1032|1372,0.0390625|0.00390625
18974,644,SIDM00527,Colon,1032|1372,10,L3-D7-S,7,1032|1372,0.009765625|0.0009765625
18974,877,SIDM00527,Colon,1032|1372,10,L1-D1-S,1,1032|1372,10|1
18974,878,SIDM00527,Colon,1032|1372,10,L1-D2-S,2,1032|1372,5|0.5
18974,879,SIDM00527,Colon,1032|1372,10,L1-D3-S,3,1032|1372,2.5|0.25
18974,880,SIDM00527,Colon,1032|1372,10,L1-D4-S,4,1032|1372,0.625|0.0625
18974,881,SIDM00527,Colon,1032|1372,10,L1-D5-S,5,1032|1372,0.15625|0.015625
18974,882,SIDM00527,Colon,1032|1372,10,L1-D6-S,6,1032|1372,0.0390625|0.00390625
18974,883,SIDM00527,Colon,1032|1372,10,L1-D7-S,7,1032|1372,0.009765625|0.0009765625
18982,1303,SIDM00049,Colon,1032|1372,10,L1-D1-S,1,1032|1372,10|1
18982,1304,SIDM00049,Colon,1032|1372,10,L1-D2-S,2,1032|1372,5|0.5
18982,1305,SIDM00049,Colon,1032|1372,10,L1-D3-S,3,1032|1372,2.5|0.25
18982,1306,SIDM00049,Colon,1032|1372,10,L1-D4-S,4,1032|1372,0.625|0.0625
18982,1307,SIDM00049,Colon,1032|1372,10,L1-D5-S,5,1032|1372,0.15625|0.015625
18982,1308,SIDM00049,Colon,1032|1372,10,L1-D6-S,6,1032|1372,0.0390625|0.00390625
18982,1309,SIDM00049,Colon,1032|1372,10,L1-D7-S,7,1032|1372,0.009765625|0.0009765625
18982,199,SIDM00049,Colon,1032|1372,10,L3-D1-S,1,1032|1372,10|1
18982,200,SIDM00049,Colon,1032|1372,10,L3-D2-S,2,1032|1372,5|0.5
18982,201,SIDM00049,Colon,1032|1372,10,L3-D3-S,3,1032|1372,2.5|0.25
18982,202,SIDM00049,Colon,1032|1372,10,L3-D4-S,4,1032|1372,0.625|0.0625
18982,203,SIDM00049,Colon,1032|1372,10,L3-D5-S,5,1032|1372,0.15625|0.015625
18982,204,SIDM00049,Colon,1032|1372,10,L3-D6-S,6,1032|1372,0.0390625|0.00390625
18982,205,SIDM00049,Colon,1032|1372,10,L3-D7-S,7,1032|1372,0.009765625|0.0009765625
18982,638,SIDM00049,Colon,1032|1372,10,L3-D1-S,1,1032|1372,10|1
18982,639,SIDM00049,Colon,1032|1372,10,L3-D2-S,2,1032|1372,5|0.5
18982,640,SIDM00049,Colon,1032|1372,10,L3-D3-S,3,1032|1372,2.5|0.25
18982,641,SIDM00049,Colon,1032|1372,10,L3-D4-S,4,1032|1372,0.625|0.0625
18982,642,SIDM00049,Colon,1032|1372,10,L3-D5-S,5,1032|1372,0.15625|0.015625
18982,643,SIDM00049,Colon,1032|1372,10,L3-D6-S,6,1032|1372,0.0390625|0.00390625
18982,644,SIDM00049,Colon,1032|1372,10,L3-D7-S,7,1032|1372,0.009765625|0.0009765625
18982,877,SIDM00049,Colon,1032|1372,10,L1-D1-S,1,1032|1372,10|1
18982,878,SIDM00049,Colon,1032|1372,10,L1-D2-S,2,1032|1372,5|0.5
18982,879,SIDM00049,Colon,1032|1372,10,L1-D3-S,3,1032|1372,2.5|0.25
18982,880,SIDM00049,Colon,1032|1372,10,L1-D4-S,4,1032|1372,0.625|0.0625
18982,881,SIDM00049,Colon,1032|1372,10,L1-D5-S,5,1032|1372,0.15625|0.015625
18982,882,SIDM00049,Colon,1032|1372,10,L1-D6-S,6,1032|1372,0.0390625|0.00390625
18982,883,SIDM00049,Colon,1032|1372,10,L1-D7-S,7,1032|1372,0.009765625|0.0009765625
18990,1303,SIDM00282,Colon,1032|1372,10,L1-D1-S,1,1032|1372,10|1
18990,1304,SIDM00282,Colon,1032|1372,10,L1-D2-S,2,1032|1372,5|0.5
18990,1305,SIDM00282,Colon,1032|1372,10,L1-D3-S,3,1032|1372,2.5|0.25
18990,1306,SIDM00282,Colon,1032|1372,10,L1-D4-S,4,1032|1372,0.625|0.0625
18990,1307,SIDM00282,Colon,1032|1372,10,L1-D5-S,5,1032|1372,0.15625|0.015625
18990,1308,SIDM00282,Colon,1032|1372,10,L1-D6-S,6,1032|1372,0.0390625|0.00390625
18990,1309,SIDM00282,Colon,1032|1372,10,L1-D7-S,7,1032|1372,0.009765625|0.0009765625
18990,199,SIDM00282,Colon,1032|1372,10,L3-D1-S,1,1032|1372,10|1
18990,200,SIDM00282,Colon,1032|1372,10,L3-D2-S,2,1032|1372,5|0.5
18990,201,SIDM00282,Colon,1032|1372,10,L3-D3-S,3,1032|1372,2.5|0.25
18990,202,SIDM00282,Colon,1032|1372,10,L3-D4-S,4,1032|1372,0.625|0.0625
18990,203,SIDM00282,Colon,1032|1372,10,L3-D5-S,5,1032|1372,0.15625|0.015625
18990,204,SIDM00282,Colon,1032|1372,10,L3-D6-S,6,1032|1372,0.0390625|0.00390625
18990,205,SIDM00282,Colon,1032|1372,10,L3-D7-S,7,1032|1372,0.009765625|0.0009765625
18990,638,SIDM00282,Colon,1032|1372,10,L3-D1-S,1,1032|1372,10|1
18990,639,SIDM00282,Colon,1032|1372,10,L3-D2-S,2,1032|1372,5|0.5
18990,640,SIDM00282,Colon,1032|1372,10,L3-D3-S,3,1032|1372,2.5|0.25
18990,641,SIDM00282,Colon,1032|1372,10,L3-D4-S,4,1032|1372,0.625|0.0625
18990,642,SIDM00282,Colon,1032|1372,10,L3-D5-S,5,1032|1372,0.15625|0.015625
18990,643,SIDM00282,Colon,1032|1372,10,L3-D6-S,6,1032|1372,0.0390625|0.00390625
18990,644,SIDM00282,Colon,1032|1372,10,L3-D7-S,7,1032|1372,0.009765625|0.0009765625
18990,877,SIDM00282,Colon,1032|1372,10,L1-D1-S,1,1032|1372,10|1
18990,878,SIDM00282,Colon,1032|1372,10,L1-D2-S,2,1032|1372,5|0.5
18990,879,SIDM00282,Colon,1032|1372,10,L1-D3-S,3,1032|1372,2.5|0.25
18990,880,SIDM00282,Colon,1032|1372,10,L1-D4-S,4,1032|1372,0.625|0.0625
18990,881,SIDM00282,Colon,1032|1372,10,L1-D5-S,5,1032|1372,0.15625|0.015625
18990,882,SIDM00282,Colon,1032|1372,10,L1-D6-S,6,1032|1372,0.0390625|0.00390625
18990,883,SIDM00282,Colon,1032|1372,10,L1-D7-S,7,1032|1372,0.009765625|0.0009765625
18998,1303,SIDM00783,Colon,1032|1372,10,L1-D1-S,1,1032|1372,10|1
18998,1304,SIDM00783,Colon,1032|1372,10,L1-D2-S,2,1032|1372,5|0.5
18998,1305,SIDM00783,Colon,1032|1372,10,L1-D3-S,3,1032|1372,2.5|0.25
18998,1306,SIDM00783,Colon,1032|1372,10,L1-D4-S,4,1032|1372,0.625|0.0625
18998,1307,SIDM00783,Colon,1032|1372,10,L1-D5-S,5,1032|1372,0.15625|0.015625
18998,1308,SIDM00783,Colon,1032|1372,10,L1-D6-S,6,1032|1372,0.0390625|0.00390625
18998,1309,SIDM00783,Colon,1032|1372,10,L1-D7-S,7,1032|1372,0.009765625|0.0009765625
18998,199,SIDM00783,Colon,1032|1372,10,L3-D1-S,1,1032|1372,10|1
18998,200,SIDM00783,Colon,1032|1372,10,L3-D2-S,2,1032|1372,5|0.5
18998,201,SIDM00783,Colon,1032|1372,10,L3-D3-S,3,1032|1372,2.5|0.25
18998,202,SIDM00783,Colon,1032|1372,10,L3-D4-S,4,1032|1372,0.625|0.0625
18998,203,SIDM00783,Colon,1032|1372,10,L3-D5-S,5,1032|1372,0.15625|0.015625
18998,204,SIDM00783,Colon,1032|1372,10,L3-D6-S,6,1032|1372,0.0390625|0.00390625
18998,205,SIDM00783,Colon,1032|1372,10,L3-D7-S,7,1032|1372,0.009765625|0.0009765625
18998,638,SIDM00783,Colon,1032|1372,10,L3-D1-S,1,1032|1372,10|1
18998,639,SIDM00783,Colon,1032|1372,10,L3-D2-S,2,1032|1372,5|0.5
18998,640,SIDM00783,Colon,1032|1372,10,L3-D3-S,3,1032|1372,2.5|0.25
18998,641,SIDM00783,Colon,1032|1372,10,L3-D4-S,4,1032|1372,0.625|0.0625
18998,642,SIDM00783,Colon,1032|1372,10,L3-D5-S,5,1032|1372,0.15625|0.015625
18998,643,SIDM00783,Colon,1032|1372,10,L3-D6-S,6,1032|1372,0.0390625|0.00390625
18998,644,SIDM00783,Colon,1032|1372,10,L3-D7-S,7,1032|1372,0.009765625|0.0009765625
18998,877,SIDM00783,Colon,1032|1372,10,L1-D1-S,1,1032|1372,10|1
18998,878,SIDM00783,Colon,1032|1372,10,L1-D2-S,2,1032|1372,5|0.5
18998,879,SIDM00783,Colon,1032|1372,10,L1-D3-S,3,1032|1372,2.5|0.25
18998,880,SIDM00783,Colon,1032|1372,10,L1-D4-S,4,1032|1372,0.625|0.0625
18998,881,SIDM00783,Colon,1032|1372,10,L1-D5-S,5,1032|1372,0.15625|0.015625
18998,882,SIDM00783,Colon,1032|1372,10,L1-D6-S,6,1032|1372,0.0390625|0.00390625
18998,883,SIDM00783,Colon,1032|1372,10,L1-D7-S,7,1032|1372,0.009765625|0.0009765625
19006,1303,SIDM00680,Colon,1032|1372,10,L1-D1-S,1,1032|1372,10|1
19006,1304,SIDM00680,Colon,1032|1372,10,L1-D2-S,2,1032|1372,5|0.5
19006,1305,SIDM00680,Colon,1032|1372,10,L1-D3-S,3,1032|1372,2.5|0.25
19006,1306,SIDM00680,Colon,1032|1372,10,L1-D4-S,4,1032|1372,0.625|0.0625
19006,1307,SIDM00680,Colon,1032|1372,10,L1-D5-S,5,1032|1372,0.15625|0.015625
19006,1308,SIDM00680,Colon,1032|1372,10,L1-D6-S,6,1032|1372,0.0390625|0.00390625
19006,1309,SIDM00680,Colon,1032|1372,10,L1-D7-S,7,1032|1372,0.009765625|0.0009765625
19006,199,SIDM00680,Colon,1032|1372,10,L3-D1-S,1,1032|1372,10|1
19006,200,SIDM00680,Colon,1032|1372,10,L3-D2-S,2,1032|1372,5|0.5
19006,201,SIDM00680,Colon,1032|1372,10,L3-D3-S,3,1032|1372,2.5|0.25
19006,202,SIDM00680,Colon,1032|1372,10,L3-D4-S,4,1032|1372,0.625|0.0625
19006,203,SIDM00680,Colon,1032|1372,10,L3-D5-S,5,1032|1372,0.15625|0.015625
19006,204,SIDM00680,Colon,1032|1372,10,L3-D6-S,6,1032|1372,0.0390625|0.00390625
19006,205,SIDM00680,Colon,1032|1372,10,L3-D7-S,7,1032|1372,0.009765625|0.0009765625
19006,638,SIDM00680,Colon,1032|1372,10,L3-D1-S,1,1032|1372,10|1
19006,639,SIDM00680,Colon,1032|1372,10,L3-D2-S,2,1032|1372,5|0.5
19006,640,SIDM00680,Colon,1032|1372,10,L3-D3-S,3,1032|1372,2.5|0.25
19006,641,SIDM00680,Colon,1032|1372,10,L3-D4-S,4,1032|1372,0.625|0.0625
19006,642,SIDM00680,Colon,1032|1372,10,L3-D5-S,5,1032|1372,0.15625|0.015625
19006,643,SIDM00680,Colon,1032|1372,10,L3-D6-S,6,1032|1372,0.0390625|0.00390625
19006,644,SIDM00680,Colon,1032|1372,10,L3-D7-S,7,1032|1372,0.009765625|0.0009765625
19006,877,SIDM00680,Colon,1032|1372,10,L1-D1-S,1,1032|1372,10|1
19006,878,SIDM00680,Colon,1032|1372,10,L1-D2-S,2,1032|1372,5|0.5
19006,879,SIDM00680,Colon,1032|1372,10,L1-D3-S,3,1032|1372,2.5|0.25
19006,880,SIDM00680,Colon,1032|1372,10,L1-D4-S,4,1032|1372,0.625|0.0625
19006,881,SIDM00680,Colon,1032|1372,10,L1-D5-S,5,1032|1372,0.15625|0.015625
19006,882,SIDM00680,Colon,1032|1372,10,L1-D6-S,6,1032|1372,0.0390625|0.00390625
19006,883,SIDM00680,Colon,1032|1372,10,L1-D7-S,7,1032|1372,0.009765625|0.0009765625
19014,1303,SIDM00944,Colon,1032|1372,10,L1-D1-S,1,1032|1372,10|1
19014,1304,SIDM00944,Colon,1032|1372,10,L1-D2-S,2,1032|1372,5|0.5
19014,1305,SIDM00944,Colon,1032|1372,10,L1-D3-S,3,1032|1372,2.5|0.25
19014,1306,SIDM00944,Colon,1032|1372,10,L1-D4-S,4,1032|1372,0.625|0.0625
19014,1307,SIDM00944,Colon,1032|1372,10,L1-D5-S,5,1032|1372,0.15625|0.015625
19014,1308,SIDM00944,Colon,1032|1372,10,L1-D6-S,6,1032|1372,0.0390625|0.00390625
19014,1309,SIDM00944,Colon,1032|1372,10,L1-D7-S,7,1032|1372,0.009765625|0.0009765625
19014,199,SIDM00944,Colon,1032|1372,10,L3-D1-S,1,1032|1372,10|1
19014,200,SIDM00944,Colon,1032|1372,10,L3-D2-S,2,1032|1372,5|0.5
19014,201,SIDM00944,Colon,1032|1372,10,L3-D3-S,3,1032|1372,2.5|0.25
19014,202,SIDM00944,Colon,1032|1372,10,L3-D4-S,4,1032|1372,0.625|0.0625
19014,203,SIDM00944,Colon,1032|1372,10,L3-D5-S,5,1032|1372,0.15625|0.015625
19014,204,SIDM00944,Colon,1032|1372,10,L3-D6-S,6,1032|1372,0.0390625|0.00390625
19014,205,SIDM00944,Colon,1032|1372,10,L3-D7-S,7,1032|1372,0.009765625|0.0009765625
19014,638,SIDM00944,Colon,1032|1372,10,L3-D1-S,1,1032|1372,10|1
19014,639,SIDM00944,Colon,1032|1372,10,L3-D2-S,2,1032|1372,5|0.5
19014,640,SIDM00944,Colon,1032|1372,10,L3-D3-S,3,1032|1372,2.5|0.25
19014,641,SIDM00944,Colon,1032|1372,10,L3-D4-S,4,1032|1372,0.625|0.0625
19014,642,SIDM00944,Colon,1032|1372,10,L3-D5-S,5,1032|1372,0.15625|0.015625
19014,643,SIDM00944,Colon,1032|1372,10,L3-D6-S,6,1032|1372,0.0390625|0.00390625
19014,644,SIDM00944,Colon,1032|1372,10,L3-D7-S,7,1032|1372,0.009765625|0.0009765625
19014,877,SIDM00944,Colon,1032|1372,10,L1-D1-S,1,1032|1372,10|1
19014,878,SIDM00944,Colon,1032|1372,10,L1-D2-S,2,1032|1372,5|0.5
19014,879,SIDM00944,Colon,1032|1372,10,L1-D3-S,3,1032|1372,2.5|0.25
19014,880,SIDM00944,Colon,1032|1372,10,L1-D4-S,4,1032|1372,0.625|0.0625
19014,881,SIDM00944,Colon,1032|1372,10,L1-D5-S,5,1032|1372,0.15625|0.015625
19014,882,SIDM00944,Colon,1032|1372,10,L1-D6-S,6,1032|1372,0.0390625|0.00390625
19014,883,SIDM00944,Colon,1032|1372,10,L1-D7-S,7,1032|1372,0.009765625|0.0009765625
19103,1303,SIDM00537,Colon,1032|1372,10,L1-D1-S,1,1032|1372,10|1
19103,1304,SIDM00537,Colon,1032|1372,10,L1-D2-S,2,1032|1372,5|0.5
19103,1305,SIDM00537,Colon,1032|1372,10,L1-D3-S,3,1032|1372,2.5|0.25
19103,1306,SIDM00537,Colon,1032|1372,10,L1-D4-S,4,1032|1372,0.625|0.0625
19103,1307,SIDM00537,Colon,1032|1372,10,L1-D5-S,5,1032|1372,0.15625|0.015625
19103,1308,SIDM00537,Colon,1032|1372,10,L1-D6-S,6,1032|1372,0.0390625|0.00390625
19103,1309,SIDM00537,Colon,1032|1372,10,L1-D7-S,7,1032|1372,0.009765625|0.0009765625
19103,199,SIDM00537,Colon,1032|1372,10,L3-D1-S,1,1032|1372,10|1
19103,200,SIDM00537,Colon,1032|1372,10,L3-D2-S,2,1032|1372,5|0.5
19103,201,SIDM00537,Colon,1032|1372,10,L3-D3-S,3,1032|1372,2.5|0.25
19103,202,SIDM00537,Colon,1032|1372,10,L3-D4-S,4,1032|1372,0.625|0.0625
19103,203,SIDM00537,Colon,1032|1372,10,L3-D5-S,5,1032|1372,0.15625|0.015625
19103,204,SIDM00537,Colon,1032|1372,10,L3-D6-S,6,1032|1372,0.0390625|0.00390625
19103,205,SIDM00537,Colon,1032|1372,10,L3-D7-S,7,1032|1372,0.009765625|0.0009765625
19103,638,SIDM00537,Colon,1032|1372,10,L3-D1-S,1,1032|1372,10|1
19103,639,SIDM00537,Colon,1032|1372,10,L3-D2-S,2,1032|1372,5|0.5
19103,640,SIDM00537,Colon,1032|1372,10,L3-D3-S,3,1032|1372,2.5|0.25
19103,641,SIDM00537,Colon,1032|1372,10,L3-D4-S,4,1032|1372,0.625|0.0625
19103,642,SIDM00537,Colon,1032|1372,10,L3-D5-S,5,1032|1372,0.15625|0.015625
19103,643,SIDM00537,Colon,1032|1372,10,L3-D6-S,6,1032|1372,0.0390625|0.00390625
19103,644,SIDM00537,Colon,1032|1372,10,L3-D7-S,7,1032|1372,0.009765625|0.0009765625
19103,877,SIDM00537,Colon,1032|1372,10,L1-D1-S,1,1032|1372,10|1
19103,878,SIDM00537,Colon,1032|1372,10,L1-D2-S,2,1032|1372,5|0.5
19103,879,SIDM00537,Colon,1032|1372,10,L1-D3-S,3,1032|1372,2.5|0.25
19103,880,SIDM00537,Colon,1032|1372,10,L1-D4-S,4,1032|1372,0.625|0.0625
19103,881,SIDM00537,Colon,1032|1372,10,L1-D5-S,5,1032|1372,0.15625|0.015625
19103,882,SIDM00537,Colon,1032|1372,10,L1-D6-S,6,1032|1372,0.0390625|0.00390625
19103,883,SIDM00537,Colon,1032|1372,10,L1-D7-S,7,1032|1372,0.009765625|0.0009765625
19502,1303,SIDM00842,Colon,1032|1372,10,L1-D1-S,1,1032|1372,10|1
19502,1304,SIDM00842,Colon,1032|1372,10,L1-D2-S,2,1032|1372,5|0.5
19502,1305,SIDM00842,Colon,1032|1372,10,L1-D3-S,3,1032|1372,2.5|0.25
19502,1306,SIDM00842,Colon,1032|1372,10,L1-D4-S,4,1032|1372,0.625|0.0625
19502,1307,SIDM00842,Colon,1032|1372,10,L1-D5-S,5,1032|1372,0.15625|0.015625
19502,1308,SIDM00842,Colon,1032|1372,10,L1-D6-S,6,1032|1372,0.0390625|0.00390625
19502,1309,SIDM00842,Colon,1032|1372,10,L1-D7-S,7,1032|1372,0.009765625|0.0009765625
19502,199,SIDM00842,Colon,1032|1372,10,L3-D1-S,1,1032|1372,10|1
19502,200,SIDM00842,Colon,1032|1372,10,L3-D2-S,2,1032|1372,5|0.5
19502,201,SIDM00842,Colon,1032|1372,10,L3-D3-S,3,1032|1372,2.5|0.25
19502,202,SIDM00842,Colon,1032|1372,10,L3-D4-S,4,1032|1372,0.625|0.0625
19502,203,SIDM00842,Colon,1032|1372,10,L3-D5-S,5,1032|1372,0.15625|0.015625
19502,204,SIDM00842,Colon,1032|1372,10,L3-D6-S,6,1032|1372,0.0390625|0.00390625
19502,205,SIDM00842,Colon,1032|1372,10,L3-D7-S,7,1032|1372,0.009765625|0.0009765625
19502,638,SIDM00842,Colon,1032|1372,10,L3-D1-S,1,1032|1372,10|1
19502,639,SIDM00842,Colon,1032|1372,10,L3-D2-S,2,1032|1372,5|0.5
19502,640,SIDM00842,Colon,1032|1372,10,L3-D3-S,3,1032|1372,2.5|0.25
19502,641,SIDM00842,Colon,1032|1372,10,L3-D4-S,4,1032|1372,0.625|0.0625
19502,642,SIDM00842,Colon,1032|1372,10,L3-D5-S,5,1032|1372,0.15625|0.015625
19502,643,SIDM00842,Colon,1032|1372,10,L3-D6-S,6,1032|1372,0.0390625|0.00390625
19502,644,SIDM00842,Colon,1032|1372,10,L3-D7-S,7,1032|1372,0.009765625|0.0009765625
19502,877,SIDM00842,Colon,1032|1372,10,L1-D1-S,1,1032|1372,10|1
19502,878,SIDM00842,Colon,1032|1372,10,L1-D2-S,2,1032|1372,5|0.5
19502,879,SIDM00842,Colon,1032|1372,10,L1-D3-S,3,1032|1372,2.5|0.25
19502,880,SIDM00842,Colon,1032|1372,10,L1-D4-S,4,1032|1372,0.625|0.0625
19502,881,SIDM00842,Colon,1032|1372,10,L1-D5-S,5,1032|1372,0.15625|0.015625
19502,882,SIDM00842,Colon,1032|1372,10,L1-D6-S,6,1032|1372,0.0390625|0.00390625
19502,883,SIDM00842,Colon,1032|1372,10,L1-D7-S,7,1032|1372,0.009765625|0.0009765625
19510,1303,SIDM00150,Colon,1032|1372,10,L1-D1-S,1,1032|1372,10|1
19510,1304,SIDM00150,Colon,1032|1372,10,L1-D2-S,2,1032|1372,5|0.5
19510,1305,SIDM00150,Colon,1032|1372,10,L1-D3-S,3,1032|1372,2.5|0.25
19510,1306,SIDM00150,Colon,1032|1372,10,L1-D4-S,4,1032|1372,0.625|0.0625
19510,1307,SIDM00150,Colon,1032|1372,10,L1-D5-S,5,1032|1372,0.15625|0.015625
19510,1308,SIDM00150,Colon,1032|1372,10,L1-D6-S,6,1032|1372,0.0390625|0.00390625
19510,1309,SIDM00150,Colon,1032|1372,10,L1-D7-S,7,1032|1372,0.009765625|0.0009765625
19510,199,SIDM00150,Colon,1032|1372,10,L3-D1-S,1,1032|1372,10|1
19510,200,SIDM00150,Colon,1032|1372,10,L3-D2-S,2,1032|1372,5|0.5
19510,201,SIDM00150,Colon,1032|1372,10,L3-D3-S,3,1032|1372,2.5|0.25
19510,202,SIDM00150,Colon,1032|1372,10,L3-D4-S,4,1032|1372,0.625|0.0625
19510,203,SIDM00150,Colon,1032|1372,10,L3-D5-S,5,1032|1372,0.15625|0.015625
19510,204,SIDM00150,Colon,1032|1372,10,L3-D6-S,6,1032|1372,0.0390625|0.00390625
19510,205,SIDM00150,Colon,1032|1372,10,L3-D7-S,7,1032|1372,0.009765625|0.0009765625
19510,638,SIDM00150,Colon,1032|1372,10,L3-D1-S,1,1032|1372,10|1
19510,639,SIDM00150,Colon,1032|1372,10,L3-D2-S,2,1032|1372,5|0.5
19510,640,SIDM00150,Colon,1032|1372,10,L3-D3-S,3,1032|1372,2.5|0.25
19510,641,SIDM00150,Colon,1032|1372,10,L3-D4-S,4,1032|1372,0.625|0.0625
19510,642,SIDM00150,Colon,1032|1372,10,L3-D5-S,5,1032|1372,0.15625|0.015625
19510,643,SIDM00150,Colon,1032|1372,10,L3-D6-S,6,1032|1372,0.0390625|0.00390625
19510,644,SIDM00150,Colon,1032|1372,10,L3-D7-S,7,1032|1372,0.009765625|0.0009765625
19510,877,SIDM00150,Colon,1032|1372,10,L1-D1-S,1,1032|1372,10|1
19510,878,SIDM00150,Colon,1032|1372,10,L1-D2-S,2,1032|1372,5|0.5
19510,879,SIDM00150,Colon,1032|1372,10,L1-D3-S,3,1032|1372,2.5|0.25
19510,880,SIDM00150,Colon,1032|1372,10,L1-D4-S,4,1032|1372,0.625|0.0625
19510,881,SIDM00150,Colon,1032|1372,10,L1-D5-S,5,1032|1372,0.15625|0.015625
19510,882,SIDM00150,Colon,1032|1372,10,L1-D6-S,6,1032|1372,0.0390625|0.00390625
19510,883,SIDM00150,Colon,1032|1372,10,L1-D7-S,7,1032|1372,0.009765625|0.0009765625
19526,1303,SIDM00777,Colon,1032|1372,10,L1-D1-S,1,1032|1372,10|1
19526,1304,SIDM00777,Colon,1032|1372,10,L1-D2-S,2,1032|1372,5|0.5
19526,1305,SIDM00777,Colon,1032|1372,10,L1-D3-S,3,1032|1372,2.5|0.25
19526,1306,SIDM00777,Colon,1032|1372,10,L1-D4-S,4,1032|1372,0.625|0.0625
19526,1307,SIDM00777,Colon,1032|1372,10,L1-D5-S,5,1032|1372,0.15625|0.015625
19526,1308,SIDM00777,Colon,1032|1372,10,L1-D6-S,6,1032|1372,0.0390625|0.00390625
19526,1309,SIDM00777,Colon,1032|1372,10,L1-D7-S,7,1032|1372,0.009765625|0.0009765625
19526,199,SIDM00777,Colon,1032|1372,10,L3-D1-S,1,1032|1372,10|1
19526,200,SIDM00777,Colon,1032|1372,10,L3-D2-S,2,1032|1372,5|0.5
19526,201,SIDM00777,Colon,1032|1372,10,L3-D3-S,3,1032|1372,2.5|0.25
19526,202,SIDM00777,Colon,1032|1372,10,L3-D4-S,4,1032|1372,0.625|0.0625
19526,203,SIDM00777,Colon,1032|1372,10,L3-D5-S,5,1032|1372,0.15625|0.015625
19526,204,SIDM00777,Colon,1032|1372,10,L3-D6-S,6,1032|1372,0.0390625|0.00390625
19526,205,SIDM00777,Colon,1032|1372,10,L3-D7-S,7,1032|1372,0.009765625|0.0009765625
19526,638,SIDM00777,Colon,1032|1372,10,L3-D1-S,1,1032|1372,10|1
19526,639,SIDM00777,Colon,1032|1372,10,L3-D2-S,2,1032|1372,5|0.5
19526,640,SIDM00777,Colon,1032|1372,10,L3-D3-S,3,1032|1372,2.5|0.25
19526,641,SIDM00777,Colon,1032|1372,10,L3-D4-S,4,1032|1372,0.625|0.0625
19526,642,SIDM00777,Colon,1032|1372,10,L3-D5-S,5,1032|1372,0.15625|0.015625
19526,643,SIDM00777,Colon,1032|1372,10,L3-D6-S,6,1032|1372,0.0390625|0.00390625
19526,644,SIDM00777,Colon,1032|1372,10,L3-D7-S,7,1032|1372,0.009765625|0.0009765625
19526,877,SIDM00777,Colon,1032|1372,10,L1-D1-S,1,1032|1372,10|1
19526,878,SIDM00777,Colon,1032|1372,10,L1-D2-S,2,1032|1372,5|0.5
19526,879,SIDM00777,Colon,1032|1372,10,L1-D3-S,3,1032|1372,2.5|0.25
19526,880,SIDM00777,Colon,1032|1372,10,L1-D4-S,4,1032|1372,0.625|0.0625
19526,881,SIDM00777,Colon,1032|1372,10,L1-D5-S,5,1032|1372,0.15625|0.015625
19526,882,SIDM00777,Colon,1032|1372,10,L1-D6-S,6,1032|1372,0.0390625|0.00390625
19526,883,SIDM00777,Colon,1032|1372,10,L1-D7-S,7,1032|1372,0.009765625|0.0009765625
19534,1303,SIDM01090,Colon,1032|1372,10,L1-D1-S,1,1032|1372,10|1
19534,1304,SIDM01090,Colon,1032|1372,10,L1-D2-S,2,1032|1372,5|0.5
19534,1305,SIDM01090,Colon,1032|1372,10,L1-D3-S,3,1032|1372,2.5|0.25
19534,1306,SIDM01090,Colon,1032|1372,10,L1-D4-S,4,1032|1372,0.625|0.0625
19534,1307,SIDM01090,Colon,1032|1372,10,L1-D5-S,5,1032|1372,0.15625|0.015625
19534,1308,SIDM01090,Colon,1032|1372,10,L1-D6-S,6,1032|1372,0.0390625|0.00390625
19534,1309,SIDM01090,Colon,1032|1372,10,L1-D7-S,7,1032|1372,0.009765625|0.0009765625
19534,199,SIDM01090,Colon,1032|1372,10,L3-D1-S,1,1032|1372,10|1
19534,200,SIDM01090,Colon,1032|1372,10,L3-D2-S,2,1032|1372,5|0.5
19534,201,SIDM01090,Colon,1032|1372,10,L3-D3-S,3,1032|1372,2.5|0.25
19534,202,SIDM01090,Colon,1032|1372,10,L3-D4-S,4,1032|1372,0.625|0.0625
19534,203,SIDM01090,Colon,1032|1372,10,L3-D5-S,5,1032|1372,0.15625|0.015625
19534,204,SIDM01090,Colon,1032|1372,10,L3-D6-S,6,1032|1372,0.0390625|0.00390625
19534,205,SIDM01090,Colon,1032|1372,10,L3-D7-S,7,1032|1372,0.009765625|0.0009765625
19534,638,SIDM01090,Colon,1032|1372,10,L3-D1-S,1,1032|1372,10|1
19534,639,SIDM01090,Colon,1032|1372,10,L3-D2-S,2,1032|1372,5|0.5
19534,640,SIDM01090,Colon,1032|1372,10,L3-D3-S,3,1032|1372,2.5|0.25
19534,641,SIDM01090,Colon,1032|1372,10,L3-D4-S,4,1032|1372,0.625|0.0625
19534,642,SIDM01090,Colon,1032|1372,10,L3-D5-S,5,1032|1372,0.15625|0.015625
19534,643,SIDM01090,Colon,1032|1372,10,L3-D6-S,6,1032|1372,0.0390625|0.00390625
19534,644,SIDM01090,Colon,1032|1372,10,L3-D7-S,7,1032|1372,0.009765625|0.0009765625
19534,877,SIDM01090,Colon,1032|1372,10,L1-D1-S,1,1032|1372,10|1
19534,878,SIDM01090,Colon,1032|1372,10,L1-D2-S,2,1032|1372,5|0.5
19534,879,SIDM01090,Colon,1032|1372,10,L1-D3-S,3,1032|1372,2.5|0.25
19534,880,SIDM01090,Colon,1032|1372,10,L1-D4-S,4,1032|1372,0.625|0.0625
19534,881,SIDM01090,Colon,1032|1372,10,L1-D5-S,5,1032|1372,0.15625|0.015625
19534,882,SIDM01090,Colon,1032|1372,10,L1-D6-S,6,1032|1372,0.0390625|0.00390625
19534,883,SIDM01090,Colon,1032|1372,10,L1-D7-S,7,1032|1372,0.009765625|0.0009765625
19542,1303,SIDM00216,Colon,1032|1372,10,L1-D1-S,1,1032|1372,10|1
19542,1304,SIDM00216,Colon,1032|1372,10,L1-D2-S,2,1032|1372,5|0.5
19542,1305,SIDM00216,Colon,1032|1372,10,L1-D3-S,3,1032|1372,2.5|0.25
19542,1306,SIDM00216,Colon,1032|1372,10,L1-D4-S,4,1032|1372,0.625|0.0625
19542,1307,SIDM00216,Colon,1032|1372,10,L1-D5-S,5,1032|1372,0.15625|0.015625
19542,1308,SIDM00216,Colon,1032|1372,10,L1-D6-S,6,1032|1372,0.0390625|0.00390625
19542,1309,SIDM00216,Colon,1032|1372,10,L1-D7-S,7,1032|1372,0.009765625|0.0009765625
19542,199,SIDM00216,Colon,1032|1372,10,L3-D1-S,1,1032|1372,10|1
19542,200,SIDM00216,Colon,1032|1372,10,L3-D2-S,2,1032|1372,5|0.5
19542,201,SIDM00216,Colon,1032|1372,10,L3-D3-S,3,1032|1372,2.5|0.25
19542,202,SIDM00216,Colon,1032|1372,10,L3-D4-S,4,1032|1372,0.625|0.0625
19542,203,SIDM00216,Colon,1032|1372,10,L3-D5-S,5,1032|1372,0.15625|0.015625
19542,204,SIDM00216,Colon,1032|1372,10,L3-D6-S,6,1032|1372,0.0390625|0.00390625
19542,205,SIDM00216,Colon,1032|1372,10,L3-D7-S,7,1032|1372,0.009765625|0.0009765625
19542,638,SIDM00216,Colon,1032|1372,10,L3-D1-S,1,1032|1372,10|1
19542,639,SIDM00216,Colon,1032|1372,10,L3-D2-S,2,1032|1372,5|0.5
19542,640,SIDM00216,Colon,1032|1372,10,L3-D3-S,3,1032|1372,2.5|0.25
19542,641,SIDM00216,Colon,1032|1372,10,L3-D4-S,4,1032|1372,0.625|0.0625
19542,642,SIDM00216,Colon,1032|1372,10,L3-D5-S,5,1032|1372,0.15625|0.015625
19542,643,SIDM00216,Colon,1032|1372,10,L3-D6-S,6,1032|1372,0.0390625|0.00390625
19542,644,SIDM00216,Colon,1032|1372,10,L3-D7-S,7,1032|1372,0.009765625|0.0009765625
19542,877,SIDM00216,Colon,1032|1372,10,L1-D1-S,1,1032|1372,10|1
19542,878,SIDM00216,Colon,1032|1372,10,L1-D2-S,2,1032|1372,5|0.5
19542,879,SIDM00216,Colon,1032|1372,10,L1-D3-S,3,1032|1372,2.5|0.25
19542,880,SIDM00216,Colon,1032|1372,10,L1-D4-S,4,1032|1372,0.625|0.0625
19542,881,SIDM00216,Colon,1032|1372,10,L1-D5-S,5,1032|1372,0.15625|0.015625
19542,882,SIDM00216,Colon,1032|1372,10,L1-D6-S,6,1032|1372,0.0390625|0.00390625
19542,883,SIDM00216,Colon,1032|1372,10,L1-D7-S,7,1032|1372,0.009765625|0.0009765625
19556,1303,SIDM00781,Colon,1032|1372,10,L1-D1-S,1,1032|1372,10|1
19556,1304,SIDM00781,Colon,1032|1372,10,L1-D2-S,2,1032|1372,5|0.5
19556,1305,SIDM00781,Colon,1032|1372,10,L1-D3-S,3,1032|1372,2.5|0.25
19556,1306,SIDM00781,Colon,1032|1372,10,L1-D4-S,4,1032|1372,0.625|0.0625
19556,1307,SIDM00781,Colon,1032|1372,10,L1-D5-S,5,1032|1372,0.15625|0.015625
19556,1308,SIDM00781,Colon,1032|1372,10,L1-D6-S,6,1032|1372,0.0390625|0.00390625
19556,1309,SIDM00781,Colon,1032|1372,10,L1-D7-S,7,1032|1372,0.009765625|0.0009765625
19556,199,SIDM00781,Colon,1032|1372,10,L3-D1-S,1,1032|1372,10|1
19556,200,SIDM00781,Colon,1032|1372,10,L3-D2-S,2,1032|1372,5|0.5
19556,201,SIDM00781,Colon,1032|1372,10,L3-D3-S,3,1032|1372,2.5|0.25
19556,202,SIDM00781,Colon,1032|1372,10,L3-D4-S,4,1032|1372,0.625|0.0625
19556,203,SIDM00781,Colon,1032|1372,10,L3-D5-S,5,1032|1372,0.15625|0.015625
19556,204,SIDM00781,Colon,1032|1372,10,L3-D6-S,6,1032|1372,0.0390625|0.00390625
19556,205,SIDM00781,Colon,1032|1372,10,L3-D7-S,7,1032|1372,0.009765625|0.0009765625
19556,638,SIDM00781,Colon,1032|1372,10,L3-D1-S,1,1032|1372,10|1
19556,639,SIDM00781,Colon,1032|1372,10,L3-D2-S,2,1032|1372,5|0.5
19556,640,SIDM00781,Colon,1032|1372,10,L3-D3-S,3,1032|1372,2.5|0.25
19556,641,SIDM00781,Colon,1032|1372,10,L3-D4-S,4,1032|1372,0.625|0.0625
19556,642,SIDM00781,Colon,1032|1372,10,L3-D5-S,5,1032|1372,0.15625|0.015625
19556,643,SIDM00781,Colon,1032|1372,10,L3-D6-S,6,1032|1372,0.0390625|0.00390625
19556,644,SIDM00781,Colon,1032|1372,10,L3-D7-S,7,1032|1372,0.009765625|0.0009765625
19556,877,SIDM00781,Colon,1032|1372,10,L1-D1-S,1,1032|1372,10|1
19556,878,SIDM00781,Colon,1032|1372,10,L1-D2-S,2,1032|1372,5|0.5
19556,879,SIDM00781,Colon,1032|1372,10,L1-D3-S,3,1032|1372,2.5|0.25
19556,880,SIDM00781,Colon,1032|1372,10,L1-D4-S,4,1032|1372,0.625|0.0625
19556,881,SIDM00781,Colon,1032|1372,10,L1-D5-S,5,1032|1372,0.15625|0.015625
19556,882,SIDM00781,Colon,1032|1372,10,L1-D6-S,6,1032|1372,0.0390625|0.00390625
19556,883,SIDM00781,Colon,1032|1372,10,L1-D7-S,7,1032|1372,0.009765625|0.0009765625
19672,1303,SIDM00534,Colon,1032|1372,10,L1-D1-S,1,1032|1372,10|1
19672,1304,SIDM00534,Colon,1032|1372,10,L1-D2-S,2,1032|1372,5|0.5
19672,1305,SIDM00534,Colon,1032|1372,10,L1-D3-S,3,1032|1372,2.5|0.25
19672,1306,SIDM00534,Colon,1032|1372,10,L1-D4-S,4,1032|1372,0.625|0.0625
19672,1307,SIDM00534,Colon,1032|1372,10,L1-D5-S,5,1032|1372,0.15625|0.015625
19672,1308,SIDM00534,Colon,1032|1372,10,L1-D6-S,6,1032|1372,0.0390625|0.00390625
19672,1309,SIDM00534,Colon,1032|1372,10,L1-D7-S,7,1032|1372,0.009765625|0.0009765625
19672,199,SIDM00534,Colon,1032|1372,10,L3-D1-S,1,1032|1372,10|1
19672,200,SIDM00534,Colon,1032|1372,10,L3-D2-S,2,1032|1372,5|0.5
19672,201,SIDM00534,Colon,1032|1372,10,L3-D3-S,3,1032|1372,2.5|0.25
19672,202,SIDM00534,Colon,1032|1372,10,L3-D4-S,4,1032|1372,0.625|0.0625
19672,203,SIDM00534,Colon,1032|1372,10,L3-D5-S,5,1032|1372,0.15625|0.015625
19672,204,SIDM00534,Colon,1032|1372,10,L3-D6-S,6,1032|1372,0.0390625|0.00390625
19672,205,SIDM00534,Colon,1032|1372,10,L3-D7-S,7,1032|1372,0.009765625|0.0009765625
19672,638,SIDM00534,Colon,1032|1372,10,L3-D1-S,1,1032|1372,10|1
19672,639,SIDM00534,Colon,1032|1372,10,L3-D2-S,2,1032|1372,5|0.5
19672,640,SIDM00534,Colon,1032|1372,10,L3-D3-S,3,1032|1372,2.5|0.25
19672,641,SIDM00534,Colon,1032|1372,10,L3-D4-S,4,1032|1372,0.625|0.0625
19672,642,SIDM00534,Colon,1032|1372,10,L3-D5-S,5,1032|1372,0.15625|0.015625
19672,643,SIDM00534,Colon,1032|1372,10,L3-D6-S,6,1032|1372,0.0390625|0.00390625
19672,644,SIDM00534,Colon,1032|1372,10,L3-D7-S,7,1032|1372,0.009765625|0.0009765625
19672,877,SIDM00534,Colon,1032|1372,10,L1-D1-S,1,1032|1372,10|1
19672,878,SIDM00534,Colon,1032|1372,10,L1-D2-S,2,1032|1372,5|0.5
19672,879,SIDM00534,Colon,1032|1372,10,L1-D3-S,3,1032|1372,2.5|0.25
19672,880,SIDM00534,Colon,1032|1372,10,L1-D4-S,4,1032|1372,0.625|0.0625
19672,881,SIDM00534,Colon,1032|1372,10,L1-D5-S,5,1032|1372,0.15625|0.015625
19672,882,SIDM00534,Colon,1032|1372,10,L1-D6-S,6,1032|1372,0.0390625|0.00390625
19672,883,SIDM00534,Colon,1032|1372,10,L1-D7-S,7,1032|1372,0.009765625|0.0009765625
19687,1303,SIDM00660,Colon,1032|1372,10,L1-D1-S,1,1032|1372,10|1
19687,1304,SIDM00660,Colon,1032|1372,10,L1-D2-S,2,1032|1372,5|0.5
19687,1305,SIDM00660,Colon,1032|1372,10,L1-D3-S,3,1032|1372,2.5|0.25
19687,1306,SIDM00660,Colon,1032|1372,10,L1-D4-S,4,1032|1372,0.625|0.0625
19687,1307,SIDM00660,Colon,1032|1372,10,L1-D5-S,5,1032|1372,0.15625|0.015625
19687,1308,SIDM00660,Colon,1032|1372,10,L1-D6-S,6,1032|1372,0.0390625|0.00390625
19687,1309,SIDM00660,Colon,1032|1372,10,L1-D7-S,7,1032|1372,0.009765625|0.0009765625
19687,199,SIDM00660,Colon,1032|1372,10,L3-D1-S,1,1032|1372,10|1
19687,200,SIDM00660,Colon,1032|1372,10,L3-D2-S,2,1032|1372,5|0.5
19687,201,SIDM00660,Colon,1032|1372,10,L3-D3-S,3,1032|1372,2.5|0.25
19687,202,SIDM00660,Colon,1032|1372,10,L3-D4-S,4,1032|1372,0.625|0.0625
19687,203,SIDM00660,Colon,1032|1372,10,L3-D5-S,5,1032|1372,0.15625|0.015625
19687,204,SIDM00660,Colon,1032|1372,10,L3-D6-S,6,1032|1372,0.0390625|0.00390625
19687,205,SIDM00660,Colon,1032|1372,10,L3-D7-S,7,1032|1372,0.009765625|0.0009765625
19687,638,SIDM00660,Colon,1032|1372,10,L3-D1-S,1,1032|1372,10|1
19687,639,SIDM00660,Colon,1032|1372,10,L3-D2-S,2,1032|1372,5|0.5
19687,640,SIDM00660,Colon,1032|1372,10,L3-D3-S,3,1032|1372,2.5|0.25
19687,641,SIDM00660,Colon,1032|1372,10,L3-D4-S,4,1032|1372,0.625|0.0625
19687,642,SIDM00660,Colon,1032|1372,10,L3-D5-S,5,1032|1372,0.15625|0.015625
19687,643,SIDM00660,Colon,1032|1372,10,L3-D6-S,6,1032|1372,0.0390625|0.00390625
19687,644,SIDM00660,Colon,1032|1372,10,L3-D7-S,7,1032|1372,0.009765625|0.0009765625
19687,877,SIDM00660,Colon,1032|1372,10,L1-D1-S,1,1032|1372,10|1
19687,878,SIDM00660,Colon,1032|1372,10,L1-D2-S,2,1032|1372,5|0.5
19687,879,SIDM00660,Colon,1032|1372,10,L1-D3-S,3,1032|1372,2.5|0.25
19687,880,SIDM00660,Colon,1032|1372,10,L1-D4-S,4,1032|1372,0.625|0.0625
19687,881,SIDM00660,Colon,1032|1372,10,L1-D5-S,5,1032|1372,0.15625|0.015625
19687,882,SIDM00660,Colon,1032|1372,10,L1-D6-S,6,1032|1372,0.0390625|0.00390625
19687,883,SIDM00660,Colon,1032|1372,10,L1-D7-S,7,1032|1372,0.009765625|0.0009765625
19710,1303,SIDM00193,Colon,1032|1372,10,L1-D1-S,1,1032|1372,10|1
19710,1304,SIDM00193,Colon,1032|1372,10,L1-D2-S,2,1032|1372,5|0.5
19710,1305,SIDM00193,Colon,1032|1372,10,L1-D3-S,3,1032|1372,2.5|0.25
19710,1306,SIDM00193,Colon,1032|1372,10,L1-D4-S,4,1032|1372,0.625|0.0625
19710,1307,SIDM00193,Colon,1032|1372,10,L1-D5-S,5,1032|1372,0.15625|0.015625
19710,1308,SIDM00193,Colon,1032|1372,10,L1-D6-S,6,1032|1372,0.0390625|0.00390625
19710,1309,SIDM00193,Colon,1032|1372,10,L1-D7-S,7,1032|1372,0.009765625|0.0009765625
19710,199,SIDM00193,Colon,1032|1372,10,L3-D1-S,1,1032|1372,10|1
19710,200,SIDM00193,Colon,1032|1372,10,L3-D2-S,2,1032|1372,5|0.5
19710,201,SIDM00193,Colon,1032|1372,10,L3-D3-S,3,1032|1372,2.5|0.25
19710,202,SIDM00193,Colon,1032|1372,10,L3-D4-S,4,1032|1372,0.625|0.0625
19710,203,SIDM00193,Colon,1032|1372,10,L3-D5-S,5,1032|1372,0.15625|0.015625
19710,204,SIDM00193,Colon,1032|1372,10,L3-D6-S,6,1032|1372,0.0390625|0.00390625
19710,205,SIDM00193,Colon,1032|1372,10,L3-D7-S,7,1032|1372,0.009765625|0.0009765625
19710,638,SIDM00193,Colon,1032|1372,10,L3-D1-S,1,1032|1372,10|1
19710,639,SIDM00193,Colon,1032|1372,10,L3-D2-S,2,1032|1372,5|0.5
19710,640,SIDM00193,Colon,1032|1372,10,L3-D3-S,3,1032|1372,2.5|0.25
19710,641,SIDM00193,Colon,1032|1372,10,L3-D4-S,4,1032|1372,0.625|0.0625
19710,642,SIDM00193,Colon,1032|1372,10,L3-D5-S,5,1032|1372,0.15625|0.015625
19710,643,SIDM00193,Colon,1032|1372,10,L3-D6-S,6,1032|1372,0.0390625|0.00390625
19710,644,SIDM00193,Colon,1032|1372,10,L3-D7-S,7,1032|1372,0.009765625|0.0009765625
19710,877,SIDM00193,Colon,1032|1372,10,L1-D1-S,1,1032|1372,10|1
19710,878,SIDM00193,Colon,1032|1372,10,L1-D2-S,2,1032|1372,5|0.5
19710,879,SIDM00193,Colon,1032|1372,10,L1-D3-S,3,1032|1372,2.5|0.25
19710,880,SIDM00193,Colon,1032|1372,10,L1-D4-S,4,1032|1372,0.625|0.0625
19710,881,SIDM00193,Colon,1032|1372,10,L1-D5-S,5,1032|1372,0.15625|0.015625
19710,882,SIDM00193,Colon,1032|1372,10,L1-D6-S,6,1032|1372,0.0390625|0.00390625
19710,883,SIDM00193,Colon,1032|1372,10,L1-D7-S,7,1032|1372,0.009765625|0.0009765625
19727,1303,SIDM00677,Colon,1032|1372,10,L1-D1-S,1,1032|1372,10|1
19727,1304,SIDM00677,Colon,1032|1372,10,L1-D2-S,2,1032|1372,5|0.5
19727,1305,SIDM00677,Colon,1032|1372,10,L1-D3-S,3,1032|1372,2.5|0.25
19727,1306,SIDM00677,Colon,1032|1372,10,L1-D4-S,4,1032|1372,0.625|0.0625
19727,1307,SIDM00677,Colon,1032|1372,10,L1-D5-S,5,1032|1372,0.15625|0.015625
19727,1308,SIDM00677,Colon,1032|1372,10,L1-D6-S,6,1032|1372,0.0390625|0.00390625
19727,1309,SIDM00677,Colon,1032|1372,10,L1-D7-S,7,1032|1372,0.009765625|0.0009765625
19727,199,SIDM00677,Colon,1032|1372,10,L3-D1-S,1,1032|1372,10|1
19727,200,SIDM00677,Colon,1032|1372,10,L3-D2-S,2,1032|1372,5|0.5
19727,201,SIDM00677,Colon,1032|1372,10,L3-D3-S,3,1032|1372,2.5|0.25
19727,202,SIDM00677,Colon,1032|1372,10,L3-D4-S,4,1032|1372,0.625|0.0625
19727,203,SIDM00677,Colon,1032|1372,10,L3-D5-S,5,1032|1372,0.15625|0.015625
19727,204,SIDM00677,Colon,1032|1372,10,L3-D6-S,6,1032|1372,0.0390625|0.00390625
19727,205,SIDM00677,Colon,1032|1372,10,L3-D7-S,7,1032|1372,0.009765625|0.0009765625
19727,638,SIDM00677,Colon,1032|1372,10,L3-D1-S,1,1032|1372,10|1
19727,639,SIDM00677,Colon,1032|1372,10,L3-D2-S,2,1032|1372,5|0.5
19727,640,SIDM00677,Colon,1032|1372,10,L3-D3-S,3,1032|1372,2.5|0.25
19727,641,SIDM00677,Colon,1032|1372,10,L3-D4-S,4,1032|1372,0.625|0.0625
19727,642,SIDM00677,Colon,1032|1372,10,L3-D5-S,5,1032|1372,0.15625|0.015625
19727,643,SIDM00677,Colon,1032|1372,10,L3-D6-S,6,1032|1372,0.0390625|0.00390625
19727,644,SIDM00677,Colon,1032|1372,10,L3-D7-S,7,1032|1372,0.009765625|0.0009765625
19727,877,SIDM00677,Colon,1032|1372,10,L1-D1-S,1,1032|1372,10|1
19727,878,SIDM00677,Colon,1032|1372,10,L1-D2-S,2,1032|1372,5|0.5
19727,879,SIDM00677,Colon,1032|1372,10,L1-D3-S,3,1032|1372,2.5|0.25
19727,880,SIDM00677,Colon,1032|1372,10,L1-D4-S,4,1032|1372,0.625|0.0625
19727,881,SIDM00677,Colon,1032|1372,10,L1-D5-S,5,1032|1372,0.15625|0.015625
19727,882,SIDM00677,Colon,1032|1372,10,L1-D6-S,6,1032|1372,0.0390625|0.00390625
19727,883,SIDM00677,Colon,1032|1372,10,L1-D7-S,7,1032|1372,0.009765625|0.0009765625
20295,1303,SIDM01197,Colon,1032|1372,10,L1-D1-S,1,1032|1372,10|1
20295,1304,SIDM01197,Colon,1032|1372,10,L1-D2-S,2,1032|1372,5|0.5
20295,1305,SIDM01197,Colon,1032|1372,10,L1-D3-S,3,1032|1372,2.5|0.25
20295,1306,SIDM01197,Colon,1032|1372,10,L1-D4-S,4,1032|1372,0.625|0.0625
20295,1307,SIDM01197,Colon,1032|1372,10,L1-D5-S,5,1032|1372,0.15625|0.015625
20295,1308,SIDM01197,Colon,1032|1372,10,L1-D6-S,6,1032|1372,0.0390625|0.00390625
20295,1309,SIDM01197,Colon,1032|1372,10,L1-D7-S,7,1032|1372,0.009765625|0.0009765625
20295,199,SIDM01197,Colon,1032|1372,10,L3-D1-S,1,1032|1372,10|1
20295,200,SIDM01197,Colon,1032|1372,10,L3-D2-S,2,1032|1372,5|0.5
20295,201,SIDM01197,Colon,1032|1372,10,L3-D3-S,3,1032|1372,2.5|0.25
20295,202,SIDM01197,Colon,1032|1372,10,L3-D4-S,4,1032|1372,0.625|0.0625
20295,203,SIDM01197,Colon,1032|1372,10,L3-D5-S,5,1032|1372,0.15625|0.015625
20295,204,SIDM01197,Colon,1032|1372,10,L3-D6-S,6,1032|1372,0.0390625|0.00390625
20295,205,SIDM01197,Colon,1032|1372,10,L3-D7-S,7,1032|1372,0.009765625|0.0009765625
20295,638,SIDM01197,Colon,1032|1372,10,L3-D1-S,1,1032|1372,10|1
20295,639,SIDM01197,Colon,1032|1372,10,L3-D2-S,2,1032|1372,5|0.5
20295,640,SIDM01197,Colon,1032|1372,10,L3-D3-S,3,1032|1372,2.5|0.25
20295,641,SIDM01197,Colon,1032|1372,10,L3-D4-S,4,1032|1372,0.625|0.0625
20295,642,SIDM01197,Colon,1032|1372,10,L3-D5-S,5,1032|1372,0.15625|0.015625
20295,643,SIDM01197,Colon,1032|1372,10,L3-D6-S,6,1032|1372,0.0390625|0.00390625
20295,644,SIDM01197,Colon,1032|1372,10,L3-D7-S,7,1032|1372,0.009765625|0.0009765625
20295,877,SIDM01197,Colon,1032|1372,10,L1-D1-S,1,1032|1372,10|1
20295,878,SIDM01197,Colon,1032|1372,10,L1-D2-S,2,1032|1372,5|0.5
20295,879,SIDM01197,Colon,1032|1372,10,L1-D3-S,3,1032|1372,2.5|0.25
20295,880,SIDM01197,Colon,1032|1372,10,L1-D4-S,4,1032|1372,0.625|0.0625
20295,881,SIDM01197,Colon,1032|1372,10,L1-D5-S,5,1032|1372,0.15625|0.015625
20295,882,SIDM01197,Colon,1032|1372,10,L1-D6-S,6,1032|1372,0.0390625|0.00390625
20295,883,SIDM01197,Colon,1032|1372,10,L1-D7-S,7,1032|1372,0.009765625|0.0009765625
20303,1303,SIDM00681,Colon,1032|1372,10,L1-D1-S,1,1032|1372,10|1
20303,1304,SIDM00681,Colon,1032|1372,10,L1-D2-S,2,1032|1372,5|0.5
20303,1305,SIDM00681,Colon,1032|1372,10,L1-D3-S,3,1032|1372,2.5|0.25
20303,1306,SIDM00681,Colon,1032|1372,10,L1-D4-S,4,1032|1372,0.625|0.0625
20303,1307,SIDM00681,Colon,1032|1372,10,L1-D5-S,5,1032|1372,0.15625|0.015625
20303,1308,SIDM00681,Colon,1032|1372,10,L1-D6-S,6,1032|1372,0.0390625|0.00390625
20303,1309,SIDM00681,Colon,1032|1372,10,L1-D7-S,7,1032|1372,0.009765625|0.0009765625
20303,199,SIDM00681,Colon,1032|1372,10,L3-D1-S,1,1032|1372,10|1
20303,200,SIDM00681,Colon,1032|1372,10,L3-D2-S,2,1032|1372,5|0.5
20303,201,SIDM00681,Colon,1032|1372,10,L3-D3-S,3,1032|1372,2.5|0.25
20303,202,SIDM00681,Colon,1032|1372,10,L3-D4-S,4,1032|1372,0.625|0.0625
20303,203,SIDM00681,Colon,1032|1372,10,L3-D5-S,5,1032|1372,0.15625|0.015625
20303,204,SIDM00681,Colon,1032|1372,10,L3-D6-S,6,1032|1372,0.0390625|0.00390625
20303,205,SIDM00681,Colon,1032|1372,10,L3-D7-S,7,1032|1372,0.009765625|0.0009765625
20303,638,SIDM00681,Colon,1032|1372,10,L3-D1-S,1,1032|1372,10|1
20303,639,SIDM00681,Colon,1032|1372,10,L3-D2-S,2,1032|1372,5|0.5
20303,640,SIDM00681,Colon,1032|1372,10,L3-D3-S,3,1032|1372,2.5|0.25
20303,641,SIDM00681,Colon,1032|1372,10,L3-D4-S,4,1032|1372,0.625|0.0625
20303,642,SIDM00681,Colon,1032|1372,10,L3-D5-S,5,1032|1372,0.15625|0.015625
20303,643,SIDM00681,Colon,1032|1372,10,L3-D6-S,6,1032|1372,0.0390625|0.00390625
20303,644,SIDM00681,Colon,1032|1372,10,L3-D7-S,7,1032|1372,0.009765625|0.0009765625
20303,877,SIDM00681,Colon,1032|1372,10,L1-D1-S,1,1032|1372,10|1
20303,878,SIDM00681,Colon,1032|1372,10,L1-D2-S,2,1032|1372,5|0.5
20303,879,SIDM00681,Colon,1032|1372,10,L1-D3-S,3,1032|1372,2.5|0.25
20303,880,SIDM00681,Colon,1032|1372,10,L1-D4-S,4,1032|1372,0.625|0.0625
20303,881,SIDM00681,Colon,1032|1372,10,L1-D5-S,5,1032|1372,0.15625|0.015625
20303,882,SIDM00681,Colon,1032|1372,10,L1-D6-S,6,1032|1372,0.0390625|0.00390625
20303,883,SIDM00681,Colon,1032|1372,10,L1-D7-S,7,1032|1372,0.009765625|0.0009765625
20609,1303,SIDM00118,Colon,1032|1372,10,L1-D1-S,1,1032|1372,10|1
20609,1304,SIDM00118,Colon,1032|1372,10,L1-D2-S,2,1032|1372,5|0.5
20609,1305,SIDM00118,Colon,1032|1372,10,L1-D3-S,3,1032|1372,2.5|0.25
20609,1306,SIDM00118,Colon,1032|1372,10,L1-D4-S,4,1032|1372,0.625|0.0625
20609,1307,SIDM00118,Colon,1032|1372,10,L1-D5-S,5,1032|1372,0.15625|0.015625
20609,1308,SIDM00118,Colon,1032|1372,10,L1-D6-S,6,1032|1372,0.0390625|0.00390625
20609,1309,SIDM00118,Colon,1032|1372,10,L1-D7-S,7,1032|1372,0.009765625|0.0009765625
20609,199,SIDM00118,Colon,1032|1372,10,L3-D1-S,1,1032|1372,10|1
20609,200,SIDM00118,Colon,1032|1372,10,L3-D2-S,2,1032|1372,5|0.5
20609,201,SIDM00118,Colon,1032|1372,10,L3-D3-S,3,1032|1372,2.5|0.25
20609,202,SIDM00118,Colon,1032|1372,10,L3-D4-S,4,1032|1372,0.625|0.0625
20609,203,SIDM00118,Colon,1032|1372,10,L3-D5-S,5,1032|1372,0.15625|0.015625
20609,204,SIDM00118,Colon,1032|1372,10,L3-D6-S,6,1032|1372,0.0390625|0.00390625
20609,205,SIDM00118,Colon,1032|1372,10,L3-D7-S,7,1032|1372,0.009765625|0.0009765625
20609,638,SIDM00118,Colon,1032|1372,10,L3-D1-S,1,1032|1372,10|1
20609,639,SIDM00118,Colon,1032|1372,10,L3-D2-S,2,1032|1372,5|0.5
20609,640,SIDM00118,Colon,1032|1372,10,L3-D3-S,3,1032|1372,2.5|0.25
20609,641,SIDM00118,Colon,1032|1372,10,L3-D4-S,4,1032|1372,0.625|0.0625
20609,642,SIDM00118,Colon,1032|1372,10,L3-D5-S,5,1032|1372,0.15625|0.015625
20609,643,SIDM00118,Colon,1032|1372,10,L3-D6-S,6,1032|1372,0.0390625|0.00390625
20609,644,SIDM00118,Colon,1032|1372,10,L3-D7-S,7,1032|1372,0.009765625|0.0009765625
20609,877,SIDM00118,Colon,1032|1372,10,L1-D1-S,1,1032|1372,10|1
20609,878,SIDM00118,Colon,1032|1372,10,L1-D2-S,2,1032|1372,5|0.5
20609,879,SIDM00118,Colon,1032|1372,10,L1-D3-S,3,1032|1372,2.5|0.25
20609,880,SIDM00118,Colon,1032|1372,10,L1-D4-S,4,1032|1372,0.625|0.0625
20609,881,SIDM00118,Colon,1032|1372,10,L1-D5-S,5,1032|1372,0.15625|0.015625
20609,882,SIDM00118,Colon,1032|1372,10,L1-D6-S,6,1032|1372,0.0390625|0.00390625
20609,883,SIDM00118,Colon,1032|1372,10,L1-D7-S,7,1032|1372,0.009765625|0.0009765625
20639,1303,SIDM00779,Colon,1032|1372,10,L1-D1-S,1,1032|1372,10|1
20639,1304,SIDM00779,Colon,1032|1372,10,L1-D2-S,2,1032|1372,5|0.5
20639,1305,SIDM00779,Colon,1032|1372,10,L1-D3-S,3,1032|1372,2.5|0.25
20639,1306,SIDM00779,Colon,1032|1372,10,L1-D4-S,4,1032|1372,0.625|0.0625
20639,1307,SIDM00779,Colon,1032|1372,10,L1-D5-S,5,1032|1372,0.15625|0.015625
20639,1308,SIDM00779,Colon,1032|1372,10,L1-D6-S,6,1032|1372,0.0390625|0.00390625
20639,1309,SIDM00779,Colon,1032|1372,10,L1-D7-S,7,1032|1372,0.009765625|0.0009765625
20639,199,SIDM00779,Colon,1032|1372,10,L3-D1-S,1,1032|1372,10|1
20639,200,SIDM00779,Colon,1032|1372,10,L3-D2-S,2,1032|1372,5|0.5
20639,201,SIDM00779,Colon,1032|1372,10,L3-D3-S,3,1032|1372,2.5|0.25
20639,202,SIDM00779,Colon,1032|1372,10,L3-D4-S,4,1032|1372,0.625|0.0625
20639,203,SIDM00779,Colon,1032|1372,10,L3-D5-S,5,1032|1372,0.15625|0.015625
20639,204,SIDM00779,Colon,1032|1372,10,L3-D6-S,6,1032|1372,0.0390625|0.00390625
20639,205,SIDM00779,Colon,1032|1372,10,L3-D7-S,7,1032|1372,0.009765625|0.0009765625
20639,638,SIDM00779,Colon,1032|1372,10,L3-D1-S,1,1032|1372,10|1
20639,639,SIDM00779,Colon,1032|1372,10,L3-D2-S,2,1032|1372,5|0.5
20639,640,SIDM00779,Colon,1032|1372,10,L3-D3-S,3,1032|1372,2.5|0.25
20639,641,SIDM00779,Colon,1032|1372,10,L3-D4-S,4,1032|1372,0.625|0.0625
20639,642,SIDM00779,Colon,1032|1372,10,L3-D5-S,5,1032|1372,0.15625|0.015625
20639,643,SIDM00779,Colon,1032|1372,10,L3-D6-S,6,1032|1372,0.0390625|0.00390625
20639,644,SIDM00779,Colon,1032|1372,10,L3-D7-S,7,1032|1372,0.009765625|0.0009765625
20639,877,SIDM00779,Colon,1032|1372,10,L1-D1-S,1,1032|1372,10|1
20639,878,SIDM00779,Colon,1032|1372,10,L1-D2-S,2,1032|1372,5|0.5
20639,879,SIDM00779,Colon,1032|1372,10,L1-D3-S,3,1032|1372,2.5|0.25
20639,880,SIDM00779,Colon,1032|1372,10,L1-D4-S,4,1032|1372,0.625|0.0625
20639,881,SIDM00779,Colon,1032|1372,10,L1-D5-S,5,1032|1372,0.15625|0.015625
20639,882,SIDM00779,Colon,1032|1372,10,L1-D6-S,6,1032|1372,0.0390625|0.00390625
20639,883,SIDM00779,Colon,1032|1372,10,L1-D7-S,7,1032|1372,0.009765625|0.0009765625
20647,1303,SIDM00359,Colon,1032|1372,10,L1-D1-S,1,1032|1372,10|1
20647,1304,SIDM00359,Colon,1032|1372,10,L1-D2-S,2,1032|1372,5|0.5
20647,1305,SIDM00359,Colon,1032|1372,10,L1-D3-S,3,1032|1372,2.5|0.25
20647,1306,SIDM00359,Colon,1032|1372,10,L1-D4-S,4,1032|1372,0.625|0.0625
20647,1307,SIDM00359,Colon,1032|1372,10,L1-D5-S,5,1032|1372,0.15625|0.015625
20647,1308,SIDM00359,Colon,1032|1372,10,L1-D6-S,6,1032|1372,0.0390625|0.00390625
20647,1309,SIDM00359,Colon,1032|1372,10,L1-D7-S,7,1032|1372,0.009765625|0.0009765625
20647,199,SIDM00359,Colon,1032|1372,10,L3-D1-S,1,1032|1372,10|1
20647,200,SIDM00359,Colon,1032|1372,10,L3-D2-S,2,1032|1372,5|0.5
20647,201,SIDM00359,Colon,1032|1372,10,L3-D3-S,3,1032|1372,2.5|0.25
20647,202,SIDM00359,Colon,1032|1372,10,L3-D4-S,4,1032|1372,0.625|0.0625
20647,203,SIDM00359,Colon,1032|1372,10,L3-D5-S,5,1032|1372,0.15625|0.015625
20647,204,SIDM00359,Colon,1032|1372,10,L3-D6-S,6,1032|1372,0.0390625|0.00390625
20647,205,SIDM00359,Colon,1032|1372,10,L3-D7-S,7,1032|1372,0.009765625|0.0009765625
20647,638,SIDM00359,Colon,1032|1372,10,L3-D1-S,1,1032|1372,10|1
20647,639,SIDM00359,Colon,1032|1372,10,L3-D2-S,2,1032|1372,5|0.5
20647,640,SIDM00359,Colon,1032|1372,10,L3-D3-S,3,1032|1372,2.5|0.25
20647,641,SIDM00359,Colon,1032|1372,10,L3-D4-S,4,1032|1372,0.625|0.0625
20647,642,SIDM00359,Colon,1032|1372,10,L3-D5-S,5,1032|1372,0.15625|0.015625
20647,643,SIDM00359,Colon,1032|1372,10,L3-D6-S,6,1032|1372,0.0390625|0.00390625
20647,644,SIDM00359,Colon,1032|1372,10,L3-D7-S,7,1032|1372,0.009765625|0.0009765625
20647,877,SIDM00359,Colon,1032|1372,10,L1-D1-S,1,1032|1372,10|1
20647,878,SIDM00359,Colon,1032|1372,10,L1-D2-S,2,1032|1372,5|0.5
20647,879,SIDM00359,Colon,1032|1372,10,L1-D3-S,3,1032|1372,2.5|0.25
20647,880,SIDM00359,Colon,1032|1372,10,L1-D4-S,4,1032|1372,0.625|0.0625
20647,881,SIDM00359,Colon,1032|1372,10,L1-D5-S,5,1032|1372,0.15625|0.015625
20647,882,SIDM00359,Colon,1032|1372,10,L1-D6-S,6,1032|1372,0.0390625|0.00390625
20647,883,SIDM00359,Colon,1032|1372,10,L1-D7-S,7,1032|1372,0.009765625|0.0009765625
20656,1303,SIDM00498,Colon,1032|1372,10,L1-D1-S,1,1032|1372,10|1
20656,1304,SIDM00498,Colon,1032|1372,10,L1-D2-S,2,1032|1372,5|0.5
20656,1305,SIDM00498,Colon,1032|1372,10,L1-D3-S,3,1032|1372,2.5|0.25
20656,1306,SIDM00498,Colon,1032|1372,10,L1-D4-S,4,1032|1372,0.625|0.0625
20656,1307,SIDM00498,Colon,1032|1372,10,L1-D5-S,5,1032|1372,0.15625|0.015625
20656,1308,SIDM00498,Colon,1032|1372,10,L1-D6-S,6,1032|1372,0.0390625|0.00390625
20656,1309,SIDM00498,Colon,1032|1372,10,L1-D7-S,7,1032|1372,0.009765625|0.0009765625
20656,199,SIDM00498,Colon,1032|1372,10,L3-D1-S,1,1032|1372,10|1
20656,200,SIDM00498,Colon,1032|1372,10,L3-D2-S,2,1032|1372,5|0.5
20656,201,SIDM00498,Colon,1032|1372,10,L3-D3-S,3,1032|1372,2.5|0.25
20656,202,SIDM00498,Colon,1032|1372,10,L3-D4-S,4,1032|1372,0.625|0.0625
20656,203,SIDM00498,Colon,1032|1372,10,L3-D5-S,5,1032|1372,0.15625|0.015625
20656,204,SIDM00498,Colon,1032|1372,10,L3-D6-S,6,1032|1372,0.0390625|0.00390625
20656,205,SIDM00498,Colon,1032|1372,10,L3-D7-S,7,1032|1372,0.009765625|0.0009765625
20656,638,SIDM00498,Colon,1032|1372,10,L3-D1-S,1,1032|1372,10|1
20656,639,SIDM00498,Colon,1032|1372,10,L3-D2-S,2,1032|1372,5|0.5
20656,640,SIDM00498,Colon,1032|1372,10,L3-D3-S,3,1032|1372,2.5|0.25
20656,641,SIDM00498,Colon,1032|1372,10,L3-D4-S,4,1032|1372,0.625|0.0625
20656,642,SIDM00498,Colon,1032|1372,10,L3-D5-S,5,1032|1372,0.15625|0.015625
20656,643,SIDM00498,Colon,1032|1372,10,L3-D6-S,6,1032|1372,0.0390625|0.00390625
20656,644,SIDM00498,Colon,1032|1372,10,L3-D7-S,7,1032|1372,0.009765625|0.0009765625
20656,877,SIDM00498,Colon,1032|1372,10,L1-D1-S,1,1032|1372,10|1
20656,878,SIDM00498,Colon,1032|1372,10,L1-D2-S,2,1032|1372,5|0.5
20656,879,SIDM00498,Colon,1032|1372,10,L1-D3-S,3,1032|1372,2.5|0.25
20656,880,SIDM00498,Colon,1032|1372,10,L1-D4-S,4,1032|1372,0.625|0.0625
20656,881,SIDM00498,Colon,1032|1372,10,L1-D5-S,5,1032|1372,0.15625|0.015625
20656,882,SIDM00498,Colon,1032|1372,10,L1-D6-S,6,1032|1372,0.0390625|0.00390625
20656,883,SIDM00498,Colon,1032|1372,10,L1-D7-S,7,1032|1372,0.009765625|0.0009765625
21006,1303,SIDM00812,Colon,1032|1372,10,L1-D1-S,1,1032|1372,10|1
21006,1304,SIDM00812,Colon,1032|1372,10,L1-D2-S,2,1032|1372,5|0.5
21006,1305,SIDM00812,Colon,1032|1372,10,L1-D3-S,3,1032|1372,2.5|0.25
21006,1306,SIDM00812,Colon,1032|1372,10,L1-D4-S,4,1032|1372,0.625|0.0625
21006,1307,SIDM00812,Colon,1032|1372,10,L1-D5-S,5,1032|1372,0.15625|0.015625
21006,1308,SIDM00812,Colon,1032|1372,10,L1-D6-S,6,1032|1372,0.0390625|0.00390625
21006,1309,SIDM00812,Colon,1032|1372,10,L1-D7-S,7,1032|1372,0.009765625|0.0009765625
21006,199,SIDM00812,Colon,1032|1372,10,L3-D1-S,1,1032|1372,10|1
21006,200,SIDM00812,Colon,1032|1372,10,L3-D2-S,2,1032|1372,5|0.5
21006,201,SIDM00812,Colon,1032|1372,10,L3-D3-S,3,1032|1372,2.5|0.25
21006,202,SIDM00812,Colon,1032|1372,10,L3-D4-S,4,1032|1372,0.625|0.0625
21006,203,SIDM00812,Colon,1032|1372,10,L3-D5-S,5,1032|1372,0.15625|0.015625
21006,204,SIDM00812,Colon,1032|1372,10,L3-D6-S,6,1032|1372,0.0390625|0.00390625
21006,205,SIDM00812,Colon,1032|1372,10,L3-D7-S,7,1032|1372,0.009765625|0.0009765625
21006,638,SIDM00812,Colon,1032|1372,10,L3-D1-S,1,1032|1372,10|1
21006,639,SIDM00812,Colon,1032|1372,10,L3-D2-S,2,1032|1372,5|0.5
21006,640,SIDM00812,Colon,1032|1372,10,L3-D3-S,3,1032|1372,2.5|0.25
21006,641,SIDM00812,Colon,1032|1372,10,L3-D4-S,4,1032|1372,0.625|0.0625
21006,642,SIDM00812,Colon,1032|1372,10,L3-D5-S,5,1032|1372,0.15625|0.015625
21006,643,SIDM00812,Colon,1032|1372,10,L3-D6-S,6,1032|1372,0.0390625|0.00390625
21006,644,SIDM00812,Colon,1032|1372,10,L3-D7-S,7,1032|1372,0.009765625|0.0009765625
21006,877,SIDM00812,Colon,1032|1372,10,L1-D1-S,1,1032|1372,10|1
21006,878,SIDM00812,Colon,1032|1372,10,L1-D2-S,2,1032|1372,5|0.5
21006,879,SIDM00812,Colon,1032|1372,10,L1-D3-S,3,1032|1372,2.5|0.25
21006,880,SIDM00812,Colon,1032|1372,10,L1-D4-S,4,1032|1372,0.625|0.0625
21006,881,SIDM00812,Colon,1032|1372,10,L1-D5-S,5,1032|1372,0.15625|0.015625
21006,882,SIDM00812,Colon,1032|1372,10,L1-D6-S,6,1032|1372,0.0390625|0.00390625
21006,883,SIDM00812,Colon,1032|1372,10,L1-D7-S,7,1032|1372,0.009765625|0.0009765625
21009,1303,SIDM00833,Colon,1032|1372,10,L1-D1-S,1,1032|1372,10|1
21009,1304,SIDM00833,Colon,1032|1372,10,L1-D2-S,2,1032|1372,5|0.5
21009,1305,SIDM00833,Colon,1032|1372,10,L1-D3-S,3,1032|1372,2.5|0.25
21009,1306,SIDM00833,Colon,1032|1372,10,L1-D4-S,4,1032|1372,0.625|0.0625
21009,1307,SIDM00833,Colon,1032|1372,10,L1-D5-S,5,1032|1372,0.15625|0.015625
21009,1308,SIDM00833,Colon,1032|1372,10,L1-D6-S,6,1032|1372,0.0390625|0.00390625
21009,1309,SIDM00833,Colon,1032|1372,10,L1-D7-S,7,1032|1372,0.009765625|0.0009765625
21009,199,SIDM00833,Colon,1032|1372,10,L3-D1-S,1,1032|1372,10|1
21009,200,SIDM00833,Colon,1032|1372,10,L3-D2-S,2,1032|1372,5|0.5
21009,201,SIDM00833,Colon,1032|1372,10,L3-D3-S,3,1032|1372,2.5|0.25
21009,202,SIDM00833,Colon,1032|1372,10,L3-D4-S,4,1032|1372,0.625|0.0625
21009,203,SIDM00833,Colon,1032|1372,10,L3-D5-S,5,1032|1372,0.15625|0.015625
21009,204,SIDM00833,Colon,1032|1372,10,L3-D6-S,6,1032|1372,0.0390625|0.00390625
21009,205,SIDM00833,Colon,1032|1372,10,L3-D7-S,7,1032|1372,0.009765625|0.0009765625
21009,638,SIDM00833,Colon,1032|1372,10,L3-D1-S,1,1032|1372,10|1
21009,639,SIDM00833,Colon,1032|1372,10,L3-D2-S,2,1032|1372,5|0.5
21009,640,SIDM00833,Colon,1032|1372,10,L3-D3-S,3,1032|1372,2.5|0.25
21009,641,SIDM00833,Colon,1032|1372,10,L3-D4-S,4,1032|1372,0.625|0.0625
21009,642,SIDM00833,Colon,1032|1372,10,L3-D5-S,5,1032|1372,0.15625|0.015625
21009,643,SIDM00833,Colon,1032|1372,10,L3-D6-S,6,1032|1372,0.0390625|0.00390625
21009,644,SIDM00833,Colon,1032|1372,10,L3-D7-S,7,1032|1372,0.009765625|0.0009765625
21009,877,SIDM00833,Colon,1032|1372,10,L1-D1-S,1,1032|1372,10|1
21009,878,SIDM00833,Colon,1032|1372,10,L1-D2-S,2,1032|1372,5|0.5
21009,879,SIDM00833,Colon,1032|1372,10,L1-D3-S,3,1032|1372,2.5|0.25
21009,880,SIDM00833,Colon,1032|1372,10,L1-D4-S,4,1032|1372,0.625|0.0625
21009,881,SIDM00833,Colon,1032|1372,10,L1-D5-S,5,1032|1372,0.15625|0.015625
21009,882,SIDM00833,Colon,1032|1372,10,L1-D6-S,6,1032|1372,0.0390625|0.00390625
21009,883,SIDM00833,Colon,1032|1372,10,L1-D7-S,7,1032|1372,0.009765625|0.0009765625
21244,1303,SIDM00778,Colon,1032|1372,10,L1-D1-S,1,1032|1372,10|1
21244,1304,SIDM00778,Colon,1032|1372,10,L1-D2-S,2,1032|1372,5|0.5
21244,1305,SIDM00778,Colon,1032|1372,10,L1-D3-S,3,1032|1372,2.5|0.25
21244,1306,SIDM00778,Colon,1032|1372,10,L1-D4-S,4,1032|1372,0.625|0.0625
21244,1307,SIDM00778,Colon,1032|1372,10,L1-D5-S,5,1032|1372,0.15625|0.015625
21244,1308,SIDM00778,Colon,1032|1372,10,L1-D6-S,6,1032|1372,0.0390625|0.00390625
21244,1309,SIDM00778,Colon,1032|1372,10,L1-D7-S,7,1032|1372,0.009765625|0.0009765625
21244,199,SIDM00778,Colon,1032|1372,10,L3-D1-S,1,1032|1372,10|1
21244,200,SIDM00778,Colon,1032|1372,10,L3-D2-S,2,1032|1372,5|0.5
21244,201,SIDM00778,Colon,1032|1372,10,L3-D3-S,3,1032|1372,2.5|0.25
21244,202,SIDM00778,Colon,1032|1372,10,L3-D4-S,4,1032|1372,0.625|0.0625
21244,203,SIDM00778,Colon,1032|1372,10,L3-D5-S,5,1032|1372,0.15625|0.015625
21244,204,SIDM00778,Colon,1032|1372,10,L3-D6-S,6,1032|1372,0.0390625|0.00390625
21244,205,SIDM00778,Colon,1032|1372,10,L3-D7-S,7,1032|1372,0.009765625|0.0009765625
21244,638,SIDM00778,Colon,1032|1372,10,L3-D1-S,1,1032|1372,10|1
21244,639,SIDM00778,Colon,1032|1372,10,L3-D2-S,2,1032|1372,5|0.5
21244,640,SIDM00778,Colon,1032|1372,10,L3-D3-S,3,1032|1372,2.5|0.25
21244,641,SIDM00778,Colon,1032|1372,10,L3-D4-S,4,1032|1372,0.625|0.0625
21244,642,SIDM00778,Colon,1032|1372,10,L3-D5-S,5,1032|1372,0.15625|0.015625
21244,643,SIDM00778,Colon,1032|1372,10,L3-D6-S,6,1032|1372,0.0390625|0.00390625
21244,644,SIDM00778,Colon,1032|1372,10,L3-D7-S,7,1032|1372,0.009765625|0.0009765625
21244,877,SIDM00778,Colon,1032|1372,10,L1-D1-S,1,1032|1372,10|1
21244,878,SIDM00778,Colon,1032|1372,10,L1-D2-S,2,1032|1372,5|0.5
21244,879,SIDM00778,Colon,1032|1372,10,L1-D3-S,3,1032|1372,2.5|0.25
21244,880,SIDM00778,Colon,1032|1372,10,L1-D4-S,4,1032|1372,0.625|0.0625
21244,881,SIDM00778,Colon,1032|1372,10,L1-D5-S,5,1032|1372,0.15625|0.015625
21244,882,SIDM00778,Colon,1032|1372,10,L1-D6-S,6,1032|1372,0.0390625|0.00390625
21244,883,SIDM00778,Colon,1032|1372,10,L1-D7-S,7,1032|1372,0.009765625|0.0009765625
21251,1303,SIDM00834,Colon,1032|1372,10,L1-D1-S,1,1032|1372,10|1
21251,1304,SIDM00834,Colon,1032|1372,10,L1-D2-S,2,1032|1372,5|0.5
21251,1305,SIDM00834,Colon,1032|1372,10,L1-D3-S,3,1032|1372,2.5|0.25
21251,1306,SIDM00834,Colon,1032|1372,10,L1-D4-S,4,1032|1372,0.625|0.0625
21251,1307,SIDM00834,Colon,1032|1372,10,L1-D5-S,5,1032|1372,0.15625|0.015625
21251,1308,SIDM00834,Colon,1032|1372,10,L1-D6-S,6,1032|1372,0.0390625|0.00390625
21251,1309,SIDM00834,Colon,1032|1372,10,L1-D7-S,7,1032|1372,0.009765625|0.0009765625
21251,199,SIDM00834,Colon,1032|1372,10,L3-D1-S,1,1032|1372,10|1
21251,200,SIDM00834,Colon,1032|1372,10,L3-D2-S,2,1032|1372,5|0.5
21251,201,SIDM00834,Colon,1032|1372,10,L3-D3-S,3,1032|1372,2.5|0.25
21251,202,SIDM00834,Colon,1032|1372,10,L3-D4-S,4,1032|1372,0.625|0.0625
21251,203,SIDM00834,Colon,1032|1372,10,L3-D5-S,5,1032|1372,0.15625|0.015625
21251,204,SIDM00834,Colon,1032|1372,10,L3-D6-S,6,1032|1372,0.0390625|0.00390625
21251,205,SIDM00834,Colon,1032|1372,10,L3-D7-S,7,1032|1372,0.009765625|0.0009765625
21251,638,SIDM00834,Colon,1032|1372,10,L3-D1-S,1,1032|1372,10|1
21251,639,SIDM00834,Colon,1032|1372,10,L3-D2-S,2,1032|1372,5|0.5
21251,640,SIDM00834,Colon,1032|1372,10,L3-D3-S,3,1032|1372,2.5|0.25
21251,641,SIDM00834,Colon,1032|1372,10,L3-D4-S,4,1032|1372,0.625|0.0625
21251,642,SIDM00834,Colon,1032|1372,10,L3-D5-S,5,1032|1372,0.15625|0.015625
21251,643,SIDM00834,Colon,1032|1372,10,L3-D6-S,6,1032|1372,0.0390625|0.00390625
21251,644,SIDM00834,Colon,1032|1372,10,L3-D7-S,7,1032|1372,0.009765625|0.0009765625
21251,877,SIDM00834,Colon,1032|1372,10,L1-D1-S,1,1032|1372,10|1
21251,878,SIDM00834,Colon,1032|1372,10,L1-D2-S,2,1032|1372,5|0.5
21251,879,SIDM00834,Colon,1032|1372,10,L1-D3-S,3,1032|1372,2.5|0.25
21251,880,SIDM00834,Colon,1032|1372,10,L1-D4-S,4,1032|1372,0.625|0.0625
21251,881,SIDM00834,Colon,1032|1372,10,L1-D5-S,5,1032|1372,0.15625|0.015625
21251,882,SIDM00834,Colon,1032|1372,10,L1-D6-S,6,1032|1372,0.0390625|0.00390625
21251,883,SIDM00834,Colon,1032|1372,10,L1-D7-S,7,1032|1372,0.009765625|0.0009765625
21272,1303,SIDM00832,Colon,1032|1372,10,L1-D1-S,1,1032|1372,10|1
21272,1304,SIDM00832,Colon,1032|1372,10,L1-D2-S,2,1032|1372,5|0.5
21272,1305,SIDM00832,Colon,1032|1372,10,L1-D3-S,3,1032|1372,2.5|0.25
21272,1306,SIDM00832,Colon,1032|1372,10,L1-D4-S,4,1032|1372,0.625|0.0625
21272,1307,SIDM00832,Colon,1032|1372,10,L1-D5-S,5,1032|1372,0.15625|0.015625
21272,1308,SIDM00832,Colon,1032|1372,10,L1-D6-S,6,1032|1372,0.0390625|0.00390625
21272,1309,SIDM00832,Colon,1032|1372,10,L1-D7-S,7,1032|1372,0.009765625|0.0009765625
21272,199,SIDM00832,Colon,1032|1372,10,L3-D1-S,1,1032|1372,10|1
21272,200,SIDM00832,Colon,1032|1372,10,L3-D2-S,2,1032|1372,5|0.5
21272,201,SIDM00832,Colon,1032|1372,10,L3-D3-S,3,1032|1372,2.5|0.25
21272,202,SIDM00832,Colon,1032|1372,10,L3-D4-S,4,1032|1372,0.625|0.0625
21272,203,SIDM00832,Colon,1032|1372,10,L3-D5-S,5,1032|1372,0.15625|0.015625
21272,204,SIDM00832,Colon,1032|1372,10,L3-D6-S,6,1032|1372,0.0390625|0.00390625
21272,205,SIDM00832,Colon,1032|1372,10,L3-D7-S,7,1032|1372,0.009765625|0.0009765625
21272,638,SIDM00832,Colon,1032|1372,10,L3-D1-S,1,1032|1372,10|1
21272,639,SIDM00832,Colon,1032|1372,10,L3-D2-S,2,1032|1372,5|0.5
21272,640,SIDM00832,Colon,1032|1372,10,L3-D3-S,3,1032|1372,2.5|0.25
21272,641,SIDM00832,Colon,1032|1372,10,L3-D4-S,4,1032|1372,0.625|0.0625
21272,642,SIDM00832,Colon,1032|1372,10,L3-D5-S,5,1032|1372,0.15625|0.015625
21272,643,SIDM00832,Colon,1032|1372,10,L3-D6-S,6,1032|1372,0.0390625|0.00390625
21272,644,SIDM00832,Colon,1032|1372,10,L3-D7-S,7,1032|1372,0.009765625|0.0009765625
21272,877,SIDM00832,Colon,1032|1372,10,L1-D1-S,1,1032|1372,10|1
21272,878,SIDM00832,Colon,1032|1372,10,L1-D2-S,2,1032|1372,5|0.5
21272,879,SIDM00832,Colon,1032|1372,10,L1-D3-S,3,1032|1372,2.5|0.25
21272,880,SIDM00832,Colon,1032|1372,10,L1-D4-S,4,1032|1372,0.625|0.0625
21272,881,SIDM00832,Colon,1032|1372,10,L1-D5-S,5,1032|1372,0.15625|0.015625
21272,882,SIDM00832,Colon,1032|1372,10,L1-D6-S,6,1032|1372,0.0390625|0.00390625
21272,883,SIDM00832,Colon,1032|1372,10,L1-D7-S,7,1032|1372,0.009765625|0.0009765625
21298,1303,SIDM00487,Colon,1032|1372,10,L1-D1-S,1,1032|1372,10|1
21298,1304,SIDM00487,Colon,1032|1372,10,L1-D2-S,2,1032|1372,5|0.5
21298,1305,SIDM00487,Colon,1032|1372,10,L1-D3-S,3,1032|1372,2.5|0.25
21298,1306,SIDM00487,Colon,1032|1372,10,L1-D4-S,4,1032|1372,0.625|0.0625
21298,1307,SIDM00487,Colon,1032|1372,10,L1-D5-S,5,1032|1372,0.15625|0.015625
21298,1308,SIDM00487,Colon,1032|1372,10,L1-D6-S,6,1032|1372,0.0390625|0.00390625
21298,1309,SIDM00487,Colon,1032|1372,10,L1-D7-S,7,1032|1372,0.009765625|0.0009765625
21298,199,SIDM00487,Colon,1032|1372,10,L3-D1-S,1,1032|1372,10|1
21298,200,SIDM00487,Colon,1032|1372,10,L3-D2-S,2,1032|1372,5|0.5
21298,201,SIDM00487,Colon,1032|1372,10,L3-D3-S,3,1032|1372,2.5|0.25
21298,202,SIDM00487,Colon,1032|1372,10,L3-D4-S,4,1032|1372,0.625|0.0625
21298,203,SIDM00487,Colon,1032|1372,10,L3-D5-S,5,1032|1372,0.15625|0.015625
21298,204,SIDM00487,Colon,1032|1372,10,L3-D6-S,6,1032|1372,0.0390625|0.00390625
21298,205,SIDM00487,Colon,1032|1372,10,L3-D7-S,7,1032|1372,0.009765625|0.0009765625
21298,638,SIDM00487,Colon,1032|1372,10,L3-D1-S,1,1032|1372,10|1
21298,639,SIDM00487,Colon,1032|1372,10,L3-D2-S,2,1032|1372,5|0.5
21298,640,SIDM00487,Colon,1032|1372,10,L3-D3-S,3,1032|1372,2.5|0.25
21298,641,SIDM00487,Colon,1032|1372,10,L3-D4-S,4,1032|1372,0.625|0.0625
21298,642,SIDM00487,Colon,1032|1372,10,L3-D5-S,5,1032|1372,0.15625|0.015625
21298,643,SIDM00487,Colon,1032|1372,10,L3-D6-S,6,1032|1372,0.0390625|0.00390625
21298,644,SIDM00487,Colon,1032|1372,10,L3-D7-S,7,1032|1372,0.009765625|0.0009765625
21298,877,SIDM00487,Colon,1032|1372,10,L1-D1-S,1,1032|1372,10|1
21298,878,SIDM00487,Colon,1032|1372,10,L1-D2-S,2,1032|1372,5|0.5
21298,879,SIDM00487,Colon,1032|1372,10,L1-D3-S,3,1032|1372,2.5|0.25
21298,880,SIDM00487,Colon,1032|1372,10,L1-D4-S,4,1032|1372,0.625|0.0625
21298,881,SIDM00487,Colon,1032|1372,10,L1-D5-S,5,1032|1372,0.15625|0.015625
21298,882,SIDM00487,Colon,1032|1372,10,L1-D6-S,6,1032|1372,0.0390625|0.00390625
21298,883,SIDM00487,Colon,1032|1372,10,L1-D7-S,7,1032|1372,0.009765625|0.0009765625
22226,1303,SIDM00839,Colon,1032|1372,10,L1-D1-S,1,1032|1372,10|1
22226,1304,SIDM00839,Colon,1032|1372,10,L1-D2-S,2,1032|1372,5|0.5
22226,1305,SIDM00839,Colon,1032|1372,10,L1-D3-S,3,1032|1372,2.5|0.25
22226,1306,SIDM00839,Colon,1032|1372,10,L1-D4-S,4,1032|1372,0.625|0.0625
22226,1307,SIDM00839,Colon,1032|1372,10,L1-D5-S,5,1032|1372,0.15625|0.015625
22226,1308,SIDM00839,Colon,1032|1372,10,L1-D6-S,6,1032|1372,0.0390625|0.00390625
22226,1309,SIDM00839,Colon,1032|1372,10,L1-D7-S,7,1032|1372,0.009765625|0.0009765625
22226,199,SIDM00839,Colon,1032|1372,10,L3-D1-S,1,1032|1372,10|1
22226,200,SIDM00839,Colon,1032|1372,10,L3-D2-S,2,1032|1372,5|0.5
22226,201,SIDM00839,Colon,1032|1372,10,L3-D3-S,3,1032|1372,2.5|0.25
22226,202,SIDM00839,Colon,1032|1372,10,L3-D4-S,4,1032|1372,0.625|0.0625
22226,203,SIDM00839,Colon,1032|1372,10,L3-D5-S,5,1032|1372,0.15625|0.015625
22226,204,SIDM00839,Colon,1032|1372,10,L3-D6-S,6,1032|1372,0.0390625|0.00390625
22226,205,SIDM00839,Colon,1032|1372,10,L3-D7-S,7,1032|1372,0.009765625|0.0009765625
22226,638,SIDM00839,Colon,1032|1372,10,L3-D1-S,1,1032|1372,10|1
22226,639,SIDM00839,Colon,1032|1372,10,L3-D2-S,2,1032|1372,5|0.5
22226,640,SIDM00839,Colon,1032|1372,10,L3-D3-S,3,1032|1372,2.5|0.25
22226,641,SIDM00839,Colon,1032|1372,10,L3-D4-S,4,1032|1372,0.625|0.0625
22226,642,SIDM00839,Colon,1032|1372,10,L3-D5-S,5,1032|1372,0.15625|0.015625
22226,643,SIDM00839,Colon,1032|1372,10,L3-D6-S,6,1032|1372,0.0390625|0.00390625
22226,644,SIDM00839,Colon,1032|1372,10,L3-D7-S,7,1032|1372,0.009765625|0.0009765625
22226,877,SIDM00839,Colon,1032|1372,10,L1-D1-S,1,1032|1372,10|1
22226,878,SIDM00839,Colon,1032|1372,10,L1-D2-S,2,1032|1372,5|0.5
22226,879,SIDM00839,Colon,1032|1372,10,L1-D3-S,3,1032|1372,2.5|0.25
22226,880,SIDM00839,Colon,1032|1372,10,L1-D4-S,4,1032|1372,0.625|0.0625
22226,881,SIDM00839,Colon,1032|1372,10,L1-D5-S,5,1032|1372,0.15625|0.015625
22226,882,SIDM00839,Colon,1032|1372,10,L1-D6-S,6,1032|1372,0.0390625|0.00390625
22226,883,SIDM00839,Colon,1032|1372,10,L1-D7-S,7,1032|1372,0.009765625|0.0009765625
22577,1303,SIDM00488,Colon,1032|1372,10,L1-D1-S,1,1032|1372,10|1
22577,1304,SIDM00488,Colon,1032|1372,10,L1-D2-S,2,1032|1372,5|0.5
22577,1305,SIDM00488,Colon,1032|1372,10,L1-D3-S,3,1032|1372,2.5|0.25
22577,1306,SIDM00488,Colon,1032|1372,10,L1-D4-S,4,1032|1372,0.625|0.0625
22577,1307,SIDM00488,Colon,1032|1372,10,L1-D5-S,5,1032|1372,0.15625|0.015625
22577,1308,SIDM00488,Colon,1032|1372,10,L1-D6-S,6,1032|1372,0.0390625|0.00390625
22577,1309,SIDM00488,Colon,1032|1372,10,L1-D7-S,7,1032|1372,0.009765625|0.0009765625
22577,199,SIDM00488,Colon,1032|1372,10,L3-D1-S,1,1032|1372,10|1
22577,200,SIDM00488,Colon,1032|1372,10,L3-D2-S,2,1032|1372,5|0.5
22577,201,SIDM00488,Colon,1032|1372,10,L3-D3-S,3,1032|1372,2.5|0.25
22577,202,SIDM00488,Colon,1032|1372,10,L3-D4-S,4,1032|1372,0.625|0.0625
22577,203,SIDM00488,Colon,1032|1372,10,L3-D5-S,5,1032|1372,0.15625|0.015625
22577,204,SIDM00488,Colon,1032|1372,10,L3-D6-S,6,1032|1372,0.0390625|0.00390625
22577,205,SIDM00488,Colon,1032|1372,10,L3-D7-S,7,1032|1372,0.009765625|0.0009765625
22577,638,SIDM00488,Colon,1032|1372,10,L3-D1-S,1,1032|1372,10|1
22577,639,SIDM00488,Colon,1032|1372,10,L3-D2-S,2,1032|1372,5|0.5
22577,640,SIDM00488,Colon,1032|1372,10,L3-D3-S,3,1032|1372,2.5|0.25
22577,641,SIDM00488,Colon,1032|1372,10,L3-D4-S,4,1032|1372,0.625|0.0625
22577,642,SIDM00488,Colon,1032|1372,10,L3-D5-S,5,1032|1372,0.15625|0.015625
22577,643,SIDM00488,Colon,1032|1372,10,L3-D6-S,6,1032|1372,0.0390625|0.00390625
22577,644,SIDM00488,Colon,1032|1372,10,L3-D7-S,7,1032|1372,0.009765625|0.0009765625
22577,877,SIDM00488,Colon,1032|1372,10,L1-D1-S,1,1032|1372,10|1
22577,878,SIDM00488,Colon,1032|1372,10,L1-D2-S,2,1032|1372,5|0.5
22577,879,SIDM00488,Colon,1032|1372,10,L1-D3-S,3,1032|1372,2.5|0.25
22577,880,SIDM00488,Colon,1032|1372,10,L1-D4-S,4,1032|1372,0.625|0.0625
22577,881,SIDM00488,Colon,1032|1372,10,L1-D5-S,5,1032|1372,0.15625|0.015625
22577,882,SIDM00488,Colon,1032|1372,10,L1-D6-S,6,1032|1372,0.0390625|0.00390625
22577,883,SIDM00488,Colon,1032|1372,10,L1-D7-S,7,1032|1372,0.009765625|0.0009765625
22624,1303,SIDM00541,Colon,1032|1372,10,L1-D1-S,1,1032|1372,10|1
22624,1304,SIDM00541,Colon,1032|1372,10,L1-D2-S,2,1032|1372,5|0.5
22624,1305,SIDM00541,Colon,1032|1372,10,L1-D3-S,3,1032|1372,2.5|0.25
22624,1306,SIDM00541,Colon,1032|1372,10,L1-D4-S,4,1032|1372,0.625|0.0625
22624,1307,SIDM00541,Colon,1032|1372,10,L1-D5-S,5,1032|1372,0.15625|0.015625
22624,1308,SIDM00541,Colon,1032|1372,10,L1-D6-S,6,1032|1372,0.0390625|0.00390625
22624,1309,SIDM00541,Colon,1032|1372,10,L1-D7-S,7,1032|1372,0.009765625|0.0009765625
22624,199,SIDM00541,Colon,1032|1372,10,L3-D1-S,1,1032|1372,10|1
22624,200,SIDM00541,Colon,1032|1372,10,L3-D2-S,2,1032|1372,5|0.5
22624,201,SIDM00541,Colon,1032|1372,10,L3-D3-S,3,1032|1372,2.5|0.25
22624,202,SIDM00541,Colon,1032|1372,10,L3-D4-S,4,1032|1372,0.625|0.0625
22624,203,SIDM00541,Colon,1032|1372,10,L3-D5-S,5,1032|1372,0.15625|0.015625
22624,204,SIDM00541,Colon,1032|1372,10,L3-D6-S,6,1032|1372,0.0390625|0.00390625
22624,205,SIDM00541,Colon,1032|1372,10,L3-D7-S,7,1032|1372,0.009765625|0.0009765625
22624,638,SIDM00541,Colon,1032|1372,10,L3-D1-S,1,1032|1372,10|1
22624,639,SIDM00541,Colon,1032|1372,10,L3-D2-S,2,1032|1372,5|0.5
22624,640,SIDM00541,Colon,1032|1372,10,L3-D3-S,3,1032|1372,2.5|0.25
22624,641,SIDM00541,Colon,1032|1372,10,L3-D4-S,4,1032|1372,0.625|0.0625
22624,642,SIDM00541,Colon,1032|1372,10,L3-D5-S,5,1032|1372,0.15625|0.015625
22624,643,SIDM00541,Colon,1032|1372,10,L3-D6-S,6,1032|1372,0.0390625|0.00390625
22624,644,SIDM00541,Colon,1032|1372,10,L3-D7-S,7,1032|1372,0.009765625|0.0009765625
22624,877,SIDM00541,Colon,1032|1372,10,L1-D1-S,1,1032|1372,10|1
22624,878,SIDM00541,Colon,1032|1372,10,L1-D2-S,2,1032|1372,5|0.5
22624,879,SIDM00541,Colon,1032|1372,10,L1-D3-S,3,1032|1372,2.5|0.25
22624,880,SIDM00541,Colon,1032|1372,10,L1-D4-S,4,1032|1372,0.625|0.0625
22624,881,SIDM00541,Colon,1032|1372,10,L1-D5-S,5,1032|1372,0.15625|0.015625
22624,882,SIDM00541,Colon,1032|1372,10,L1-D6-S,6,1032|1372,0.0390625|0.00390625
22624,883,SIDM00541,Colon,1032|1372,10,L1-D7-S,7,1032|1372,0.009765625|0.0009765625
22628,1303,SIDM00776,Colon,1032|1372,10,L1-D1-S,1,1032|1372,10|1
22628,1304,SIDM00776,Colon,1032|1372,10,L1-D2-S,2,1032|1372,5|0.5
22628,1305,SIDM00776,Colon,1032|1372,10,L1-D3-S,3,1032|1372,2.5|0.25
22628,1306,SIDM00776,Colon,1032|1372,10,L1-D4-S,4,1032|1372,0.625|0.0625
22628,1307,SIDM00776,Colon,1032|1372,10,L1-D5-S,5,1032|1372,0.15625|0.015625
22628,1308,SIDM00776,Colon,1032|1372,10,L1-D6-S,6,1032|1372,0.0390625|0.00390625
22628,1309,SIDM00776,Colon,1032|1372,10,L1-D7-S,7,1032|1372,0.009765625|0.0009765625
22628,199,SIDM00776,Colon,1032|1372,10,L3-D1-S,1,1032|1372,10|1
22628,200,SIDM00776,Colon,1032|1372,10,L3-D2-S,2,1032|1372,5|0.5
22628,201,SIDM00776,Colon,1032|1372,10,L3-D3-S,3,1032|1372,2.5|0.25
22628,202,SIDM00776,Colon,1032|1372,10,L3-D4-S,4,1032|1372,0.625|0.0625
22628,203,SIDM00776,Colon,1032|1372,10,L3-D5-S,5,1032|1372,0.15625|0.015625
22628,204,SIDM00776,Colon,1032|1372,10,L3-D6-S,6,1032|1372,0.0390625|0.00390625
22628,205,SIDM00776,Colon,1032|1372,10,L3-D7-S,7,1032|1372,0.009765625|0.0009765625
22628,638,SIDM00776,Colon,1032|1372,10,L3-D1-S,1,1032|1372,10|1
22628,639,SIDM00776,Colon,1032|1372,10,L3-D2-S,2,1032|1372,5|0.5
22628,640,SIDM00776,Colon,1032|1372,10,L3-D3-S,3,1032|1372,2.5|0.25
22628,641,SIDM00776,Colon,1032|1372,10,L3-D4-S,4,1032|1372,0.625|0.0625
22628,642,SIDM00776,Colon,1032|1372,10,L3-D5-S,5,1032|1372,0.15625|0.015625
22628,643,SIDM00776,Colon,1032|1372,10,L3-D6-S,6,1032|1372,0.0390625|0.00390625
22628,644,SIDM00776,Colon,1032|1372,10,L3-D7-S,7,1032|1372,0.009765625|0.0009765625
22628,877,SIDM00776,Colon,1032|1372,10,L1-D1-S,1,1032|1372,10|1
22628,878,SIDM00776,Colon,1032|1372,10,L1-D2-S,2,1032|1372,5|0.5
22628,879,SIDM00776,Colon,1032|1372,10,L1-D3-S,3,1032|1372,2.5|0.25
22628,880,SIDM00776,Colon,1032|1372,10,L1-D4-S,4,1032|1372,0.625|0.0625
22628,881,SIDM00776,Colon,1032|1372,10,L1-D5-S,5,1032|1372,0.15625|0.015625
22628,882,SIDM00776,Colon,1032|1372,10,L1-D6-S,6,1032|1372,0.0390625|0.00390625
22628,883,SIDM00776,Colon,1032|1372,10,L1-D7-S,7,1032|1372,0.009765625|0.0009765625
22644,1303,SIDM00837,Colon,1032|1372,10,L1-D1-S,1,1032|1372,10|1
22644,1304,SIDM00837,Colon,1032|1372,10,L1-D2-S,2,1032|1372,5|0.5
22644,1305,SIDM00837,Colon,1032|1372,10,L1-D3-S,3,1032|1372,2.5|0.25
22644,1306,SIDM00837,Colon,1032|1372,10,L1-D4-S,4,1032|1372,0.625|0.0625
22644,1307,SIDM00837,Colon,1032|1372,10,L1-D5-S,5,1032|1372,0.15625|0.015625
22644,1308,SIDM00837,Colon,1032|1372,10,L1-D6-S,6,1032|1372,0.0390625|0.00390625
22644,1309,SIDM00837,Colon,1032|1372,10,L1-D7-S,7,1032|1372,0.009765625|0.0009765625
22644,199,SIDM00837,Colon,1032|1372,10,L3-D1-S,1,1032|1372,10|1
22644,200,SIDM00837,Colon,1032|1372,10,L3-D2-S,2,1032|1372,5|0.5
22644,201,SIDM00837,Colon,1032|1372,10,L3-D3-S,3,1032|1372,2.5|0.25
22644,202,SIDM00837,Colon,1032|1372,10,L3-D4-S,4,1032|1372,0.625|0.0625
22644,203,SIDM00837,Colon,1032|1372,10,L3-D5-S,5,1032|1372,0.15625|0.015625
22644,204,SIDM00837,Colon,1032|1372,10,L3-D6-S,6,1032|1372,0.0390625|0.00390625
22644,205,SIDM00837,Colon,1032|1372,10,L3-D7-S,7,1032|1372,0.009765625|0.0009765625
22644,638,SIDM00837,Colon,1032|1372,10,L3-D1-S,1,1032|1372,10|1
22644,639,SIDM00837,Colon,1032|1372,10,L3-D2-S,2,1032|1372,5|0.5
22644,640,SIDM00837,Colon,1032|1372,10,L3-D3-S,3,1032|1372,2.5|0.25
22644,641,SIDM00837,Colon,1032|1372,10,L3-D4-S,4,1032|1372,0.625|0.0625
22644,642,SIDM00837,Colon,1032|1372,10,L3-D5-S,5,1032|1372,0.15625|0.015625
22644,643,SIDM00837,Colon,1032|1372,10,L3-D6-S,6,1032|1372,0.0390625|0.00390625
22644,644,SIDM00837,Colon,1032|1372,10,L3-D7-S,7,1032|1372,0.009765625|0.0009765625
22644,877,SIDM00837,Colon,1032|1372,10,L1-D1-S,1,1032|1372,10|1
22644,878,SIDM00837,Colon,1032|1372,10,L1-D2-S,2,1032|1372,5|0.5
22644,879,SIDM00837,Colon,1032|1372,10,L1-D3-S,3,1032|1372,2.5|0.25
22644,880,SIDM00837,Colon,1032|1372,10,L1-D4-S,4,1032|1372,0.625|0.0625
22644,881,SIDM00837,Colon,1032|1372,10,L1-D5-S,5,1032|1372,0.15625|0.015625
22644,882,SIDM00837,Colon,1032|1372,10,L1-D6-S,6,1032|1372,0.0390625|0.00390625
22644,883,SIDM00837,Colon,1032|1372,10,L1-D7-S,7,1032|1372,0.009765625|0.0009765625
22658,1303,SIDM00782,Colon,1032|1372,10,L1-D1-S,1,1032|1372,10|1
22658,1304,SIDM00782,Colon,1032|1372,10,L1-D2-S,2,1032|1372,5|0.5
22658,1305,SIDM00782,Colon,1032|1372,10,L1-D3-S,3,1032|1372,2.5|0.25
22658,1306,SIDM00782,Colon,1032|1372,10,L1-D4-S,4,1032|1372,0.625|0.0625
22658,1307,SIDM00782,Colon,1032|1372,10,L1-D5-S,5,1032|1372,0.15625|0.015625
22658,1308,SIDM00782,Colon,1032|1372,10,L1-D6-S,6,1032|1372,0.0390625|0.00390625
22658,1309,SIDM00782,Colon,1032|1372,10,L1-D7-S,7,1032|1372,0.009765625|0.0009765625
22658,199,SIDM00782,Colon,1032|1372,10,L3-D1-S,1,1032|1372,10|1
22658,200,SIDM00782,Colon,1032|1372,10,L3-D2-S,2,1032|1372,5|0.5
22658,201,SIDM00782,Colon,1032|1372,10,L3-D3-S,3,1032|1372,2.5|0.25
22658,202,SIDM00782,Colon,1032|1372,10,L3-D4-S,4,1032|1372,0.625|0.0625
22658,203,SIDM00782,Colon,1032|1372,10,L3-D5-S,5,1032|1372,0.15625|0.015625
22658,204,SIDM00782,Colon,1032|1372,10,L3-D6-S,6,1032|1372,0.0390625|0.00390625
22658,205,SIDM00782,Colon,1032|1372,10,L3-D7-S,7,1032|1372,0.009765625|0.0009765625
22658,638,SIDM00782,Colon,1032|1372,10,L3-D1-S,1,1032|1372,10|1
22658,639,SIDM00782,Colon,1032|1372,10,L3-D2-S,2,1032|1372,5|0.5
22658,640,SIDM00782,Colon,1032|1372,10,L3-D3-S,3,1032|1372,2.5|0.25
22658,641,SIDM00782,Colon,1032|1372,10,L3-D4-S,4,1032|1372,0.625|0.0625
22658,642,SIDM00782,Colon,1032|1372,10,L3-D5-S,5,1032|1372,0.15625|0.015625
22658,643,SIDM00782,Colon,1032|1372,10,L3-D6-S,6,1032|1372,0.0390625|0.00390625
22658,644,SIDM00782,Colon,1032|1372,10,L3-D7-S,7,1032|1372,0.009765625|0.0009765625
22658,877,SIDM00782,Colon,1032|1372,10,L1-D1-S,1,1032|1372,10|1
22658,878,SIDM00782,Colon,1032|1372,10,L1-D2-S,2,1032|1372,5|0.5
22658,879,SIDM00782,Colon,1032|1372,10,L1-D3-S,3,1032|1372,2.5|0.25
22658,880,SIDM00782,Colon,1032|1372,10,L1-D4-S,4,1032|1372,0.625|0.0625
22658,881,SIDM00782,Colon,1032|1372,10,L1-D5-S,5,1032|1372,0.15625|0.015625
22658,882,SIDM00782,Colon,1032|1372,10,L1-D6-S,6,1032|1372,0.0390625|0.00390625
22658,883,SIDM00782,Colon,1032|1372,10,L1-D7-S,7,1032|1372,0.009765625|0.0009765625
22687,1303,SIDM00957,Colon,1032|1372,10,L1-D1-S,1,1032|1372,10|1
22687,1304,SIDM00957,Colon,1032|1372,10,L1-D2-S,2,1032|1372,5|0.5
22687,1305,SIDM00957,Colon,1032|1372,10,L1-D3-S,3,1032|1372,2.5|0.25
22687,1306,SIDM00957,Colon,1032|1372,10,L1-D4-S,4,1032|1372,0.625|0.0625
22687,1307,SIDM00957,Colon,1032|1372,10,L1-D5-S,5,1032|1372,0.15625|0.015625
22687,1308,SIDM00957,Colon,1032|1372,10,L1-D6-S,6,1032|1372,0.0390625|0.00390625
22687,1309,SIDM00957,Colon,1032|1372,10,L1-D7-S,7,1032|1372,0.009765625|0.0009765625
22687,199,SIDM00957,Colon,1032|1372,10,L3-D1-S,1,1032|1372,10|1
22687,200,SIDM00957,Colon,1032|1372,10,L3-D2-S,2,1032|1372,5|0.5
22687,201,SIDM00957,Colon,1032|1372,10,L3-D3-S,3,1032|1372,2.5|0.25
22687,202,SIDM00957,Colon,1032|1372,10,L3-D4-S,4,1032|1372,0.625|0.0625
22687,203,SIDM00957,Colon,1032|1372,10,L3-D5-S,5,1032|1372,0.15625|0.015625
22687,204,SIDM00957,Colon,1032|1372,10,L3-D6-S,6,1032|1372,0.0390625|0.00390625
22687,205,SIDM00957,Colon,1032|1372,10,L3-D7-S,7,1032|1372,0.009765625|0.0009765625
22687,638,SIDM00957,Colon,1032|1372,10,L3-D1-S,1,1032|1372,10|1
22687,639,SIDM00957,Colon,1032|1372,10,L3-D2-S,2,1032|1372,5|0.5
22687,640,SIDM00957,Colon,1032|1372,10,L3-D3-S,3,1032|1372,2.5|0.25
22687,641,SIDM00957,Colon,1032|1372,10,L3-D4-S,4,1032|1372,0.625|0.0625
22687,642,SIDM00957,Colon,1032|1372,10,L3-D5-S,5,1032|1372,0.15625|0.015625
22687,643,SIDM00957,Colon,1032|1372,10,L3-D6-S,6,1032|1372,0.0390625|0.00390625
22687,644,SIDM00957,Colon,1032|1372,10,L3-D7-S,7,1032|1372,0.009765625|0.0009765625
22687,877,SIDM00957,Colon,1032|1372,10,L1-D1-S,1,1032|1372,10|1
22687,878,SIDM00957,Colon,1032|1372,10,L1-D2-S,2,1032|1372,5|0.5
22687,879,SIDM00957,Colon,1032|1372,10,L1-D3-S,3,1032|1372,2.5|0.25
22687,880,SIDM00957,Colon,1032|1372,10,L1-D4-S,4,1032|1372,0.625|0.0625
22687,881,SIDM00957,Colon,1032|1372,10,L1-D5-S,5,1032|1372,0.15625|0.015625
22687,882,SIDM00957,Colon,1032|1372,10,L1-D6-S,6,1032|1372,0.0390625|0.00390625
22687,883,SIDM00957,Colon,1032|1372,10,L1-D7-S,7,1032|1372,0.009765625|0.0009765625
23808,1303,SIDM01233,Colon,1032|1372,10,L1-D1-S,1,1032|1372,10|1
23808,1304,SIDM01233,Colon,1032|1372,10,L1-D2-S,2,1032|1372,5|0.5
23808,1305,SIDM01233,Colon,1032|1372,10,L1-D3-S,3,1032|1372,2.5|0.25
23808,1306,SIDM01233,Colon,1032|1372,10,L1-D4-S,4,1032|1372,0.625|0.0625
23808,1307,SIDM01233,Colon,1032|1372,10,L1-D5-S,5,1032|1372,0.15625|0.015625
23808,1308,SIDM01233,Colon,1032|1372,10,L1-D6-S,6,1032|1372,0.0390625|0.00390625
23808,1309,SIDM01233,Colon,1032|1372,10,L1-D7-S,7,1032|1372,0.009765625|0.0009765625
23808,199,SIDM01233,Colon,1032|1372,10,L3-D1-S,1,1032|1372,10|1
23808,200,SIDM01233,Colon,1032|1372,10,L3-D2-S,2,1032|1372,5|0.5
23808,201,SIDM01233,Colon,1032|1372,10,L3-D3-S,3,1032|1372,2.5|0.25
23808,202,SIDM01233,Colon,1032|1372,10,L3-D4-S,4,1032|1372,0.625|0.0625
23808,203,SIDM01233,Colon,1032|1372,10,L3-D5-S,5,1032|1372,0.15625|0.015625
23808,204,SIDM01233,Colon,1032|1372,10,L3-D6-S,6,1032|1372,0.0390625|0.00390625
23808,205,SIDM01233,Colon,1032|1372,10,L3-D7-S,7,1032|1372,0.009765625|0.0009765625
23808,638,SIDM01233,Colon,1032|1372,10,L3-D1-S,1,1032|1372,10|1
23808,639,SIDM01233,Colon,1032|1372,10,L3-D2-S,2,1032|1372,5|0.5
23808,640,SIDM01233,Colon,1032|1372,10,L3-D3-S,3,1032|1372,2.5|0.25
23808,641,SIDM01233,Colon,1032|1372,10,L3-D4-S,4,1032|1372,0.625|0.0625
23808,642,SIDM01233,Colon,1032|1372,10,L3-D5-S,5,1032|1372,0.15625|0.015625
23808,643,SIDM01233,Colon,1032|1372,10,L3-D6-S,6,1032|1372,0.0390625|0.00390625
23808,644,SIDM01233,Colon,1032|1372,10,L3-D7-S,7,1032|1372,0.009765625|0.0009765625
23808,877,SIDM01233,Colon,1032|1372,10,L1-D1-S,1,1032|1372,10|1
23808,878,SIDM01233,Colon,1032|1372,10,L1-D2-S,2,1032|1372,5|0.5
23808,879,SIDM01233,Colon,1032|1372,10,L1-D3-S,3,1032|1372,2.5|0.25
23808,880,SIDM01233,Colon,1032|1372,10,L1-D4-S,4,1032|1372,0.625|0.0625
23808,881,SIDM01233,Colon,1032|1372,10,L1-D5-S,5,1032|1372,0.15625|0.015625
23808,882,SIDM01233,Colon,1032|1372,10,L1-D6-S,6,1032|1372,0.0390625|0.00390625
23808,883,SIDM01233,Colon,1032|1372,10,L1-D7-S,7,1032|1372,0.009765625|0.0009765625
23816,1303,SIDM00835,Colon,1032|1372,10,L1-D1-S,1,1032|1372,10|1
23816,1304,SIDM00835,Colon,1032|1372,10,L1-D2-S,2,1032|1372,5|0.5
23816,1305,SIDM00835,Colon,1032|1372,10,L1-D3-S,3,1032|1372,2.5|0.25
23816,1306,SIDM00835,Colon,1032|1372,10,L1-D4-S,4,1032|1372,0.625|0.0625
23816,1307,SIDM00835,Colon,1032|1372,10,L1-D5-S,5,1032|1372,0.15625|0.015625
23816,1308,SIDM00835,Colon,1032|1372,10,L1-D6-S,6,1032|1372,0.0390625|0.00390625
23816,1309,SIDM00835,Colon,1032|1372,10,L1-D7-S,7,1032|1372,0.009765625|0.0009765625
23816,199,SIDM00835,Colon,1032|1372,10,L3-D1-S,1,1032|1372,10|1
23816,200,SIDM00835,Colon,1032|1372,10,L3-D2-S,2,1032|1372,5|0.5
23816,201,SIDM00835,Colon,1032|1372,10,L3-D3-S,3,1032|1372,2.5|0.25
23816,202,SIDM00835,Colon,1032|1372,10,L3-D4-S,4,1032|1372,0.625|0.0625
23816,203,SIDM00835,Colon,1032|1372,10,L3-D5-S,5,1032|1372,0.15625|0.015625
23816,204,SIDM00835,Colon,1032|1372,10,L3-D6-S,6,1032|1372,0.0390625|0.00390625
23816,205,SIDM00835,Colon,1032|1372,10,L3-D7-S,7,1032|1372,0.009765625|0.0009765625
23816,638,SIDM00835,Colon,1032|1372,10,L3-D1-S,1,1032|1372,10|1
23816,639,SIDM00835,Colon,1032|1372,10,L3-D2-S,2,1032|1372,5|0.5
23816,640,SIDM00835,Colon,1032|1372,10,L3-D3-S,3,1032|1372,2.5|0.25
23816,641,SIDM00835,Colon,1032|1372,10,L3-D4-S,4,1032|1372,0.625|0.0625
23816,642,SIDM00835,Colon,1032|1372,10,L3-D5-S,5,1032|1372,0.15625|0.015625
23816,643,SIDM00835,Colon,1032|1372,10,L3-D6-S,6,1032|1372,0.0390625|0.00390625
23816,644,SIDM00835,Colon,1032|1372,10,L3-D7-S,7,1032|1372,0.009765625|0.0009765625
23816,877,SIDM00835,Colon,1032|1372,10,L1-D1-S,1,1032|1372,10|1
23816,878,SIDM00835,Colon,1032|1372,10,L1-D2-S,2,1032|1372,5|0.5
23816,879,SIDM00835,Colon,1032|1372,10,L1-D3-S,3,1032|1372,2.5|0.25
23816,880,SIDM00835,Colon,1032|1372,10,L1-D4-S,4,1032|1372,0.625|0.0625
23816,881,SIDM00835,Colon,1032|1372,10,L1-D5-S,5,1032|1372,0.15625|0.015625
23816,882,SIDM00835,Colon,1032|1372,10,L1-D6-S,6,1032|1372,0.0390625|0.00390625
23816,883,SIDM00835,Colon,1032|1372,10,L1-D7-S,7,1032|1372,0.009765625|0.0009765625
24131,1303,SIDM00217,Colon,1032|1372,10,L1-D1-S,1,1032|1372,10|1
24131,1304,SIDM00217,Colon,1032|1372,10,L1-D2-S,2,1032|1372,5|0.5
24131,1305,SIDM00217,Colon,1032|1372,10,L1-D3-S,3,1032|1372,2.5|0.25
24131,1306,SIDM00217,Colon,1032|1372,10,L1-D4-S,4,1032|1372,0.625|0.0625
24131,1307,SIDM00217,Colon,1032|1372,10,L1-D5-S,5,1032|1372,0.15625|0.015625
24131,1308,SIDM00217,Colon,1032|1372,10,L1-D6-S,6,1032|1372,0.0390625|0.00390625
24131,1309,SIDM00217,Colon,1032|1372,10,L1-D7-S,7,1032|1372,0.009765625|0.0009765625
24131,199,SIDM00217,Colon,1032|1372,10,L3-D1-S,1,1032|1372,10|1
24131,200,SIDM00217,Colon,1032|1372,10,L3-D2-S,2,1032|1372,5|0.5
24131,201,SIDM00217,Colon,1032|1372,10,L3-D3-S,3,1032|1372,2.5|0.25
24131,202,SIDM00217,Colon,1032|1372,10,L3-D4-S,4,1032|1372,0.625|0.0625
24131,203,SIDM00217,Colon,1032|1372,10,L3-D5-S,5,1032|1372,0.15625|0.015625
24131,204,SIDM00217,Colon,1032|1372,10,L3-D6-S,6,1032|1372,0.0390625|0.00390625
24131,205,SIDM00217,Colon,1032|1372,10,L3-D7-S,7,1032|1372,0.009765625|0.0009765625
24131,638,SIDM00217,Colon,1032|1372,10,L3-D1-S,1,1032|1372,10|1
24131,639,SIDM00217,Colon,1032|1372,10,L3-D2-S,2,1032|1372,5|0.5
24131,640,SIDM00217,Colon,1032|1372,10,L3-D3-S,3,1032|1372,2.5|0.25
24131,641,SIDM00217,Colon,1032|1372,10,L3-D4-S,4,1032|1372,0.625|0.0625
24131,642,SIDM00217,Colon,1032|1372,10,L3-D5-S,5,1032|1372,0.15625|0.015625
24131,643,SIDM00217,Colon,1032|1372,10,L3-D6-S,6,1032|1372,0.0390625|0.00390625
24131,644,SIDM00217,Colon,1032|1372,10,L3-D7-S,7,1032|1372,0.009765625|0.0009765625
24131,877,SIDM00217,Colon,1032|1372,10,L1-D1-S,1,1032|1372,10|1
24131,878,SIDM00217,Colon,1032|1372,10,L1-D2-S,2,1032|1372,5|0.5
24131,879,SIDM00217,Colon,1032|1372,10,L1-D3-S,3,1032|1372,2.5|0.25
24131,880,SIDM00217,Colon,1032|1372,10,L1-D4-S,4,1032|1372,0.625|0.0625
24131,881,SIDM00217,Colon,1032|1372,10,L1-D5-S,5,1032|1372,0.15625|0.015625
24131,882,SIDM00217,Colon,1032|1372,10,L1-D6-S,6,1032|1372,0.0390625|0.00390625
24131,883,SIDM00217,Colon,1032|1372,10,L1-D7-S,7,1032|1372,0.009765625|0.0009765625
