SCAN_ID,BARCODE,DRUGSET_ID,MASTER_CELL_ID,CELL_ID,DATE_CREATED,SCAN_DATE,unit,tissue,growth,medium,date_cluster,q_PLX,q_PD,C2_action,supported,fixed_action
11770,12332,231,1034,2631,2016-01-18T00:00:00Z,2016-01-22T00:00:00Z,SIDP00430,leukemia,Suspension,R,2016-01-18,0.211615535557961,0.33147988238465986,1,True,1
11846,12458,231,2087,5209,2016-01-21T00:00:00Z,2016-01-25T00:00:00Z,SIDP00490,myeloma,Suspension,R,2016-01-21,0.11538508977276693,0.2100063827047429,1,True,1
12051,12629,231,588,5969,2016-01-26T00:00:00Z,2016-01-30T00:00:00Z,SIDP00740,breast,Adherent,D/F12,2016-01-26,0.12600158883705465,0.10828522996538029,0,True,1
12429,13006,231,705,2516,2016-02-08T00:00:00Z,2016-02-12T00:00:00Z,SIDP00757,myeloma,Suspension,R,2016-02-08,0.11538508977276693,0.2100063827047429,1,True,1
12493,13028,231,951,3075,2016-02-09T00:00:00Z,2016-02-13T00:00:00Z,SIDP00493,aero_dig_tract,Adherent,R,2016-02-09,0.1370789700207876,0.19843609156839193,1,True,1
12854,13368,231,1167,2614,2016-02-18T00:00:00Z,2016-02-22T00:00:00Z,SIDP00797,lung_SCLC,Suspension,R,2016-02-18,0.11316619482744679,0.07913269650333388,0,True,1
13023,13510,231,1609,2152,2016-02-22T00:00:00Z,2016-02-26T00:00:00Z,SIDP01052,lymphoma,Suspension,R,2016-02-22,0.16421224496440745,0.1481529395213982,0,True,1
13554,14046,231,903,2393,2016-03-04T00:00:00Z,2016-03-08T00:00:00Z,SIDP00104,lymphoma,Suspension,R,2016-03-04,0.16421224496440745,0.1481529395213982,0,True,1
13724,14200,231,1628,2115,2016-03-10T00:00:00Z,2016-03-14T00:00:00Z,SIDP00314,lung_NSCLC,Adherent,D/F12,2016-03-10,0.1426900833839557,0.21638921649682483,1,True,1
13725,14202,231,700,2222,2016-03-10T00:00:00Z,2016-03-14T00:00:00Z,SIDP00355,urogenital_system,Adherent,D/F12,2016-03-10,0.16939090371612114,0.18142990159387637,1,True,1
13726,14204,231,386,3232,2016-03-10T00:00:00Z,2016-03-14T00:00:00Z,SIDP00167,urogenital_system,Adherent,D/F12,2016-03-10,0.16939090371612114,0.18142990159387637,1,True,1
13745,14209,231,554,2567,2016-03-11T00:00:00Z,2016-03-15T00:00:00Z,SIDP00576,bone,Adherent,R,2016-03-11,0.15325977042909578,0.058340916807368304,0,True,1
13757,14235,231,1823,3317,2016-03-11T00:00:00Z,2016-03-15T00:00:00Z,SIDP00210,lung_NSCLC,Adherent,R,2016-03-11,0.1499953122500422,0.20744724824958208,1,True,1
13758,14237,231,1539,3387,2016-03-11T00:00:00Z,2016-03-15T00:00:00Z,SIDP00257,lung_NSCLC,Adherent,D/F12,2016-03-11,0.1426900833839557,0.21638921649682483,1,True,1
13759,14239,231,2052,2037,2016-03-11T00:00:00Z,2016-03-15T00:00:00Z,SIDP01034,soft_tissue,Adherent,R,2016-03-11,0.1805004498933364,0.1387372904009247,0,True,1
13760,14241,231,892,3068,2016-03-11T00:00:00Z,2016-03-15T00:00:00Z,SIDP00492,urogenital_system,Adherent,R,2016-03-11,0.17669613258220768,0.1724879333466336,0,True,1
13809,14263,231,936,4850,2016-03-14T00:00:00Z,2016-03-18T00:00:00Z,SIDP00114,breast,Adherent,R,2016-03-14,0.13330681770314118,0.09934326171813754,0,True,1
13886,14366,231,2038,2175,2016-03-17T00:00:00Z,2016-03-21T00:00:00Z,SIDP00340,urogenital_system,Adherent,D/F12,2016-03-17,0.16939090371612114,0.18142990159387637,1,True,1
13948,14384,231,936,4850,2016-03-22T00:00:00Z,2016-03-26T00:00:00Z,SIDP00114,breast,Adherent,R,2016-03-22,0.13330681770314118,0.09934326171813754,0,True,1
14426,14797,231,880,3157,2016-04-17T23:00:00Z,2016-04-21T23:00:00Z,SIDP00816,breast,Adherent,D/F12,2016-04-17,0.12600158883705465,0.10828522996538029,0,True,1
14429,14803,231,1043,3507,2016-04-17T23:00:00Z,2016-04-21T23:00:00Z,SIDP01027,leukemia,Suspension,R,2016-04-17,0.211615535557961,0.33147988238465986,1,True,1
14506,14892,231,653,2765,2016-04-24T23:00:00Z,2016-04-28T23:00:00Z,SIDP00110,breast,Adherent,R,2016-04-24,0.13330681770314118,0.09934326171813754,0,True,1
14749,15120,284,1535,2957,2016-05-08T23:00:00Z,2016-05-12T23:00:00Z,SIDP00463,skin,Adherent,D/F12,2016-05-08,0.3243196186180558,0.4245009245247359,1,True,1
14759,15135,284,872,6373,2016-05-08T23:00:00Z,2016-05-12T23:00:00Z,SIDP00730,urogenital_system,Adherent,D/F12,2016-05-08,0.16939090371612114,0.18142990159387637,1,True,1
14773,15156,284,365,2415,2016-05-08T23:00:00Z,2016-05-12T23:00:00Z,SIDP00669,thyroid,Adherent,D/F12,2016-05-08,0.18627045274166212,0.24898852088182732,1,True,1
14970,15300,284,311,2823,2016-05-12T23:00:00Z,2016-05-16T23:00:00Z,SIDP00679,digestive_system,Adherent,D/F12,2016-05-12,0.15336418701957455,0.21809815403788188,1,True,1
14974,15306,284,217,2418,2016-05-12T23:00:00Z,2016-05-16T23:00:00Z,SIDP00882,nervous_system,Adherent,R,2016-05-12,0.1636468077564724,0.1554311810538371,0,True,1
14978,15324,284,1647,3199,2016-05-12T23:00:00Z,2016-05-16T23:00:00Z,SIDP00615,digestive_system,Adherent,R,2016-05-12,0.16066941588566105,0.2091561857906391,1,True,1
14982,15342,284,215,2473,2016-05-12T23:00:00Z,2016-05-16T23:00:00Z,SIDP00644,neuroblastoma,Adherent,D/F12,2016-05-12,0.1022963044674272,0.2007625832412515,1,True,1
14984,15345,284,1861,2479,2016-05-12T23:00:00Z,2016-05-16T23:00:00Z,SIDP00649,neuroblastoma,Adherent,D/F12,2016-05-12,0.1022963044674272,0.2007625832412515,1,True,1
14986,15348,284,78,3325,2016-05-12T23:00:00Z,2016-05-16T23:00:00Z,SIDP00215,lung_NSCLC,Adherent,R,2016-05-12,0.1499953122500422,0.20744724824958208,1,True,1
14988,15354,284,478,5234,2016-05-12T23:00:00Z,2016-05-16T23:00:00Z,SIDP00922,bone,Adherent,D/F12,2016-05-12,0.14595454156300924,0.06728288505461105,0,True,1
15091,15315,284,651,3092,2016-05-15T23:00:00Z,2016-05-19T23:00:00Z,SIDP00982,lymphoma,Suspension,R,2016-05-15,0.16421224496440745,0.1481529395213982,0,True,1
15093,15318,284,1502,3097,2016-05-15T23:00:00Z,2016-05-19T23:00:00Z,SIDP00985,lung_NSCLC,Adherent,R,2016-05-15,0.1499953122500422,0.20744724824958208,1,True,1
15095,15321,284,1645,3108,2016-05-15T23:00:00Z,2016-05-19T23:00:00Z,SIDP00988,leukemia,Suspension,R,2016-05-15,0.211615535557961,0.33147988238465986,1,True,1
15097,15327,284,2227,3225,2016-05-15T23:00:00Z,2016-05-19T23:00:00Z,SIDP00742,leukemia,Suspension,R,2016-05-15,0.211615535557961,0.33147988238465986,1,True,1
15099,15330,284,1032,2464,2016-05-15T23:00:00Z,2016-05-19T23:00:00Z,SIDP00166,leukemia,Suspension,D/F12,2016-05-15,0.2043103066918745,0.3404218506319026,1,True,1
15101,15336,284,973,4053,2016-05-15T23:00:00Z,2016-05-19T23:00:00Z,SIDP01012,leukemia,Suspension,R,2016-05-15,0.211615535557961,0.33147988238465986,1,True,1
15103,15339,284,669,3248,2016-05-15T23:00:00Z,2016-05-19T23:00:00Z,SIDP00170,lymphoma,Suspension,R,2016-05-15,0.16421224496440745,0.1481529395213982,0,True,1
15107,15357,284,112,3449,2016-05-15T23:00:00Z,2016-05-19T23:00:00Z,SIDP01023,myeloma,Suspension,R,2016-05-15,0.11538508977276693,0.2100063827047429,1,True,1
15111,15366,284,186,2307,2016-05-15T23:00:00Z,2016-05-19T23:00:00Z,SIDP00847,lymphoma,Suspension,R,2016-05-15,0.16421224496440745,0.1481529395213982,0,True,1
15121,15390,284,113,2269,2016-05-15T23:00:00Z,2016-05-19T23:00:00Z,SIDP00416,breast,Adherent,D/F12,2016-05-15,0.12600158883705465,0.10828522996538029,0,True,1
15171,15613,284,615,2992,2016-05-16T23:00:00Z,2016-05-20T23:00:00Z,SIDP00723,aero_dig_tract,Adherent,R,2016-05-16,0.1370789700207876,0.19843609156839193,1,True,1
15173,15616,284,1632,2412,2016-05-16T23:00:00Z,2016-05-20T23:00:00Z,SIDP00477,lymphoma,Suspension,R,2016-05-16,0.16421224496440745,0.1481529395213982,0,True,1
15175,15619,284,408,3088,2016-05-16T23:00:00Z,2016-05-20T23:00:00Z,SIDP00979,lymphoma,Suspension,R,2016-05-16,0.16421224496440745,0.1481529395213982,0,True,1
15177,15622,284,709,3093,2016-05-16T23:00:00Z,2016-05-20T23:00:00Z,SIDP00983,leukemia,Suspension,R,2016-05-16,0.211615535557961,0.33147988238465986,1,True,1
15179,15625,284,583,3096,2016-05-16T23:00:00Z,2016-05-20T23:00:00Z,SIDP00903,leukemia,Suspension,R,2016-05-16,0.211615535557961,0.33147988238465986,1,True,1
15187,15637,284,2225,3131,2016-05-16T23:00:00Z,2016-05-20T23:00:00Z,SIDP00153,nervous_system,Adherent,D/F12,2016-05-16,0.15634157889038586,0.16437314930107988,1,True,1
15189,15640,284,1540,3175,2016-05-16T23:00:00Z,2016-05-20T23:00:00Z,SIDP00995,urogenital_system,Adherent,D/F12,2016-05-16,0.16939090371612114,0.18142990159387637,1,True,1
15191,15643,284,1541,3195,2016-05-16T23:00:00Z,2016-05-20T23:00:00Z,SIDP00820,pancreas,Adherent,D/F12,2016-05-16,0.12234164809209148,0.2558927109509081,1,True,1
15195,15649,284,1002,2504,2016-05-16T23:00:00Z,2016-05-20T23:00:00Z,SIDP00623,breast,Adherent,D/F12,2016-05-16,0.12600158883705465,0.10828522996538029,0,True,1
15267,15681,284,2119,3279,2016-05-18T23:00:00Z,2016-05-22T23:00:00Z,SIDP00183,lung_NSCLC,Semi-Adherent,D/F12,2016-05-18,0.11642591808109398,0.21653256726046444,1,True,1
15269,15684,284,331,2960,2016-05-18T23:00:00Z,2016-05-22T23:00:00Z,SIDP00874,thyroid,Semi-Adherent,D/F12,2016-05-18,0.1600062874388004,0.24913187164546696,1,True,1
15277,15696,284,1387,2429,2016-05-18T23:00:00Z,2016-05-22T23:00:00Z,SIDP00897,nervous_system,Adherent,D/F12,2016-05-18,0.15634157889038586,0.16437314930107988,1,True,1
15281,15702,284,854,2430,2016-05-18T23:00:00Z,2016-05-22T23:00:00Z,SIDP00898,urogenital_system,Adherent,R,2016-05-18,0.17669613258220768,0.1724879333466336,0,True,1
15285,15708,284,1202,2831,2016-05-18T23:00:00Z,2016-05-22T23:00:00Z,SIDP00046,bone,Adherent,D/F12,2016-05-18,0.14595454156300924,0.06728288505461105,0,True,1
15287,15711,284,1155,2274,2016-05-18T23:00:00Z,2016-05-22T23:00:00Z,SIDP00369,skin,Adherent,R,2016-05-18,0.33162484748414234,0.4155589562774932,1,True,1
15291,15717,284,1508,2724,2016-05-18T23:00:00Z,2016-05-22T23:00:00Z,SIDP00778,lung,Adherent,R,2016-05-18,0.14820836037818955,0.14185926991564113,0,True,1
15293,15723,284,2221,2252,2016-05-18T23:00:00Z,2016-05-22T23:00:00Z,SIDP01062,lymphoma,Suspension,R,2016-05-18,0.16421224496440745,0.1481529395213982,0,True,1
15297,15735,284,576,2553,2016-05-18T23:00:00Z,2016-05-22T23:00:00Z,SIDP00964,aero_dig_tract,Adherent,D/F12,2016-05-18,0.12977374115470106,0.20737805981563467,1,True,1
15307,15750,284,2224,3090,2016-05-18T23:00:00Z,2016-05-22T23:00:00Z,SIDP00980,myeloma,Suspension,R,2016-05-18,0.11538508977276693,0.2100063827047429,1,True,1
15408,15809,284,1510,2793,2016-05-22T23:00:00Z,2016-05-26T23:00:00Z,SIDP00464,lymphoma,Suspension,R,2016-05-22,0.16421224496440745,0.1481529395213982,0,True,1
15410,15812,284,2067,2453,2016-05-22T23:00:00Z,2016-05-26T23:00:00Z,SIDP00612,lung_SCLC,Suspension,R,2016-05-22,0.11316619482744679,0.07913269650333388,0,True,1
15412,15815,284,427,3164,2016-05-22T23:00:00Z,2016-05-26T23:00:00Z,SIDP00992,leukemia,Suspension,R,2016-05-22,0.211615535557961,0.33147988238465986,1,True,1
15414,15818,284,1177,2463,2016-05-22T23:00:00Z,2016-05-26T23:00:00Z,SIDP01006,leukemia,Suspension,D/F12,2016-05-22,0.2043103066918745,0.3404218506319026,1,True,1
15416,15821,284,1585,3257,2016-05-22T23:00:00Z,2016-05-26T23:00:00Z,SIDP00620,neuroblastoma,Adherent,D/F12,2016-05-22,0.1022963044674272,0.2007625832412515,1,True,1
15418,15824,284,2122,3306,2016-05-22T23:00:00Z,2016-05-26T23:00:00Z,SIDP00203,lung_NSCLC,Adherent,R,2016-05-22,0.1499953122500422,0.20744724824958208,1,True,1
15420,15827,284,1266,3328,2016-05-22T23:00:00Z,2016-05-26T23:00:00Z,SIDP00217,lung_NSCLC,Adherent,R,2016-05-22,0.1499953122500422,0.20744724824958208,1,True,1
15422,15830,284,1199,2732,2016-05-22T23:00:00Z,2016-05-26T23:00:00Z,SIDP00244,lung,Adherent,R,2016-05-22,0.14820836037818955,0.14185926991564113,0,True,1
15426,15836,284,1327,3460,2016-05-22T23:00:00Z,2016-05-26T23:00:00Z,SIDP00278,urogenital_system,Adherent,D/F12,2016-05-22,0.16939090371612114,0.18142990159387637,1,True,1
15428,15839,284,1858,3461,2016-05-22T23:00:00Z,2016-05-26T23:00:00Z,SIDP00754,urogenital_system,Adherent,R,2016-05-22,0.17669613258220768,0.1724879333466336,0,True,1
15435,15853,284,725,2532,2016-05-22T23:00:00Z,2016-05-26T23:00:00Z,SIDP00320,soft_tissue,Adherent,D/F12,2016-05-22,0.17319522102724988,0.14767925864816744,0,True,1
15439,15859,284,2,2178,2016-05-22T23:00:00Z,2016-05-26T23:00:00Z,SIDP01057,urogenital_system,Adherent,D/F12,2016-05-22,0.16939090371612114,0.18142990159387637,1,True,1
15441,15862,284,1559,2539,2016-05-22T23:00:00Z,2016-05-26T23:00:00Z,SIDP00341,soft_tissue,Adherent,D/F12,2016-05-22,0.17319522102724988,0.14767925864816744,0,True,1
15443,15865,284,1560,2543,2016-05-22T23:00:00Z,2016-05-26T23:00:00Z,SIDP00348,soft_tissue,Adherent,D/F12,2016-05-22,0.17319522102724988,0.14767925864816744,0,True,1
15445,15869,284,2170,3181,2016-05-22T23:00:00Z,2016-05-26T23:00:00Z,SIDP00819,bone,Adherent,D/F12,2016-05-22,0.14595454156300924,0.06728288505461105,0,True,1
15552,15981,284,1796,3152,2016-05-26T23:00:00Z,2016-05-30T23:00:00Z,SIDP00815,breast,Adherent,D/F12,2016-05-26,0.12600158883705465,0.10828522996538029,0,True,1
15556,15987,284,927,6411,2016-05-26T23:00:00Z,2016-05-30T23:00:00Z,SIDP00161,breast,Adherent,D/F12,2016-05-26,0.12600158883705465,0.10828522996538029,0,True,1
15558,15990,284,958,3295,2016-05-26T23:00:00Z,2016-05-30T23:00:00Z,SIDP00195,lung_NSCLC,Semi-Adherent,D/F12,2016-05-26,0.11642591808109398,0.21653256726046444,1,True,1
15560,15993,284,355,3438,2016-05-26T23:00:00Z,2016-05-30T23:00:00Z,SIDP01018,leukemia,Suspension,R,2016-05-26,0.211615535557961,0.33147988238465986,1,True,1
15746,16061,284,482,2225,2016-06-01T23:00:00Z,2016-06-05T23:00:00Z,SIDP00412,kidney,Adherent,D/F12,2016-06-01,0.15802465012492067,0.14434588730371156,0,True,1
15751,16069,284,72,4929,2016-06-01T23:00:00Z,2016-06-05T23:00:00Z,SIDP00515,bone,Semi-Adherent,R,2016-06-01,0.12699560512623406,0.058484267571007886,0,True,1
15757,16081,284,1001,2407,2016-06-01T23:00:00Z,2016-06-05T23:00:00Z,SIDP00529,lung,Adherent,D/F12,2016-06-01,0.140903131512103,0.1508012381628839,1,True,1
15759,16084,284,708,3063,2016-06-01T23:00:00Z,2016-06-05T23:00:00Z,SIDP00605,pancreas,Adherent,D/F12,2016-06-01,0.12234164809209148,0.2558927109509081,1,True,1
15761,16091,284,101,6456,2016-06-01T23:00:00Z,2016-06-05T23:00:00Z,SIDP00613,breast,Adherent,D/F12,2016-06-01,0.12600158883705465,0.10828522996538029,0,True,1
15763,16094,284,2112,3201,2016-06-01T23:00:00Z,2016-06-05T23:00:00Z,SIDP00616,digestive_system,Adherent,R,2016-06-01,0.16066941588566105,0.2091561857906391,1,True,1
15765,16097,284,2255,2465,2016-06-01T23:00:00Z,2016-06-05T23:00:00Z,SIDP00532,lung,Adherent,D/F12,2016-06-01,0.140903131512103,0.1508012381628839,1,True,1
15769,16103,284,1033,2471,2016-06-01T23:00:00Z,2016-06-05T23:00:00Z,SIDP00642,neuroblastoma,Adherent,D/F12,2016-06-01,0.1022963044674272,0.2007625832412515,1,True,1
15772,16108,284,1221,3358,2016-06-01T23:00:00Z,2016-06-05T23:00:00Z,SIDP00746,lung_NSCLC,Adherent,R,2016-06-01,0.1499953122500422,0.20744724824958208,1,True,1
15774,16111,284,2200,3380,2016-06-01T23:00:00Z,2016-06-05T23:00:00Z,SIDP00251,lung_NSCLC,Adherent,R,2016-06-01,0.1499953122500422,0.20744724824958208,1,True,1
15776,16114,284,373,3467,2016-06-01T23:00:00Z,2016-06-05T23:00:00Z,SIDP00929,urogenital_system,Adherent,R,2016-06-01,0.17669613258220768,0.1724879333466336,0,True,1
15784,16129,284,25,2051,2016-06-01T23:00:00Z,2016-06-05T23:00:00Z,SIDP01037,urogenital_system,Adherent,R,2016-06-01,0.17669613258220768,0.1724879333466336,0,True,1
15787,16134,284,233,2099,2016-06-01T23:00:00Z,2016-06-05T23:00:00Z,SIDP00309,lung_NSCLC,Adherent,D/F12,2016-06-01,0.1426900833839557,0.21638921649682483,1,True,1
15814,16163,284,1074,2730,2016-06-02T23:00:00Z,2016-06-06T23:00:00Z,SIDP00782,lung,Adherent,R,2016-06-02,0.14820836037818955,0.14185926991564113,0,True,1
15822,16175,284,944,6460,2016-06-02T23:00:00Z,2016-06-06T23:00:00Z,SIDP00866,aero_dig_tract,Adherent,D/F12,2016-06-02,0.12977374115470106,0.20737805981563467,1,True,1
15824,16178,284,1614,3079,2016-06-02T23:00:00Z,2016-06-06T23:00:00Z,SIDP00901,aero_dig_tract,Adherent,R,2016-06-02,0.1370789700207876,0.19843609156839193,1,True,1
15826,16181,284,45,3101,2016-06-02T23:00:00Z,2016-06-06T23:00:00Z,SIDP00904,lung_NSCLC,Adherent,R,2016-06-02,0.1499953122500422,0.20744724824958208,1,True,1
15828,16184,284,47,3120,2016-06-02T23:00:00Z,2016-06-06T23:00:00Z,SIDP00905,lung_NSCLC,Suspension,R,2016-06-02,0.16481909631783756,0.2286597312077797,1,True,1
15832,16193,284,1263,3169,2016-06-02T23:00:00Z,2016-06-06T23:00:00Z,SIDP00818,leukemia,Suspension,R,2016-06-02,0.211615535557961,0.33147988238465986,1,True,1
15834,16196,284,628,3206,2016-06-02T23:00:00Z,2016-06-06T23:00:00Z,SIDP01005,leukemia,Suspension,R,2016-06-02,0.211615535557961,0.33147988238465986,1,True,1
15836,16199,284,1780,2484,2016-06-02T23:00:00Z,2016-06-06T23:00:00Z,SIDP00180,lung_NSCLC,Adherent,D/F12,2016-06-02,0.1426900833839557,0.21638921649682483,1,True,1
15838,16202,284,1691,6449,2016-06-02T23:00:00Z,2016-06-06T23:00:00Z,SIDP00246,lung_NSCLC,Adherent,R,2016-06-02,0.1499953122500422,0.20744724824958208,1,True,1
15841,16216,284,481,2137,2016-06-02T23:00:00Z,2016-06-06T23:00:00Z,SIDP00324,digestive_system,Adherent,R,2016-06-02,0.16066941588566105,0.2091561857906391,1,True,1
15911,16234,284,310,2814,2016-06-05T23:00:00Z,2016-06-09T23:00:00Z,SIDP00122,leukemia,Suspension,R,2016-06-05,0.211615535557961,0.33147988238465986,1,True,1
15913,16237,284,1030,3018,2016-06-05T23:00:00Z,2016-06-09T23:00:00Z,SIDP00478,lymphoma,Suspension,R,2016-06-05,0.16421224496440745,0.1481529395213982,0,True,1
15915,16240,284,184,3024,2016-06-05T23:00:00Z,2016-06-09T23:00:00Z,SIDP00483,myeloma,Suspension,R,2016-06-05,0.11538508977276693,0.2100063827047429,1,True,1
15917,16243,284,406,3030,2016-06-05T23:00:00Z,2016-06-09T23:00:00Z,SIDP00143,digestive_system,Semi-Adherent,D/F12,2016-06-05,0.12710002171671284,0.2182415048015215,1,True,1
15919,16252,284,415,4093,2016-06-05T23:00:00Z,2016-06-09T23:00:00Z,SIDP00162,breast,Adherent,D/F12,2016-06-05,0.12600158883705465,0.10828522996538029,0,True,1
15921,16255,284,674,3231,2016-06-05T23:00:00Z,2016-06-09T23:00:00Z,SIDP00619,lung_SCLC,Suspension,R,2016-06-05,0.11316619482744679,0.07913269650333388,0,True,1
15927,16264,284,1224,3381,2016-06-05T23:00:00Z,2016-06-09T23:00:00Z,SIDP00751,lung_NSCLC,Adherent,R,2016-06-05,0.1499953122500422,0.20744724824958208,1,True,1
15937,16285,284,1983,2042,2016-06-05T23:00:00Z,2016-06-09T23:00:00Z,SIDP00534,thyroid,Adherent,D/F12,2016-06-05,0.18627045274166212,0.24898852088182732,1,True,1
15939,16288,284,2054,2075,2016-06-05T23:00:00Z,2016-06-09T23:00:00Z,SIDP00299,aero_dig_tract,Adherent,D/F12,2016-06-05,0.12977374115470106,0.20737805981563467,1,True,1
15951,16306,284,1038,2986,2016-06-05T23:00:00Z,2016-06-09T23:00:00Z,SIDP00880,digestive_system,Adherent,D/F12,2016-06-05,0.15336418701957455,0.21809815403788188,1,True,1
15957,16318,284,915,3337,2016-06-05T23:00:00Z,2016-06-09T23:00:00Z,SIDP00224,lung_NSCLC,Semi-Adherent,D/F12,2016-06-05,0.11642591808109398,0.21653256726046444,1,True,1
15959,16321,284,1641,2526,2016-06-05T23:00:00Z,2016-06-09T23:00:00Z,SIDP00308,soft_tissue,Adherent,D/F12,2016-06-05,0.17319522102724988,0.14767925864816744,0,True,1
16044,16219,284,218,2584,2016-06-05T23:00:00Z,2016-06-09T23:00:00Z,SIDP00744,urogenital_system,Suspension,R,2016-06-05,0.191519916650003,0.1937004163048312,1,True,1
16665,16294,284,2154,6429,2016-06-05T23:00:00Z,2016-06-09T23:00:00Z,SIDP00366,urogenital_system,Adherent,D/F12,2016-06-05,0.16939090371612114,0.18142990159387637,1,True,1
16209,16520,284,1575,3311,2016-06-12T23:00:00Z,2016-06-16T23:00:00Z,SIDP00839,aero_dig_tract,Adherent,D/F12,2016-06-12,0.12977374115470106,0.20737805981563467,1,True,1
16211,16523,284,641,6589,2016-06-12T23:00:00Z,2016-06-16T23:00:00Z,SIDP00417,pancreas,Adherent,D/F12,2016-06-12,0.12234164809209148,0.2558927109509081,1,True,1
16225,16546,284,918,3370,2016-06-12T23:00:00Z,2016-06-16T23:00:00Z,SIDP00748,lung_NSCLC,Adherent,R,2016-06-12,0.1499953122500422,0.20744724824958208,1,True,1
16227,16549,284,1815,3375,2016-06-12T23:00:00Z,2016-06-16T23:00:00Z,SIDP00248,lung_NSCLC,Adherent,R,2016-06-12,0.1499953122500422,0.20744724824958208,1,True,1
16231,16558,284,1545,6457,2016-06-12T23:00:00Z,2016-06-16T23:00:00Z,SIDP00266,lung_SCLC,Suspension,R,2016-06-12,0.11316619482744679,0.07913269650333388,0,True,1
16243,16576,284,399,6459,2016-06-12T23:00:00Z,2016-06-16T23:00:00Z,SIDP00295,bone,Adherent,R,2016-06-12,0.15325977042909578,0.058340916807368304,0,True,1
16245,16579,284,1765,2066,2016-06-12T23:00:00Z,2016-06-16T23:00:00Z,SIDP00947,lung_SCLC,Adherent,D/F12,2016-06-12,0.09103718189356491,0.06686218179237902,0,True,1
16249,16585,284,945,2527,2016-06-12T23:00:00Z,2016-06-16T23:00:00Z,SIDP00311,skin,Adherent,D/F12,2016-06-12,0.3243196186180558,0.4245009245247359,1,True,1
16251,16588,284,946,2531,2016-06-12T23:00:00Z,2016-06-16T23:00:00Z,SIDP00319,bone,Adherent,D/F12,2016-06-12,0.14595454156300924,0.06728288505461105,0,True,1
16253,16591,284,1452,2160,2016-06-12T23:00:00Z,2016-06-16T23:00:00Z,SIDP00332,leukemia,Suspension,R,2016-06-12,0.211615535557961,0.33147988238465986,1,True,1
16255,16594,284,1470,2267,2016-06-12T23:00:00Z,2016-06-16T23:00:00Z,SIDP00367,lymphoma,Suspension,R,2016-06-12,0.16421224496440745,0.1481529395213982,0,True,1
16372,16680,284,799,2359,2016-06-15T23:00:00Z,2016-06-19T23:00:00Z,SIDP00588,digestive_system,Suspension,R,2016-06-15,0.1754931999534564,0.2303686687488367,1,True,1
16378,16689,284,1977,2427,2016-06-15T23:00:00Z,2016-06-19T23:00:00Z,SIDP00896,neuroblastoma,Adherent,R,2016-06-15,0.10960153333351372,0.19182061499400876,1,True,1
16382,16695,284,401,4581,2016-06-15T23:00:00Z,2016-06-19T23:00:00Z,SIDP00739,skin,Semi-Adherent,R,2016-06-15,0.3053606821812806,0.41570230704113276,1,True,1
16384,16698,284,1542,3202,2016-06-15T23:00:00Z,2016-06-19T23:00:00Z,SIDP00617,digestive_system,Adherent,R,2016-06-15,0.16066941588566105,0.2091561857906391,1,True,1
16386,16701,284,32,2474,2016-06-15T23:00:00Z,2016-06-19T23:00:00Z,SIDP00645,neuroblastoma,Adherent,D/F12,2016-06-15,0.1022963044674272,0.2007625832412515,1,True,1
16388,16704,284,1235,3271,2016-06-15T23:00:00Z,2016-06-19T23:00:00Z,SIDP00177,lung_NSCLC,Adherent,R,2016-06-15,0.1499953122500422,0.20744724824958208,1,True,1
16390,16707,284,1828,3294,2016-06-15T23:00:00Z,2016-06-19T23:00:00Z,SIDP00194,lung_NSCLC,Adherent,D/F12,2016-06-15,0.1426900833839557,0.21638921649682483,1,True,1
16394,16722,284,1179,2523,2016-06-15T23:00:00Z,2016-06-19T23:00:00Z,SIDP00300,skin,Adherent,D/F12,2016-06-15,0.3243196186180558,0.4245009245247359,1,True,1
16396,16725,284,2058,2130,2016-06-15T23:00:00Z,2016-06-19T23:00:00Z,SIDP00958,urogenital_system,Adherent,D/F12,2016-06-15,0.16939090371612114,0.18142990159387637,1,True,1
16400,16731,284,131,2193,2016-06-15T23:00:00Z,2016-06-19T23:00:00Z,SIDP00350,nervous_system,Adherent,D/F12,2016-06-15,0.15634157889038586,0.16437314930107988,1,True,1
16402,16734,284,2253,2555,2016-06-15T23:00:00Z,2016-06-19T23:00:00Z,SIDP00966,aero_dig_tract,Adherent,D/F12,2016-06-15,0.12977374115470106,0.20737805981563467,1,True,1
16404,16737,284,1401,2563,2016-06-15T23:00:00Z,2016-06-19T23:00:00Z,SIDP00770,kidney,Adherent,R,2016-06-15,0.1653298789910072,0.13540391905646879,0,True,1
16426,16743,284,1469,2598,2016-06-16T23:00:00Z,2016-06-20T23:00:00Z,SIDP00425,aero_dig_tract,Adherent,R,2016-06-16,0.1370789700207876,0.19843609156839193,1,True,1
16449,16754,284,1267,2441,2016-06-16T23:00:00Z,2016-06-20T23:00:00Z,SIDP00571,urogenital_system,Adherent,D/F12,2016-06-16,0.16939090371612114,0.18142990159387637,1,True,1
16454,16765,284,67,2506,2016-06-16T23:00:00Z,2016-06-20T23:00:00Z,SIDP00924,nervous_system,Adherent,R,2016-06-16,0.1636468077564724,0.1554311810538371,0,True,1
16455,16767,284,197,3484,2016-06-16T23:00:00Z,2016-06-20T23:00:00Z,SIDP00284,pancreas,Adherent,R,2016-06-16,0.129646876958178,0.24695074270366532,1,True,1
16458,16772,284,1781,2522,2016-06-16T23:00:00Z,2016-06-20T23:00:00Z,SIDP00761,nervous_system,Adherent,R,2016-06-16,0.1636468077564724,0.1554311810538371,0,True,1
16461,16778,284,1482,2134,2016-06-16T23:00:00Z,2016-06-20T23:00:00Z,SIDP00322,digestive_system,Adherent,R,2016-06-16,0.16066941588566105,0.2091561857906391,1,True,1
16463,16781,284,2037,2165,2016-06-16T23:00:00Z,2016-06-20T23:00:00Z,SIDP00334,lung_SCLC,Adherent,D/F12,2016-06-16,0.09103718189356491,0.06686218179237902,0,True,1
16551,16804,284,1624,3798,2016-06-20T23:00:00Z,2016-06-24T23:00:00Z,SIDP00814,aero_dig_tract,Suspension,R,2016-06-20,0.15190275408858292,0.21964857452658954,1,True,1
16552,16809,284,1237,3287,2016-06-20T23:00:00Z,2016-06-24T23:00:00Z,SIDP00190,lung_NSCLC,Semi-Adherent,D/F12,2016-06-20,0.11642591808109398,0.21653256726046444,1,True,1
16554,16818,284,1712,3443,2016-06-20T23:00:00Z,2016-06-24T23:00:00Z,SIDP00923,digestive_system,Adherent,D/F12,2016-06-20,0.15336418701957455,0.21809815403788188,1,True,1
16558,16827,284,1473,2062,2016-06-20T23:00:00Z,2016-06-24T23:00:00Z,SIDP00944,aero_dig_tract,Adherent,D/F12,2016-06-20,0.12977374115470106,0.20737805981563467,1,True,1
16560,16830,284,1476,2074,2016-06-20T23:00:00Z,2016-06-24T23:00:00Z,SIDP00298,aero_dig_tract,Adherent,D/F12,2016-06-20,0.12977374115470106,0.20737805981563467,1,True,1
16564,16836,284,290,2127,2016-06-20T23:00:00Z,2016-06-24T23:00:00Z,SIDP00957,lymphoma,Suspension,R,2016-06-20,0.16421224496440745,0.1481529395213982,0,True,1
16572,16863,284,88,3416,2016-06-20T23:00:00Z,2016-06-24T23:00:00Z,SIDP00272,digestive_system,Adherent,R,2016-06-20,0.16066941588566105,0.2091561857906391,1,True,1
16580,16875,284,8,2239,2016-06-20T23:00:00Z,2016-06-24T23:00:00Z,SIDP00774,skin,Adherent,D/F12,2016-06-20,0.3243196186180558,0.4245009245247359,1,True,1
16582,16878,284,1470,2267,2016-06-20T23:00:00Z,2016-06-24T23:00:00Z,SIDP00367,lymphoma,Suspension,R,2016-06-20,0.16421224496440745,0.1481529395213982,0,True,1
16672,17031,284,560,2011,2016-06-23T23:00:00Z,2016-06-27T23:00:00Z,SIDP00834,pancreas,Adherent,R,2016-06-23,0.129646876958178,0.24695074270366532,1,True,1
16694,16983,284,906,3020,2016-06-23T23:00:00Z,2016-06-27T23:00:00Z,SIDP00480,lymphoma,Suspension,R,2016-06-23,0.16421224496440745,0.1481529395213982,0,True,1
16696,16986,284,1228,3207,2016-06-23T23:00:00Z,2016-06-27T23:00:00Z,SIDP00909,leukemia,Semi-Adherent,R,2016-06-23,0.17052758618730396,0.31041075019010184,1,True,1
16708,17007,284,1271,2019,2016-06-23T23:00:00Z,2016-06-27T23:00:00Z,SIDP00936,large_intestine,Adherent,R,2016-06-23,0.13140433360004045,0.2866484014315055,1,True,1
16710,17010,284,1480,2118,2016-06-23T23:00:00Z,2016-06-27T23:00:00Z,SIDP00315,neuroblastoma,Adherent,D/F12,2016-06-23,0.1022963044674272,0.2007625832412515,1,True,1
17211,17441,284,450,2409,2016-07-07T23:00:00Z,2016-07-11T23:00:00Z,SIDP00531,lung_SCLC,Suspension,R,2016-07-07,0.11316619482744679,0.07913269650333388,0,True,1
17213,17459,284,1104,3403,2016-07-07T23:00:00Z,2016-07-11T23:00:00Z,SIDP00265,lung_NSCLC,Adherent,D/F12,2016-07-07,0.1426900833839557,0.21638921649682483,1,True,1
17215,17468,284,1310,2163,2016-07-07T23:00:00Z,2016-07-11T23:00:00Z,SIDP00333,nervous_system,Adherent,D/F12,2016-07-07,0.15634157889038586,0.16437314930107988,1,True,1
17221,17477,284,579,2544,2016-07-07T23:00:00Z,2016-07-11T23:00:00Z,SIDP00629,urogenital_system,Suspension,R,2016-07-07,0.191519916650003,0.1937004163048312,1,True,1
17223,17480,284,1312,2556,2016-07-07T23:00:00Z,2016-07-11T23:00:00Z,SIDP00967,aero_dig_tract,Adherent,D/F12,2016-07-07,0.12977374115470106,0.20737805981563467,1,True,1
17329,17558,284,1240,3303,2016-07-10T23:00:00Z,2016-07-14T23:00:00Z,SIDP00200,lung_NSCLC,Adherent,R,2016-07-10,0.1499953122500422,0.20744724824958208,1,True,1
17331,17564,284,961,2046,2016-07-10T23:00:00Z,2016-07-14T23:00:00Z,SIDP00011,lymphoma,Suspension,R,2016-07-10,0.16421224496440745,0.1481529395213982,0,True,1
17339,17576,284,130,2143,2016-07-10T23:00:00Z,2016-07-14T23:00:00Z,SIDP00328,lymphoma,Suspension,R,2016-07-10,0.16421224496440745,0.1481529395213982,0,True,1
17341,17579,284,2036,2153,2016-07-10T23:00:00Z,2016-07-14T23:00:00Z,SIDP01053,lymphoma,Suspension,R,2016-07-10,0.16421224496440745,0.1481529395213982,0,True,1
17347,17588,284,601,2287,2016-07-10T23:00:00Z,2016-07-14T23:00:00Z,SIDP01065,lymphoma,Suspension,R,2016-07-10,0.16421224496440745,0.1481529395213982,0,True,1
17349,17591,284,468,2566,2016-07-10T23:00:00Z,2016-07-14T23:00:00Z,SIDP00976,nervous_system,Adherent,D/F12,2016-07-10,0.15634157889038586,0.16437314930107988,1,True,1
17632,17894,284,1166,2126,2016-07-17T23:00:00Z,2016-07-21T23:00:00Z,SIDP00765,urogenital_system,Adherent,R,2016-07-17,0.17669613258220768,0.1724879333466336,0,True,1
17634,17891,284,1000,2272,2016-07-17T23:00:00Z,2016-07-21T23:00:00Z,SIDP00368,skin,Adherent,D/F12,2016-07-17,0.3243196186180558,0.4245009245247359,1,True,1
17638,17885,284,277,2255,2016-07-17T23:00:00Z,2016-07-21T23:00:00Z,SIDP00972,lung_NSCLC,Adherent,D/F12,2016-07-17,0.1426900833839557,0.21638921649682483,1,True,1
17642,17879,284,1369,2422,2016-07-17T23:00:00Z,2016-07-21T23:00:00Z,SIDP00888,lung_NSCLC,Adherent,D/F12,2016-07-17,0.1426900833839557,0.21638921649682483,1,True,1
17657,17853,284,1554,7169,2016-07-17T23:00:00Z,2016-07-21T23:00:00Z,SIDP00828,aero_dig_tract,Adherent,R,2016-07-17,0.1370789700207876,0.19843609156839193,1,True,1
17663,17841,284,1344,7170,2016-07-17T23:00:00Z,2016-07-21T23:00:00Z,SIDP00900,soft_tissue,Adherent,D/F12,2016-07-17,0.17319522102724988,0.14767925864816744,0,True,1
17693,17912,284,2107,3342,2016-07-20T23:00:00Z,2016-07-24T23:00:00Z,SIDP00226,lung_SCLC,Adherent,R,2016-07-20,0.09834241075965144,0.05792021354513627,0,True,1
17697,17918,284,1191,5235,2016-07-20T23:00:00Z,2016-07-24T23:00:00Z,SIDP00762,skin,Adherent,R,2016-07-20,0.33162484748414234,0.4155589562774932,1,True,1
17703,17927,284,548,2235,2016-07-20T23:00:00Z,2016-07-24T23:00:00Z,SIDP01061,leukemia,Suspension,R,2016-07-20,0.211615535557961,0.33147988238465986,1,True,1
17705,17930,284,80,3336,2016-07-20T23:00:00Z,2016-07-24T23:00:00Z,SIDP00223,lung_NSCLC,Adherent,D/F12,2016-07-20,0.1426900833839557,0.21638921649682483,1,True,1
17707,17933,284,129,2138,2016-07-20T23:00:00Z,2016-07-24T23:00:00Z,SIDP00325,digestive_system,Adherent,R,2016-07-20,0.16066941588566105,0.2091561857906391,1,True,1
17715,17953,284,344,7071,2016-07-20T23:00:00Z,2016-07-24T23:00:00Z,SIDP00160,breast,Adherent,D/F12,2016-07-20,0.12600158883705465,0.10828522996538029,0,True,1
17907,18082,284,1213,2938,2016-07-27T23:00:00Z,2016-07-31T23:00:00Z,SIDP00869,digestive_system,Adherent,R,2016-07-27,0.16066941588566105,0.2091561857906391,1,True,1
18013,18263,284,661,6309,2016-08-03T23:00:00Z,2016-08-07T23:00:00Z,SIDP00097,bone,Adherent,R,2016-08-03,0.15325977042909578,0.058340916807368304,0,True,1
18017,18272,284,2098,3015,2016-08-03T23:00:00Z,2016-08-07T23:00:00Z,SIDP00029,leukemia,Suspension,D/F12,2016-08-03,0.2043103066918745,0.3404218506319026,1,True,1
18019,18275,284,1518,7190,2016-08-03T23:00:00Z,2016-08-07T23:00:00Z,SIDP00496,aero_dig_tract,Adherent,R,2016-08-03,0.1370789700207876,0.19843609156839193,1,True,1
18021,18278,284,2147,3382,2016-08-03T23:00:00Z,2016-08-07T23:00:00Z,SIDP00252,lung_SCLC,Suspension,R,2016-08-03,0.11316619482744679,0.07913269650333388,0,True,1
18025,18287,284,1635,6410,2016-08-03T23:00:00Z,2016-08-07T23:00:00Z,SIDP01060,myeloma,Semi-Adherent,R,2016-08-03,0.07429714040210988,0.1889372505101849,1,True,1
18327,18735,284,1479,2085,2016-08-15T23:00:00Z,2016-08-19T23:00:00Z,SIDP00301,lung_SCLC,Semi-Adherent,R,2016-08-15,0.07207824545678973,0.058063564308775906,0,True,1
18349,18726,284,2219,3087,2016-08-15T23:00:00Z,2016-08-19T23:00:00Z,SIDP00501,aero_dig_tract,Adherent,R,2016-08-15,0.1370789700207876,0.19843609156839193,1,True,1
18614,19038,284,60,7253,2016-08-22T23:00:00Z,2016-08-26T23:00:00Z,SIDP00498,aero_dig_tract,Adherent,R,2016-08-22,0.1370789700207876,0.19843609156839193,1,True,1
18705,19124,284,2219,3087,2016-08-29T23:00:00Z,2016-09-02T23:00:00Z,SIDP00501,aero_dig_tract,Adherent,R,2016-08-29,0.1370789700207876,0.19843609156839193,1,True,1
18707,19127,284,1479,2085,2016-08-29T23:00:00Z,2016-09-02T23:00:00Z,SIDP00301,lung_SCLC,Semi-Adherent,R,2016-08-29,0.07207824545678973,0.058063564308775906,0,True,1
18709,19139,284,1787,2096,2016-08-29T23:00:00Z,2016-09-02T23:00:00Z,SIDP00952,urogenital_system,Adherent,D/F12,2016-08-29,0.16939090371612114,0.18142990159387637,1,True,1
18717,19154,284,1380,3383,2016-08-29T23:00:00Z,2016-09-02T23:00:00Z,SIDP00253,lung_SCLC,Suspension,R,2016-08-29,0.11316619482744679,0.07913269650333388,0,True,1
18723,19169,284,655,7249,2016-08-29T23:00:00Z,2016-09-02T23:00:00Z,SIDP00735,breast,Adherent,D/F12,2016-08-29,0.12600158883705465,0.10828522996538029,0,True,1
19422,19475,284,341,3396,2016-09-05T23:00:00Z,2016-09-09T23:00:00Z,SIDP00262,lung_NSCLC,Adherent,R,2016-09-05,0.1499953122500422,0.20744724824958208,1,True,1
19675,20243,284,90,3312,2016-09-25T23:00:00Z,2016-09-29T23:00:00Z,SIDP00207,lung_NSCLC,Adherent,D/F12,2016-09-25,0.1426900833839557,0.21638921649682483,1,True,1
