,Androgen,EGFR,Estrogen,Hypoxia,JAK-STAT,MAPK,NFkB,p53,PI3K,TGFb,TNFa,Trail,VEGF,WNT
SIDM00042,0.4866285166834944,5.39296906745029,1.9041783796650205,6.972561813527948,10.266154857193088,9.102547611903368,2.979766892367878,-0.92109450380624,0.6546811662006772,-3.8620114459396384,3.32297077680092,-5.2441013911305685,-5.653382185047699,-2.5417910537126027
SIDM00049,-0.0133242584684172,4.922737136541719,1.9130192892016311,5.154733102055962,2.005167177755579,7.343310980272747,-0.6151450735072252,-0.4162139728836905,1.2687375193324013,-3.537046270178507,-0.5601571515929462,-4.907944298171681,-4.649903566896996,-2.4563111282978047
SIDM00053,0.7733449799879186,5.024534615025436,2.4695464738380184,6.9123650603987175,10.915995959483322,8.416311057519186,4.809714606603051,-1.1251002126737517,1.1909437825092777,-2.948032503134959,5.4396755045636125,-5.101982883643252,-5.611196258424497,-1.900788215842591
SIDM00097,0.0852920553376342,3.6816585366921535,7.129439759396365,6.899272576383887,-0.4245085038501625,5.704082797356414,-2.022293638453371,-0.1039672195421993,1.5026566183056795,-4.075014860064796,-1.74938638068077,-4.4974871777746985,-5.682425792121506,-4.358492057960593
SIDM00118,-0.8260537625513816,5.368760455891206,1.3471279475840034,6.251607184622502,5.779099896976902,8.017485510098274,0.5960511817058786,-0.6466385808249301,1.329025918916918,-4.544222432621013,0.0851433892257104,-4.811802641041853,-5.631620133835729,-3.8705324521027342
SIDM00122,0.0389208557409475,3.591584828572572,0.1856703049871821,8.650085518927757,0.8594392596920423,7.559355613756004,3.3749747150984604,-1.7179615218729587,-0.1917524202430001,0.912384255613994,3.613537241208848,-5.329314333957695,-4.381621133409331,-4.771725028566193
SIDM00130,0.2767171232577928,5.64018743674536,1.6961445086638345,7.875666312396674,7.853684784455882,9.435136963842291,4.426316291529847,-0.1740257149226941,0.4498902355033952,-2.568654649327456,5.288593904142465,-5.444581626447663,-4.614926817862619,-2.5467462792728406
SIDM00132,0.3597221681708975,4.588815253508916,1.772942915507877,6.304585355157251,7.456362518106802,8.613738131088683,4.719839885480224,0.9577663353172492,-1.2276184652785151,-3.5662553318794017,6.193008235057872,-5.565076932589674,-4.887806474274394,-3.3496425542422674
SIDM00135,-0.052399611707476,2.827356868553177,0.6595470166416905,13.05095563559975,0.5725051333921658,7.05731632535,2.5782651847628264,-1.7896538623758016,-0.0575502391541523,4.962068244986192,2.539550176065402,-5.349221535548758,-4.989897959221556,-4.643246418422826
SIDM00136,1.170924522585416,5.239960363343024,2.231665394651693,8.831230957700095,4.095305790074335,8.78322508097128,-0.2178517379394217,-0.2927909422735225,1.0363045133388118,-4.127015849741672,-0.4176166389254506,-5.270561816775473,-5.74119746914339,-3.66620028157802
SIDM00146,-0.2848825597733928,4.390894113077144,0.2332393102924481,9.182529262465607,4.809036384385597,9.960367204952563,1.390037409658273,-1.7460338471103276,-0.1941311190836526,-1.5049503033284888,1.4836249896211595,-4.746363321511042,-5.0871013153125135,-4.085142778878746
SIDM00148,-0.2350852203589434,3.65444134543064,8.300324278363071,7.050302852744433,-1.8337224526271112,6.102658874038475,-2.676073704959395,0.514812775626776,0.1954777711276739,-3.7846582893263503,-3.116045634090742,-4.201269412735194,-6.005436602330258,-5.202619039818749
SIDM00150,-0.0608650677557805,5.62764641021111,0.7189157303290977,6.456383579690648,-0.2426867973513805,8.177864013546582,-1.6222278781326471,-0.6062726279717778,1.0677268879561264,-4.915115105271447,-1.7375237441312263,-4.434663051110096,-5.318325668098145,-4.551600391187897
SIDM00193,-0.162759417487993,4.770996564059882,2.1844136103157474,6.067913962726879,5.183757544650415,7.635941990490097,-0.3659028106929105,-0.8738991094048864,0.298420102329785,-4.248165741567791,0.0186450386599646,-5.013841681531966,-5.502749047079101,-3.4146069639723406
SIDM00214,-0.303456157648964,4.7448796610056245,2.05232372572967,6.150929874332874,4.468169954107792,7.31872914009154,0.4807452864686152,0.5186461192814763,0.6628183729419141,-3.5310720770216006,0.923697532871678,-4.969767933978511,-5.235942065280606,-2.372870269266455
SIDM00216,0.8502365582578849,4.003309197681681,0.9383812146426008,9.647359119027092,0.7372131923466465,7.026550545069145,-2.030512634465058,-0.1306838777069061,1.2962124871356162,-4.801142194392634,-2.249484716529425,-4.767779391821457,-4.943699737646474,-4.8310128546765725
SIDM00217,-0.2803380526350384,4.00030714851691,1.7948792345992133,7.761248877485589,0.9458916014504114,7.90137028702766,-0.2978486018987551,0.0110547828595103,1.0336970193505195,-3.89655659298237,-0.4058285831973686,-4.973888947733023,-5.304858020334949,-3.495879504136569
SIDM00241,0.9997189090269945,3.915416792156001,2.9003987459419545,6.641496687930314,-2.537577384526739,5.681097142153187,-2.2309601639650167,-0.2733803334055756,0.0966478611297853,-2.290577857229516,-3.0002774434359285,-5.329755987849,-4.81889637054834,-4.453671485735284
SIDM00272,1.1410738099070117,3.664411040242952,2.8082728723249377,6.59163005761482,-2.19336191849221,6.707764689298286,-2.917892948372656,-0.6483218667037555,0.1224779519894109,-3.360937213433532,-3.110138203470436,-4.630851957045668,-4.963149485133492,-4.796566659762456
SIDM00282,0.2380945350229908,4.018775049684956,2.139218656701309,6.381952691399375,7.797638799395206,8.219742770761767,0.4330630700794017,0.6339370990727857,0.2209047606654488,-4.809533939192143,0.2922601190531476,-4.822823864166907,-5.605737898183143,-2.4902603735387823
SIDM00301,-0.5110514816896345,4.925256232083615,0.2926257953276048,6.444998604667114,0.0634753939483361,8.993676578448122,-0.5490594975872591,-1.2069407450985106,0.9120621573051608,-2.4292899838246576,0.0585057128463454,-4.44630694035992,-4.993508894348093,-4.798371655722487
SIDM00332,1.9718643778463028,3.6113769531538105,4.014914167286159,8.063178830505208,-0.6841600879187747,7.148796339712068,-2.5127635253456124,0.0865013975514587,1.5477952792972889,-2.678936616940889,-2.8692511696285536,-5.06252284698608,-5.242856427701854,-4.555797385041188
SIDM00359,-0.8052935264621955,5.868210372779152,1.3513674311566588,7.5217886273136445,7.185556662410297,8.513093106981138,0.4298859183730181,-0.564609609434853,2.127764395717545,-4.693796461877309,0.6214753859461699,-4.2096786940542,-5.320800079189426,-2.2179652573545483
SIDM00371,-0.0893775875723107,5.744086263417403,2.4869278480036057,6.109374631310279,4.238115833631929,9.457075248881996,1.0465202097547004,-0.9802055777991608,1.1368171129995843,-3.891526908133762,1.450846668315878,-5.455282548994682,-5.133946706177591,-3.0152642285174758
SIDM00411,0.3648509231327637,5.302841338769643,2.311990579196415,6.491738769511108,7.358854213831975,9.45989119787762,1.1360317008961396,-0.0495922413843087,0.475859504396783,-3.5996612497926392,2.1738355577543595,-5.454422413637744,-5.378411570790792,-3.0905492673934885
SIDM00453,0.1524010469584773,4.088833188690055,-0.4400981342827469,7.157153955569314,0.2712032463278413,8.501633355407387,0.2205802313407645,-1.4422301344653703,0.5283281410285936,-3.756060488676528,0.2344555909563103,-4.670038957924617,-4.7290237143894185,-4.4659996388186896
SIDM00455,-0.495716588918049,4.663520624411555,0.4315883794662501,5.676743652287518,5.728328999310601,9.261720359888187,1.6840519886905627,-1.2284634404036747,-0.1036944858542456,-3.83171787961265,1.1598375703892567,-4.682053481468175,-5.460682653362915,-4.63783858330026
SIDM00469,0.0986417295616212,5.640851620376846,0.6504492720853988,8.021326706908791,3.5715736841627783,10.712031701940957,0.636781200935422,-1.3338702018841186,0.3944235709840563,-3.261555875956885,1.1492776242744325,-5.180513739170997,-5.564230489430427,-3.4622985807051148
SIDM00487,0.0798331318422342,4.574585598593975,0.9085225588163384,6.756738100685746,-0.569527006053546,6.402355487019138,-2.1493194312756674,0.3757171536330079,1.1791790906148223,-5.243442746581929,-2.030249242825857,-4.466216638577996,-5.292220817627701,-4.3041931777193465
SIDM00488,-0.0837847111128607,4.347302859761471,1.0413063067752395,6.04992699159825,8.422507405618822,7.523518115862687,8.320943377711995,-0.8696109964719113,1.521387102220621,-1.569525958136736,8.702554720275693,-5.606031679493759,-5.552737689014874,-3.4179435771381885
SIDM00498,-0.3029269924520751,5.728731718075461,2.06025011115926,6.590462875631809,4.142273094425952,9.98045726177015,3.2488619198391517,0.7564492237934464,0.55028120643176,-2.9501238072440827,3.31516324909582,-5.428641918777043,-5.924703809015614,-2.931611652264391
SIDM00505,-0.313944171985827,3.204356050984591,0.1165069758510775,6.987913921794694,-0.0136226338712348,7.993688367722016,-0.383770843020252,-1.334822261638569,0.7805809860419076,-2.792461944457778,0.2974386845140258,-4.010307820491693,-5.239472255520671,-5.001389588369934
SIDM00527,-0.3067520671290012,4.146262761746527,-0.0529837686529638,7.2538986585683345,2.0921619526917783,9.492661595247304,3.072638540549886,2.102832166556673,0.8490354521283956,0.4080088609927595,3.30502554774338,-4.895466706638606,-4.490232448423801,-3.4777651642200915
SIDM00528,0.6917042926004354,3.351007272245439,6.56382163576723,6.029122928444814,-1.30637979512964,6.349679012656957,-2.708825461173102,-1.108574583275766,0.8345980447035127,-2.996507520701388,-2.922764190718997,-4.99124833429417,-4.853585431104944,-4.661283582016728
SIDM00529,-0.6241363506652045,3.4560707480695183,-0.4409999279294793,7.680417833552562,4.640222275851779,6.411664101393205,1.7702802430185256,-1.470102350962191,1.186910643424275,2.5248127907467945,1.7540563814693826,-4.919231325521216,-4.0454035714709855,-5.151245586645874
SIDM00531,-0.3791086476502361,5.077182897256899,1.1196711710028968,6.060100387817689,4.302822512281438,8.521327873809541,2.252870643336643,0.0206187386463324,0.5612009388484717,-4.223786685957404,2.831542142230967,-5.124376300303153,-5.806155235796305,-4.102610378428183
SIDM00533,-0.8056288976138495,4.623825244843512,0.7813851313693829,5.9042665336458455,3.553063315625024,8.881895256605027,3.4098940142709653,-0.8328769206906127,0.1168010518458933,-3.140598845515526,4.224142444166245,-4.733251556071956,-5.662214960871026,-4.492364771331016
SIDM00534,-0.0064608324367355,5.011884539405676,1.530366414865594,6.1160917108538095,2.9016037696725405,8.447365378026301,1.101929993826141,-0.4366823232987226,0.752063712294889,-4.527323902100228,0.8805917336018803,-5.024051114928086,-5.392739453923081,-3.3290202632624646
SIDM00537,-0.0837855125131937,4.948302332942903,1.7145026496138145,6.461318352642824,1.0062552687500368,7.321186305467838,-1.6116285065561529,1.0031727830946806,1.9148566968307317,-4.322601351265654,-1.9767580843826176,-4.77197411727165,-5.164988393857666,-4.247796863680737
SIDM00541,0.525790945064941,5.102076692132917,1.9471441777726397,5.491193499522879,-0.1590148232304698,6.711076585474034,-1.3601845341197818,-0.514614665984945,1.0157592979829555,-3.3270946343702845,-1.4490689112632742,-4.487282254985773,-4.181524599520933,-1.991606667588557
SIDM00562,0.6289450161785792,2.497959384931877,1.90500098117002,8.449901358271768,-2.7943088077320453,4.726071240192585,-2.241974780679107,-0.3501982433945388,0.2112895682273088,-3.2455031418811697,-2.283639223116894,-5.0758630693604,-5.242926866533225,-5.175751350230754
SIDM00571,-0.6193736213091005,4.984231128990618,0.860001181666094,6.67623662705646,4.641027741324386,9.706441902960355,1.81826141300686,-1.046377856287101,1.4180069069726295,-4.324048134433581,1.6776007747387292,-5.049175265741586,-4.875938365329546,-3.8388149958358095
SIDM00582,-0.318911866716236,5.274175137083695,0.9870248761004896,7.433536410995511,4.003411815272621,7.838409186722945,-0.5158012761686949,-0.0290638135561188,0.7134745620967395,-2.959324013620682,-0.0252963866407902,-5.520574291659966,-5.123332966353529,-3.802128844165505
SIDM00583,0.2109306893500928,4.253305331027205,0.782658414771856,7.479244459134239,-0.0642373772420239,8.529163081457064,0.599401898320814,-1.542087915510183,0.3864125410578913,-1.5665438064213744,1.1845752424656415,-4.96608615804061,-5.457183532408493,-4.508973422348052
SIDM00628,1.3423009625832611,4.340418238310875,2.012029565327827,7.028072912372069,4.935744239629988,7.4224868107545054,1.4535389549119382,-1.513513674733438,-0.2037858063770098,-2.008903937223603,1.9430564887144015,-5.5761330850525495,-5.465444481420917,-3.609253726389295
SIDM00629,0.1231984633504151,3.899407638863308,0.8350120634448303,8.116249448727839,3.3943792623207627,8.217704958969398,5.968753778511694,-2.175739111047548,-0.3057700414591741,-1.3374478622377146,5.5245761556467246,-5.09887043325414,-4.53497697538226,-4.777268917747958
SIDM00630,1.74098012381239,4.402084833701978,4.919725142377833,6.566122829302263,5.6687751203327394,5.814935213805014,-0.3892818370703899,-0.4069027816205826,0.4015060519731337,-2.8362741628350863,-0.3073666801618592,-5.246801629676088,-4.559731310248413,-4.971845776603952
SIDM00631,0.7740801988034659,4.119838147255718,7.835633828566866,5.958567362609123,7.000707147938997,5.750714043772296,-2.4241484408253764,-0.550465131083633,1.21607161406244,-3.9705873946217496,-2.454430720365199,-5.391063101915854,-5.073440629565887,-4.717068163074012
SIDM00633,0.4565321399144033,4.725356112928197,5.793078348826683,6.348043699407735,0.954340437203679,7.298411959612146,-1.213701599175029,1.1001827902855208,1.3310469828881386,-3.2057438429348664,-0.7282573677206762,-5.306622181304787,-5.615336928837489,-4.322152127536539
SIDM00660,0.9355307189333596,4.616131581611379,1.355031252592831,6.321916871724333,0.3147116313916404,8.608670096310906,-1.148521689215759,-0.7066402701657308,1.009732220897149,-4.616740169934068,-0.9009603788502636,-4.772649981284513,-4.850603798385585,-4.060040959600106
SIDM00664,-0.1538505376514373,5.368145392442626,-0.2571090405861677,6.82055915056949,7.563474577750269,9.19943548430238,2.042441148611214,0.6858521357127149,-0.9558532483059564,-2.5147142844362875,2.54684775537588,-5.2487477551793535,-4.83722727678465,-3.755319896644804
SIDM00670,-0.1419884448654856,5.592750299984053,0.8188795343223726,6.75223851620933,2.59608923087749,8.294519922877976,0.3225341457306028,0.5722052429974971,0.3218531003143003,-3.452745997769502,1.2453308352774537,-4.7110815306448615,-5.436296229176804,-3.78733819668195
SIDM00673,0.5590122614348949,4.425747434775437,2.6275634072292164,7.546930555622305,8.799596838899877,6.83069073025253,-0.1388279509817483,-0.718034456182988,-0.8049382575730851,-2.55518038252488,1.5789745741726529,-5.935028118465549,-5.782489501341842,-3.8544180736512494
SIDM00675,0.0901085788080667,4.1187319453549405,1.978333797967475,6.303146630747989,2.7706603204474907,7.518339316127222,1.087134299046922,-1.1352472091733594,0.4520690655649569,1.0230042822588905,2.6036363553966573,-5.5106408268504765,-4.829115065999387,-2.163435944435132
SIDM00677,-0.5192989467896539,5.259801985046395,1.851185478818701,5.530803675386234,2.3220178550813024,7.766058418471069,0.4925419624171911,2.7932104522451646,1.0198586495587836,-4.8593505897692095,0.7070859642587605,-4.9532197959342845,-5.246441840879019,-1.5491393847839876
SIDM00680,0.0250855257988604,5.770089267415411,2.040656454354287,6.97612303112002,2.315361132734026,8.848680738766173,-0.7101517566822165,1.158724811095314,1.7834604988855811,-3.7326379962811314,-0.6541627261284312,-5.03190134859977,-6.020680888311711,-3.3379524597145145
SIDM00681,-0.7829547007860532,4.840151185011632,1.140912155976737,5.447396214477175,4.341526629896129,8.196516506969404,-0.5249586246580263,-0.4307886669771515,1.08219292950506,-4.05218979595427,-0.425529299462094,-4.308288475554424,-4.998665970386003,-2.3364488304571647
SIDM00772,1.126333341255777,3.7957391034202654,3.97031864821332,6.466093496855628,-0.9942631743027536,6.801895154469724,-1.6391205222216558,0.6664706288281042,0.1896746819437363,-3.08239947748138,-1.4165828734191357,-4.492083622647751,-5.693238320775598,-4.888146476399762
SIDM00774,-0.3496051491544625,2.91065574197067,1.88978483293449,7.807232297987348,-0.5526874882872279,5.647392089053302,-1.8657403845403815,-1.6035213333551974,1.7521807188025689,-1.6828105247614904,-1.8164457276905333,-4.800515593012985,-5.285352839481986,-4.373398213254856
SIDM00776,-0.3444419384895726,4.06024128496227,1.6037965784701211,6.6376762453243146,12.770226102860471,8.599426637470252,2.1642554583378883,-1.4384862002992775,-0.1286669191766901,-3.286627569677273,2.1574280523575973,-5.0171217255666765,-5.542152076606014,-2.028518361628425
SIDM00777,0.0579097806201508,5.080329561200712,0.6881636970681788,6.430746769716609,2.908091789862903,6.993491409499834,-0.59206875156816,-0.2057294107862473,1.5566682063300572,-4.581331601118296,-0.2052821576399331,-4.6270199499222535,-4.70816604228529,-4.028077808759696
SIDM00778,0.0575465700674304,4.348390630785279,1.443821913812208,6.313701844362186,6.979959765439622,8.550026746983908,1.3148140379104436,-0.5539583467621222,0.0742320205283598,-3.440727241222463,1.658540860621539,-5.144580607523309,-5.337356655899666,-2.227663754765399
SIDM00779,0.9195926924125736,4.579616989139212,-0.0573692486022896,6.8640644918623686,-1.8517653217360743,8.698990008516704,-2.137131369473788,-0.9114187522293702,-1.003955366796687,-3.4397712419107047,-2.6281409168349144,-4.325551476434196,-3.699761995512904,-4.409514380841457
SIDM00781,0.3447330349111172,5.435556504245204,2.4520044749880534,6.8150995298130805,3.7127624302042057,8.502440500171767,0.9802602576004092,0.1792243171992868,0.5998017734596575,-3.196106740105979,0.3580905705484107,-5.247759704660451,-5.787840516752529,-4.226345724160525
SIDM00782,0.1895138360399578,4.909243532461001,1.687197106656562,6.323799644877761,9.196690127534632,8.634270197095551,0.9913449159399936,-0.5736887426514115,-0.6143037295972201,-4.12476163787849,1.331053658943893,-4.582167737602437,-5.048218155667927,-2.777390173633985
SIDM00783,-0.1913442062059107,6.074377377881644,1.20105282773058,7.2534819629834,0.4314025549414841,9.825089500849728,-0.727327074733644,1.00823451428515,1.0835822736454868,-3.2013942705754737,-1.0879341304557877,-4.152592883501565,-5.50054240454263,-4.228180843516873
SIDM00789,-1.03057210085282,4.778743865211676,1.9923100212300688,7.149716325971612,2.3305894791304524,8.085869289031248,-0.4223980560558829,-0.7476160092168942,2.138763014934897,-4.2663037114187485,-1.0416719741008893,-4.589733872557054,-5.577859933297838,-2.728208388724364
SIDM00812,-0.1557601881499433,5.09547587220369,1.603753261361051,6.301653346853423,3.7045470290004423,8.567236415448862,0.0544283872156126,-1.0182119427363046,0.3744737451719249,-3.088714726305596,0.7303881854114147,-4.271188903452822,-5.256545616297432,-0.6560327407191535
SIDM00826,0.5227914619365346,5.9266726762365805,1.99565488043076,6.074297475570185,4.635489432338364,7.875757993824413,-0.1713899394650449,-0.6005512097763853,1.125976465306203,-5.00694303769231,-0.0474834587462998,-4.348913806308583,-5.812684448374932,-2.5465118217546503
SIDM00832,0.6159533707677005,4.762872570849438,1.6932049648440393,6.096948506481466,-0.2134535142697492,7.795206376174319,-1.305373856418932,-0.4646182849387174,1.8252709363629391,-5.35436322605772,-1.5095129246825103,-5.006605894681848,-5.633690871394628,-2.944091997189488
SIDM00833,-0.5648771457117512,5.033074442575407,2.1272756641401345,6.417609128465233,12.140467800892948,7.905623135562374,1.4507521422950511,-0.3302458038475118,1.7685896945928952,-2.238165402000735,1.419337404700978,-5.332844241219727,-5.7287350779127175,-1.5283718307903102
SIDM00834,0.1182907477046154,5.0503404705549695,1.5727988207873227,7.489899901942767,1.7514570011376924,7.66292568217353,-1.0433356212457068,-0.044208103719927,1.9541001678765757,-5.959208403527787,-0.8733533238357114,-4.456182100904346,-5.499667245537741,-3.146259259304658
SIDM00835,0.176884909062547,5.89032295273846,2.739809839472392,5.815090430906073,7.914245103189543,8.343141880629467,3.230556753078846,0.3526402664434318,1.412380288317891,-2.4771209201967213,3.19425534762082,-4.959635362371748,-5.23150451322526,-2.277918248717034
SIDM00837,-0.420924104916911,5.394212345689488,1.5955273071910012,7.0172582093737885,1.0619145286969098,9.967474250426603,0.5852206652272495,1.1407574374027074,1.7769418893534563,-3.608616109012803,0.035674517699364,-4.2195634656272745,-5.52282269997938,-4.063717556081034
SIDM00839,0.0602994654620097,4.387248711090505,1.4482759215525731,6.31439090892723,4.343678408439721,8.23630699301424,-0.1972475074037282,0.5616898686182741,0.3795066454697486,-3.1521705689431108,-0.4372440078848729,-4.950410228331289,-5.038913933488845,-3.456799349732828
SIDM00841,-0.057970679651859,5.198918867473692,1.1258831875020552,6.139474547661837,-0.824879735777343,9.19667673054197,-1.735783404428738,-1.1287941666930978,1.3477337298427183,-3.961124829258212,-1.4775160040590858,-4.123567829071481,-5.230066626953074,-3.2520367819729863
SIDM00842,0.7032201057574211,3.537164084724407,0.0784586274969744,7.223210877804799,-2.117831526417682,5.885966323866879,-3.0117449096560627,-1.6652836505962374,2.066989311434297,-4.116689972578056,-3.3925831531305173,-4.637246352968875,-3.513461499441896,-5.16219554054423
SIDM00866,0.181967243588777,4.501441134039814,1.802872813800227,7.499853617001794,6.330378503150075,7.471432872669143,4.647057443402531,-1.29931639100746,0.8447562846075374,0.0618494685338977,5.80993404420881,-4.728345111238124,-5.6887186164024754,-4.982698259238767
SIDM00870,0.290349053205606,4.392642068614156,3.029885510469416,7.241180251201153,3.156209793570456,6.230824788954969,-1.549214446796818,-0.7785984272084442,1.5176012878024696,-2.973258958050002,-1.1362331750388923,-4.640089149794676,-4.773653235835911,-5.038947845092302
SIDM00872,1.7402264452179328,4.821866631704824,2.2754731583781407,8.175872634926236,6.477301864872032,8.340823014113464,0.7363400892226734,0.0106966219246589,-0.3375077876205451,-2.826945861629912,1.5082719100832422,-5.584493271435632,-5.882910863835718,-4.54166456504207
SIDM00874,-0.3236436191825989,4.203151651337316,1.9623233303762289,6.562722754709282,8.291644239821789,7.087798872886499,1.1151395813380014,-0.1932760736345886,0.4190767496228648,-2.3700653672938423,1.7611760327529575,-5.185819604359706,-5.932232534816854,-4.20582920334631
SIDM00875,0.2944331062938127,5.256844178771387,1.542661195761935,7.20972835510127,5.917434250670283,8.254036522597211,4.91875852267103,0.9474414054773832,1.068056198292889,-1.796672101713571,4.845888134097783,-5.440962062241862,-4.701518083041972,-3.548662246538425
SIDM00877,0.3001929581004048,3.879329700918587,1.4444019848525629,7.244398342037589,-1.2329926265017144,5.908866673398176,-1.6610782503940251,-1.4850290908456576,0.9031208502057412,-1.923852508645322,-0.6603768436682816,-4.509080904231339,-5.245641116607709,-3.6910904072563975
SIDM00878,0.7721109134092174,2.888747497944986,1.0940011157194651,9.165821040684826,3.2493346179088247,6.674005454126454,0.2690900045875425,-2.0470424514190726,0.8198798677016516,-1.638775870829004,0.9077022877515032,-4.8308414754541005,-4.998028559983295,-4.542478801482533
SIDM00879,1.2698272994254018,4.5145745216439375,7.257169161270954,6.321357594861768,-0.5368347465500739,6.258354405343365,-1.9384593704397404,0.0527569714918724,0.6807086706756552,-4.21275308409935,-2.0344664039531737,-4.559595547547335,-5.096592129819535,-4.877181148754879
SIDM00881,0.356094639588618,3.682535110126461,8.156717133759734,6.825930830901768,0.140889017198468,4.999538826583571,-2.324724492099479,-0.5437971192958061,-0.1387413251589846,-4.159502551107654,-2.5233654341138863,-4.652475589427852,-5.127839038233989,-4.468162177707434
SIDM00882,1.3525730396631248,4.069583508743024,4.722198515271554,6.668474540932116,-2.1830357790374912,6.131436939260222,-2.278183994269997,-0.99573039468074,0.815242221668859,-3.0488922765368085,-2.7225758021986537,-4.61972382738126,-4.874419038921517,-4.733169849159817
SIDM00884,-0.8256656664770408,4.42707881964032,0.5988573041312759,8.357346901514378,4.0113279630075365,7.189033204835011,1.223900829153383,-1.656090099660244,0.7516107182905007,1.1570147156986108,1.5909678092232715,-4.835421428788605,-4.770784561771386,-4.898678429693544
SIDM00885,0.0227917280346345,3.030985661224884,1.648857294476827,6.529713243871879,11.69241530566558,5.262350790972653,1.2200607203847629,-1.7163850225892614,0.1296052157664264,-1.5830936499952484,0.8745236479990197,-5.32124088115749,-4.837344722390088,-4.302531418274346
SIDM00892,0.6871768065768817,4.072298888956608,8.41743862742002,7.074775877443038,0.207730910201134,5.890109712096305,-2.060626502081198,0.2464014207452701,1.3507146494501394,-3.528842497413022,-1.7902973123761468,-4.935623713072601,-4.851632844556376,-4.449468264064899
SIDM00893,0.5638216089537924,4.384862064918528,2.007807418774221,7.028341937439351,2.850849013935615,7.284886830656819,0.0260064471058671,-1.5833276293785348,-0.583996483155634,-1.9441729044440896,0.2944496830721557,-4.9632742704339705,-5.454961751154919,-4.543333002360103
SIDM00898,0.8572999587349869,3.577898004016018,2.915023775716496,6.774440683682291,0.8764422698571804,6.3866324575528965,-0.440661000531113,-1.3209255409429448,-0.4468429715691447,-2.9597025446734166,-0.2984363998906593,-5.237171819693652,-5.328489776876014,-5.063390960113596
SIDM00899,-0.1326515400142047,5.8350402171186015,1.5664588887325426,5.962121895174235,5.538122985083079,9.26495801284022,1.6830804996040762,-0.1584982281489962,0.959023313404012,-4.0039694812209286,2.2315077797448866,-4.806951752721789,-5.093839511204908,-3.089059600180567
SIDM00920,0.7342139607095133,3.449899997330819,5.761463277527438,6.567071123501617,-1.4595581500857993,4.920594522620438,-2.142667287619612,-1.279066937271441,0.7332563216780736,-3.269030782327443,-1.9736663831910493,-4.573001636363261,-5.018786789022625,-5.190723739073719
SIDM00928,0.1670355577329338,4.676106806915697,1.6448598962942087,8.271387591095474,4.165277093330638,8.142883866690884,5.093759056926899,-0.7692697730225504,-0.7365843022040364,-1.2180291092480096,6.587175851210085,-5.237602451685143,-5.390929594983347,-4.379214261337385
SIDM00933,-0.1622014271827018,3.9607342504664262,0.8218535985373508,6.891579303739552,-1.5359286110877357,7.424137393847602,0.0138821995258484,-0.2006572820705885,0.84566543777064,-1.00389364050521,0.2923930237099404,-5.244217034974882,-4.15930332272328,-4.319611917233115
SIDM00934,0.6732118369976478,5.0069410867417705,1.2899528789946644,6.0365945135342205,3.922085762202146,8.636508975638739,4.484874387834365,-0.3849347944861239,1.2258368696176738,-4.044051668937324,5.260370771295461,-5.03383100082868,-4.765678499673341,-2.309088910599398
SIDM00938,1.2819507481063055,2.7952816776039846,2.5821001970367723,6.844662026727487,-2.6894446279973443,4.886248296064041,-2.274172706524949,-0.2379580880724229,1.920581882703773,-2.9425800044626733,-2.290258878992597,-4.79411327706216,-4.457937049900943,-4.647338740114243
SIDM00940,-0.0488631693037673,4.007745366687648,0.2142595687839097,7.685140442341751,0.2922316742906808,8.310315579273833,-0.2537660350964891,-1.6500566142537838,0.9574191423167157,-2.1301954934356915,0.2289301059685021,-5.471305522611082,-4.32318180712452,-5.1751608993417975
SIDM00943,0.0794646747336247,4.832668361753967,1.205118008456407,6.440553864293097,5.387241467049025,8.796107311159535,2.743676084545462,-0.9527118663514228,0.5310610188534572,-3.378404668555494,3.834700220614216,-5.537918418489224,-5.920833770581685,-2.4328001004659336
SIDM00944,-1.0833029859710563,4.656546145853474,1.6910232225816546,6.846191454638001,2.456182255663371,9.774956006091,-1.2657525076099914,-0.8668334150897605,1.1510182861292173,-3.3799501614835474,-0.5052873482172732,-4.469432102365675,-5.513608975517228,-0.7431191680554219
SIDM00950,-0.028278312315816,5.284864657661175,0.1616443819227231,5.873247445595875,2.889507195299633,8.908625152739843,1.6510181174865444,0.4670617124924773,-0.5009886049619938,-3.7612912871796502,1.6979998884396563,-5.17796458728752,-5.037241489575745,-4.396598439894093
SIDM00954,0.3225170098569268,3.8929892543334135,1.786373458052539,7.47514172829725,-2.616039982702469,6.178790843173903,-2.406859846855001,-1.7553127966901414,0.5150397907052775,-2.379701833921754,-1.991758234935897,-5.138804430510066,-4.925264793390863,-5.233515604370008
SIDM00957,-0.4312307618589499,4.605510719182363,1.637493694045457,6.315580633294084,2.1889487803123626,7.789215189267987,-0.4262602302581323,3.226871549777628,0.8350190503790926,-3.624419696719943,-0.5313417204319243,-4.866174804299932,-5.577264205606733,-1.9531263439430675
SIDM00963,0.8457865886805074,3.381167787060761,6.132751674085317,7.016037801953855,-1.8071415641774984,5.994762663296789,-2.823484321817871,-1.2550781336854635,-0.2974856445791029,-3.238985987873803,-3.2076783429465063,-4.91188301456673,-4.701963154614806,-4.609153038313873
SIDM00971,1.0405105975198092,4.66510270223172,5.5053312428588494,6.445224734345143,-1.2309434054623838,6.509610167852167,-2.0777859375396,-0.2520171791988871,1.2701386616707295,-3.727791271422416,-2.4924158630795725,-5.016253934775747,-5.366014001405326,-4.542979270725235
SIDM01001,-0.8468878110486066,3.788102974749938,-0.136815666101798,6.319675310558077,-0.8722265245286137,6.775264443386993,-1.8785326516080587,-0.2623852780992616,0.5749852417685218,-2.980605562910529,-1.9529000806213648,-4.385226736503952,-4.849287096462735,-3.276599358802468
SIDM01002,0.1510126754841396,4.28477299530203,4.556018305621205,5.994318098574464,1.8326239453553197,6.0073300668465786,-1.5041992641037745,-0.4032568795752539,0.3796067562110488,-2.929181946594332,-1.70344718217685,-4.815940082855299,-5.305989146669453,-4.762627329318482
SIDM01037,0.246326205114695,3.7754860808185273,1.8883522376889084,7.132666196977099,3.464043495370354,7.940308006150268,0.6872053753241991,-1.08646739992193,0.6637434326075289,-1.497057609159734,0.8145201591095957,-5.029638743233204,-5.111534944085642,-4.714524254691491
SIDM01042,1.6660598590284792,4.1347689168376105,2.4980756854304658,9.427090439619056,-3.74135477547792,4.378561010301519,-2.3209325883244647,-1.1420134744591917,1.5938393088179206,-3.397174323286753,-2.7105631891972144,-4.848452980078561,-5.21252796598607,-4.673242370628461
SIDM01056,-0.2075712332502582,4.410009134613677,7.183190196504132,6.74232577822937,-2.1640549531405475,5.625320612328032,-1.97541622820802,-1.3411145765837271,0.4318315646551391,-3.07604117638866,-1.965238401720548,-4.464607781348545,-5.741853224866657,-4.883151560541706
SIDM01062,-0.835292074724223,3.62893798529831,1.3053863932265335,6.551530551299271,11.852010847304612,6.728300210141518,2.2397884099626286,-1.5852791602097698,2.033729851177997,-1.1935674817151358,2.8324533460121577,-5.176041518046662,-5.850020646548284,-4.229035122650356
SIDM01090,-0.6051135897647887,5.538864353092531,-0.3294269939011433,6.940622231035167,1.2692216137786076,9.610912846735056,0.6447682476072608,0.125968241276584,1.129109311448894,-3.762399303303876,-0.0193252418176032,-4.545070128912313,-4.972796496870386,-5.434619049010276
SIDM01096,0.2971540547164684,4.373084068963037,1.6676294443780724,5.410591853353259,0.0142142212527323,8.029103333879414,1.1186266825066875,1.4102685302701807,-0.4941597839770916,-3.1226722010280854,1.7526727847008745,-4.667041829196953,-5.050297602478333,-2.8954808964607635
SIDM01135,-0.6591797362217996,4.531853394749434,0.3988378546417995,6.276733630518057,7.610005053949283,8.366841480368608,1.778279065369922,-1.3192426172302734,0.483964867694389,-4.351455716408885,2.62284103250388,-4.710102495818405,-5.872335077255118,-4.180987221660769
SIDM01136,0.0699500837189731,4.911275884433294,1.8009723598367755,6.5359919487602,8.375386932296937,9.452714613734386,4.713086796964296,-0.0650216907762754,-1.0681137276899733,-4.084062694832371,4.746905978483767,-5.035723587601541,-5.106145766910218,-2.632500031179897
SIDM01137,-0.0170422781000815,4.849591200548466,1.386273076355302,7.562355271182461,6.118629470982802,9.088114083891268,2.384049934756312,-0.5675786602029348,-0.3436840418603645,-3.37981948804578,3.717357947076852,-4.860663644802147,-5.059759083047876,-3.0755337534540885
SIDM01138,-0.1965247244305871,3.99316645081762,1.0972280796905984,7.749178050048978,10.96341472986869,8.746404353453162,5.395218122929961,-1.4204941777475666,-0.4983593296564454,-3.039327216788993,6.251112137369973,-5.07813971223985,-5.266913204785705,-2.878492301013712
SIDM01139,-1.1224845737475415,4.83059458940708,0.6178474845815873,7.037608693268058,6.927282128502791,9.069729576544876,1.8108240113852156,-1.0179014501262378,-0.1485418876522171,-3.861936893623091,2.7997567727321777,-4.803878540430097,-5.398701494790918,-4.135717727686274
SIDM01165,-0.6790706848807018,4.422395295407893,-0.0263442392087752,6.365174813648292,6.570136281651808,8.747312802725588,1.491348404525623,1.6861602629087835,-0.4755440231633324,-2.510097746371495,1.5806426713707908,-5.131266673664219,-5.110091855069506,-4.087812859579089
SIDM01186,0.9684956789322096,4.691994934878227,3.735266736912544,6.389065637058455,-2.2072010824071047,6.893634094791147,-1.2689349433159889,-0.4910807778552996,-0.4933227808937965,-2.5909645856615047,-1.9461342858347288,-4.713579031979687,-5.434135121232813,-5.408363205463922
SIDM01187,0.4711967255151724,4.049241836546486,6.26307519858002,8.578604006899932,2.303112962670059,6.372092387077137,0.7309438363734311,0.755695325943638,2.1331702737041005,-3.341453157456873,1.1316163191369335,-4.96542600078687,-5.94794379181694,-4.344925106903882
SIDM01188,0.5845542395082279,4.810722207336629,1.8964739760094775,6.603578317632927,7.734895395345131,8.677221989215079,5.7393284121622825,0.1877006325998073,1.317107882495971,-2.920479607009436,6.375633501407118,-5.34165285370496,-5.136974328445313,-2.0611431284831507
SIDM01197,0.6707430885489973,5.470816882783686,2.407972431897456,8.201917513482039,0.514503476399634,7.471285103310377,0.8506735445785545,0.1042955881524543,1.4178666295212314,-4.190289419218657,0.6627253924886329,-5.2831360132946,-5.489772599486278,-2.4568610105084776
SIDM01233,1.2102655408739735,4.073954110715444,2.172505841914499,6.401309771392777,2.333128381710753,6.404258422604895,0.2213076167697307,-0.8073192510460464,1.0959924336859903,-2.693942808766637,-0.2270224169369251,-5.453848181388344,-4.935970960746944,-3.1771513473070927
