MASTER_CELL_ID,unit,date_cluster,first_barcode,last_barcode,selected,same_expansion,gain,first_delta01,first_delta02,first_delta12,last_delta01,last_delta02,last_delta12
3,SIDP00019,2015-09-06,3490,9444,2,False,0.33219921298160593,-0.01518571677045899,-0.6374571396141429,-0.6222714228436839,0.01993462184960426,-0.33219921298160593,-0.3521338348312102
37,SIDP00035,2015-09-06,3499,9437,0,True,0.0,0.22773118423274918,0.3015807565324693,0.07384957229972011,0.3915417334472149,0.19191483231896678,-0.1996269011282481
63,SIDP00379,2015-04-23,5164,5424,0,True,0.0,0.06443469390113854,0.2849059278044792,0.22047123390334067,0.23379945348003073,0.3674097925173311,0.13361033903730035
198,SIDP00627,2015-09-06,3230,9423,0,True,0.0,0.2286429734458898,0.4893487887732926,0.2607058153274028,0.406654516918151,0.35645305714731523,-0.05020145977083579
283,SIDP01030,2015-07-06,7052,7811,0,True,0.0,0.09952386662660184,0.28686982767378244,0.1873459610471806,0.08823395333744355,0.06208205270154088,-0.02615190063590267
304,SIDP00953,2015-03-26,3538,4623,2,True,0.43264726632511863,0.11030619375622608,-0.4480085886352647,-0.5583147823914908,0.20471066646545488,-0.43264726632511863,-0.6373579327905735
305,SIDP00137,2015-05-11,4005,5753,0,True,0.0,0.23011808361905184,0.2224500496873386,-0.007668033931713225,-0.035008973525913145,0.06998279748001313,0.10499177100592627
339,SIDP01001,2015-09-06,3502,9416,0,False,0.0,0.056842888386181456,0.22744293431708207,0.1706000459309006,0.1736548810063001,0.15787768362983368,-0.015777197376466434
346,SIDP00390,2015-05-17,5279,5993,0,True,0.0,0.028762800711149117,0.057496723108331205,0.028733922397182088,-0.19422764145895033,0.024263214469762096,0.21849085592871242
369,SIDP00060,2015-09-06,3236,9382,2,True,0.2634044669947828,-0.05365353327320854,-0.07751618172117014,-0.0238626484479616,-0.11046682232741822,-0.2634044669947828,-0.1529376446673646
412,SIDP00400,2015-07-02,5738,7668,0,True,0.0,0.69719347450799,0.9185300299963752,0.22133655548838527,0.4906777734883503,0.6086612879616442,0.11798351447329392
607,SIDP00289,2015-02-23,3366,3568,2,True,0.08947038330983503,-0.0789780124205336,-0.24354584240354582,-0.16456782998301223,-0.3643341873639463,-0.08947038330983503,0.27486380405411126
637,SIDP00456,2015-07-15,6415,8070,0,True,0.0,0.277934397020959,0.2281915000225464,-0.04974289699841261,0.030854217381829585,-0.12338245322237529,-0.15423667060420487
699,SIDP00852,2015-03-26,3978,4632,0,True,0.0,0.441894247925124,0.16759482819766003,-0.27429941972746397,0.23494706518228603,0.12082799276988276,-0.11411907241240327
794,SIDP00768,2015-03-09,3535,3960,1,True,-0.1663926457019047,-0.010897441972848032,0.4838420471117282,0.4947394890845762,0.1663926457019047,0.38828227722284947,0.22188963152094476
901,SIDP00445,2015-04-06,4186,4822,2,True,0.31204121037028765,-0.14698621955805258,-0.3467338116058504,-0.1997475920477978,-0.1316929185781277,-0.31204121037028765,-0.18034829179215994
921,SIDP00998,2015-09-06,3505,9409,1,False,-0.13836099302466354,-0.039425472518284876,0.19068852913994527,0.23011400165823015,0.13836099302466354,0.38051010412182074,0.2421491110971572
953,SIDP00054,2015-09-06,3242,9375,2,False,0.6937040007204702,-0.5098277268233855,-0.5310601755791274,-0.02123244875574193,-0.607889022586605,-0.6937040007204702,-0.08581497813386518
1145,SIDP00358,2015-09-06,3351,9451,0,False,0.0,0.12203098133350665,0.34576579671924124,0.2237348153857346,0.08775399763114067,0.1151874507512336,0.027433453120092932
1161,SIDP00073,2015-06-01,6002,6256,1,True,0.29400947609972106,-0.44753343099904774,-0.3836306665153282,0.06390276448371957,-0.29400947609972106,-0.3068176190153,-0.012808142915578968
1207,SIDP00384,2015-04-30,5300,5523,0,True,0.0,0.0898589249631121,0.18659002726986895,0.09673110230675686,0.3153016289355606,0.1825298882814902,-0.13277174065407038
1212,SIDP00736,2015-09-06,3493,9402,2,True,0.3776059570777318,-0.1709721152493372,-0.43628388397709295,-0.26531176872775575,-0.37243611975688773,-0.3776059570777318,-0.005169837320844084
1313,SIDP00794,2015-06-24,6931,7227,1,True,0.14430603105324957,-0.263784092054685,0.06471496392775322,0.3284990559824382,-0.14430603105324957,-0.1268084033719108,0.01749762768133878
1320,SIDP00067,2015-07-15,5996,8056,2,True,0.40801736623697094,-0.11304713147952605,-0.2752376775389076,-0.16219054605938155,-0.15475546104242577,-0.40801736623697094,-0.25326190519454517
1372,SIDP00269,2015-04-06,4714,4801,0,True,0.0,0.0,0.08689846968942505,0.08689846968942505,0.005562581740011341,0.22264303296075616,0.21708045122074482
1402,SIDP00187,2015-08-12,7787,8758,0,True,0.0,0.20048665401183707,0.24576831241956576,0.04528165840772869,0.24694045272550558,0.3374811511130592,0.09054069838755363
1523,SIDP00402,2015-06-01,6005,6262,0,True,0.0,0.0910588188354734,0.05031691402758065,-0.04074190480789275,-0.13623684333972774,0.027761565548078737,0.16399840888780648
1553,SIDP00030,2015-09-06,3496,9395,0,False,0.0,0.25098250451443116,0.36505764810265906,0.1140751435882279,0.1739230101553002,0.3010141338596659,0.1270911237043657
1563,SIDP00853,2015-04-16,3987,5095,0,True,0.0,0.19598938390837162,0.217753830000875,0.021764446092503387,0.07511462500812816,0.19193631021887214,0.11682168521074399
1625,SIDP00658,2015-03-26,3360,4638,0,True,0.0,0.5648225562572268,0.37980965934359157,-0.1850128969136352,0.594610513422681,0.6179193861048663,0.02330887268218529
1687,SIDP00002,2015-03-16,3562,4180,2,True,0.6037085592063087,-0.4689649691706377,-0.5170732306659517,-0.048108261495314,-0.5823497426754308,-0.6037085592063087,-0.0213588165308779
1749,SIDP00959,2015-05-17,5550,5975,2,True,0.26044307490667173,0.2402880683731371,-0.11030426844324515,-0.35059233681638224,-0.04232016073139855,-0.26044307490667173,-0.21812291417527319
1777,SIDP00050,2015-04-30,5294,5529,0,True,0.0,0.2741392705255822,0.06326562431189231,-0.21087364621368987,0.08998145383146483,0.17996290766292955,0.08998145383146472
1794,SIDP00990,2015-04-06,4608,4798,1,True,-0.21385638267564833,-0.10778641012787715,0.26534441288143107,0.3731308230093082,0.21385638267564833,0.24950656820011852,0.03565018552447019
1798,SIDP00781,2015-09-09,8900,9499,0,True,0.0,0.08965878616441869,0.20920383438364365,0.11954504821922496,-0.06153174234376657,-0.03419956215088815,0.02733218019287842
1806,SIDP00049,2015-04-30,5297,5526,2,True,0.41299283534093867,-0.09393449887489813,-0.14092140810700493,-0.0469869092321068,-0.39164223586929503,-0.41299283534093867,-0.02135059947164364
1812,SIDP00236,2015-08-12,7799,8742,1,True,-0.18365842942389476,-0.054410387689210804,0.06923603873916906,0.12364642642837986,0.18365842942389476,0.27252733088010295,0.08886890145620818
1833,SIDP00586,2015-03-26,4002,4602,0,True,0.0,0.49237367851209424,0.4138834793607268,-0.07849019915136746,0.26634609054401026,0.4345813491628081,0.16823525861879784
1949,SIDP00377,2015-09-09,8886,9587,0,True,0.0,0.603806793214947,0.4219157059759754,-0.18189108723897163,0.3579109553712625,0.41856298636489475,0.060652030993632255
2061,SIDP00383,2015-04-30,5288,5517,2,True,0.25460929474494853,-0.08429694475573879,-0.2303984790712592,-0.14610153431552042,0.18675137110087092,-0.25460929474494853,-0.44136066584581946
2066,SIDP00611,2015-04-06,3966,4825,0,True,0.0,0.20689375895864148,0.07242147227815876,-0.13447228668048272,0.31828000572915716,0.18629503794592195,-0.1319849677832352
2104,SIDP00070,2015-04-30,4177,5562,2,True,-0.06358116163003835,-0.2060705826640048,-0.24943092731125505,-0.04336034464725025,0.3178601975607872,0.06358116163003835,-0.25427903593074885
2242,SIDP00071,2015-09-06,3348,9388,2,True,0.572411732352906,-0.6839810712981121,-0.7531550698175669,-0.06917399851945472,-0.5319276149049125,-0.572411732352906,-0.04048411744799352
