drug_id,name,entity_type,chembl_name_search_url,identity_status,gdsc_lookup,lincs_lookup
1003,Camptothecin,single_compound,https://www.ebi.ac.uk/chembl/api/data/molecule/search.json?q=Camptothecin,unresolved_do_not_take_first_search_hit,Use registered DRUG_ID and source release; preserve assay units,"Resolve compound ID then check cell, concentration, duration and signature QC metadata before download"
1005,Cisplatin,single_compound,https://www.ebi.ac.uk/chembl/api/data/molecule/search.json?q=Cisplatin,unresolved_do_not_take_first_search_hit,Use registered DRUG_ID and source release; preserve assay units,"Resolve compound ID then check cell, concentration, duration and signature QC metadata before download"
1007,Docetaxel,single_compound,https://www.ebi.ac.uk/chembl/api/data/molecule/search.json?q=Docetaxel,unresolved_do_not_take_first_search_hit,Use registered DRUG_ID and source release; preserve assay units,"Resolve compound ID then check cell, concentration, duration and signature QC metadata before download"
1011,Navitoclax,single_compound,https://www.ebi.ac.uk/chembl/api/data/molecule/search.json?q=Navitoclax,unresolved_do_not_take_first_search_hit,Use registered DRUG_ID and source release; preserve assay units,"Resolve compound ID then check cell, concentration, duration and signature QC metadata before download"
1012,Vorinostat,single_compound,https://www.ebi.ac.uk/chembl/api/data/molecule/search.json?q=Vorinostat,unresolved_do_not_take_first_search_hit,Use registered DRUG_ID and source release; preserve assay units,"Resolve compound ID then check cell, concentration, duration and signature QC metadata before download"
1013,Nilotinib,single_compound,https://www.ebi.ac.uk/chembl/api/data/molecule/search.json?q=Nilotinib,unresolved_do_not_take_first_search_hit,Use registered DRUG_ID and source release; preserve assay units,"Resolve compound ID then check cell, concentration, duration and signature QC metadata before download"
1017,Olaparib,single_compound,https://www.ebi.ac.uk/chembl/api/data/molecule/search.json?q=Olaparib,unresolved_do_not_take_first_search_hit,Use registered DRUG_ID and source release; preserve assay units,"Resolve compound ID then check cell, concentration, duration and signature QC metadata before download"
1021,Axitinib,single_compound,https://www.ebi.ac.uk/chembl/api/data/molecule/search.json?q=Axitinib,unresolved_do_not_take_first_search_hit,Use registered DRUG_ID and source release; preserve assay units,"Resolve compound ID then check cell, concentration, duration and signature QC metadata before download"
1022,AZD7762,single_compound,https://www.ebi.ac.uk/chembl/api/data/molecule/search.json?q=AZD7762,unresolved_do_not_take_first_search_hit,Use registered DRUG_ID and source release; preserve assay units,"Resolve compound ID then check cell, concentration, duration and signature QC metadata before download"
1025,SB216763,single_compound,https://www.ebi.ac.uk/chembl/api/data/molecule/search.json?q=SB216763,unresolved_do_not_take_first_search_hit,Use registered DRUG_ID and source release; preserve assay units,"Resolve compound ID then check cell, concentration, duration and signature QC metadata before download"
1030,KU-55933,single_compound,https://www.ebi.ac.uk/chembl/api/data/molecule/search.json?q=KU-55933,unresolved_do_not_take_first_search_hit,Use registered DRUG_ID and source release; preserve assay units,"Resolve compound ID then check cell, concentration, duration and signature QC metadata before download"
1032,Afatinib,single_compound,https://www.ebi.ac.uk/chembl/api/data/molecule/search.json?q=Afatinib,unresolved_do_not_take_first_search_hit,Use registered DRUG_ID and source release; preserve assay units,"Resolve compound ID then check cell, concentration, duration and signature QC metadata before download"
1032|1372,Afatinib|Trametinib,mixture_requires_explicit_mapping,https://www.ebi.ac.uk/chembl/api/data/molecule/search.json?q=Afatinib%7CTrametinib,unresolved_do_not_take_first_search_hit,Use registered DRUG_ID and source release; preserve assay units,"Resolve compound ID then check cell, concentration, duration and signature QC metadata before download"
1038,NU7441,single_compound,https://www.ebi.ac.uk/chembl/api/data/molecule/search.json?q=NU7441,unresolved_do_not_take_first_search_hit,Use registered DRUG_ID and source release; preserve assay units,"Resolve compound ID then check cell, concentration, duration and signature QC metadata before download"
1042,Doramapimod,single_compound,https://www.ebi.ac.uk/chembl/api/data/molecule/search.json?q=Doramapimod,unresolved_do_not_take_first_search_hit,Use registered DRUG_ID and source release; preserve assay units,"Resolve compound ID then check cell, concentration, duration and signature QC metadata before download"
1046,Wee1 Inhibitor,single_compound,https://www.ebi.ac.uk/chembl/api/data/molecule/search.json?q=Wee1%20Inhibitor,unresolved_do_not_take_first_search_hit,Use registered DRUG_ID and source release; preserve assay units,"Resolve compound ID then check cell, concentration, duration and signature QC metadata before download"
1047,Nutlin-3a (-),single_compound,https://www.ebi.ac.uk/chembl/api/data/molecule/search.json?q=Nutlin-3a%20%28-%29,unresolved_do_not_take_first_search_hit,Use registered DRUG_ID and source release; preserve assay units,"Resolve compound ID then check cell, concentration, duration and signature QC metadata before download"
1049,PD173074,single_compound,https://www.ebi.ac.uk/chembl/api/data/molecule/search.json?q=PD173074,unresolved_do_not_take_first_search_hit,Use registered DRUG_ID and source release; preserve assay units,"Resolve compound ID then check cell, concentration, duration and signature QC metadata before download"
1050,ZM447439,single_compound,https://www.ebi.ac.uk/chembl/api/data/molecule/search.json?q=ZM447439,unresolved_do_not_take_first_search_hit,Use registered DRUG_ID and source release; preserve assay units,"Resolve compound ID then check cell, concentration, duration and signature QC metadata before download"
1051,Alisertib,single_compound,https://www.ebi.ac.uk/chembl/api/data/molecule/search.json?q=Alisertib,unresolved_do_not_take_first_search_hit,Use registered DRUG_ID and source release; preserve assay units,"Resolve compound ID then check cell, concentration, duration and signature QC metadata before download"
1052,RO-3306,single_compound,https://www.ebi.ac.uk/chembl/api/data/molecule/search.json?q=RO-3306,unresolved_do_not_take_first_search_hit,Use registered DRUG_ID and source release; preserve assay units,"Resolve compound ID then check cell, concentration, duration and signature QC metadata before download"
1053,MK-2206,single_compound,https://www.ebi.ac.uk/chembl/api/data/molecule/search.json?q=MK-2206,unresolved_do_not_take_first_search_hit,Use registered DRUG_ID and source release; preserve assay units,"Resolve compound ID then check cell, concentration, duration and signature QC metadata before download"
1054,Palbociclib,single_compound,https://www.ebi.ac.uk/chembl/api/data/molecule/search.json?q=Palbociclib,unresolved_do_not_take_first_search_hit,Use registered DRUG_ID and source release; preserve assay units,"Resolve compound ID then check cell, concentration, duration and signature QC metadata before download"
1057,Dactolisib,single_compound,https://www.ebi.ac.uk/chembl/api/data/molecule/search.json?q=Dactolisib,unresolved_do_not_take_first_search_hit,Use registered DRUG_ID and source release; preserve assay units,"Resolve compound ID then check cell, concentration, duration and signature QC metadata before download"
1058,Pictilisib,single_compound,https://www.ebi.ac.uk/chembl/api/data/molecule/search.json?q=Pictilisib,unresolved_do_not_take_first_search_hit,Use registered DRUG_ID and source release; preserve assay units,"Resolve compound ID then check cell, concentration, duration and signature QC metadata before download"
1059,AZD8055,single_compound,https://www.ebi.ac.uk/chembl/api/data/molecule/search.json?q=AZD8055,unresolved_do_not_take_first_search_hit,Use registered DRUG_ID and source release; preserve assay units,"Resolve compound ID then check cell, concentration, duration and signature QC metadata before download"
1073,5-Fluorouracil,single_compound,https://www.ebi.ac.uk/chembl/api/data/molecule/search.json?q=5-Fluorouracil,unresolved_do_not_take_first_search_hit,Use registered DRUG_ID and source release; preserve assay units,"Resolve compound ID then check cell, concentration, duration and signature QC metadata before download"
1079,Dasatinib,single_compound,https://www.ebi.ac.uk/chembl/api/data/molecule/search.json?q=Dasatinib,unresolved_do_not_take_first_search_hit,Use registered DRUG_ID and source release; preserve assay units,"Resolve compound ID then check cell, concentration, duration and signature QC metadata before download"
1080,Paclitaxel,single_compound,https://www.ebi.ac.uk/chembl/api/data/molecule/search.json?q=Paclitaxel,unresolved_do_not_take_first_search_hit,Use registered DRUG_ID and source release; preserve assay units,"Resolve compound ID then check cell, concentration, duration and signature QC metadata before download"
1083,Crizotinib,single_compound,https://www.ebi.ac.uk/chembl/api/data/molecule/search.json?q=Crizotinib,unresolved_do_not_take_first_search_hit,Use registered DRUG_ID and source release; preserve assay units,"Resolve compound ID then check cell, concentration, duration and signature QC metadata before download"
1085,Sorafenib,single_compound,https://www.ebi.ac.uk/chembl/api/data/molecule/search.json?q=Sorafenib,unresolved_do_not_take_first_search_hit,Use registered DRUG_ID and source release; preserve assay units,"Resolve compound ID then check cell, concentration, duration and signature QC metadata before download"
1086,BI-2536,single_compound,https://www.ebi.ac.uk/chembl/api/data/molecule/search.json?q=BI-2536,unresolved_do_not_take_first_search_hit,Use registered DRUG_ID and source release; preserve assay units,"Resolve compound ID then check cell, concentration, duration and signature QC metadata before download"
1088,Irinotecan,single_compound,https://www.ebi.ac.uk/chembl/api/data/molecule/search.json?q=Irinotecan,unresolved_do_not_take_first_search_hit,Use registered DRUG_ID and source release; preserve assay units,"Resolve compound ID then check cell, concentration, duration and signature QC metadata before download"
1089,Oxaliplatin,single_compound,https://www.ebi.ac.uk/chembl/api/data/molecule/search.json?q=Oxaliplatin,unresolved_do_not_take_first_search_hit,Use registered DRUG_ID and source release; preserve assay units,"Resolve compound ID then check cell, concentration, duration and signature QC metadata before download"
1096,Tozasertib,single_compound,https://www.ebi.ac.uk/chembl/api/data/molecule/search.json?q=Tozasertib,unresolved_do_not_take_first_search_hit,Use registered DRUG_ID and source release; preserve assay units,"Resolve compound ID then check cell, concentration, duration and signature QC metadata before download"
1129,PF-4708671,single_compound,https://www.ebi.ac.uk/chembl/api/data/molecule/search.json?q=PF-4708671,unresolved_do_not_take_first_search_hit,Use registered DRUG_ID and source release; preserve assay units,"Resolve compound ID then check cell, concentration, duration and signature QC metadata before download"
1168,Erlotinib,single_compound,https://www.ebi.ac.uk/chembl/api/data/molecule/search.json?q=Erlotinib,unresolved_do_not_take_first_search_hit,Use registered DRUG_ID and source release; preserve assay units,"Resolve compound ID then check cell, concentration, duration and signature QC metadata before download"
1179,MK-1775,single_compound,https://www.ebi.ac.uk/chembl/api/data/molecule/search.json?q=MK-1775,unresolved_do_not_take_first_search_hit,Use registered DRUG_ID and source release; preserve assay units,"Resolve compound ID then check cell, concentration, duration and signature QC metadata before download"
1190,Gemcitabine,single_compound,https://www.ebi.ac.uk/chembl/api/data/molecule/search.json?q=Gemcitabine,unresolved_do_not_take_first_search_hit,Use registered DRUG_ID and source release; preserve assay units,"Resolve compound ID then check cell, concentration, duration and signature QC metadata before download"
1191,Bortezomib,single_compound,https://www.ebi.ac.uk/chembl/api/data/molecule/search.json?q=Bortezomib,unresolved_do_not_take_first_search_hit,Use registered DRUG_ID and source release; preserve assay units,"Resolve compound ID then check cell, concentration, duration and signature QC metadata before download"
1192,GSK269962A,single_compound,https://www.ebi.ac.uk/chembl/api/data/molecule/search.json?q=GSK269962A,unresolved_do_not_take_first_search_hit,Use registered DRUG_ID and source release; preserve assay units,"Resolve compound ID then check cell, concentration, duration and signature QC metadata before download"
1194,SB505124,single_compound,https://www.ebi.ac.uk/chembl/api/data/molecule/search.json?q=SB505124,unresolved_do_not_take_first_search_hit,Use registered DRUG_ID and source release; preserve assay units,"Resolve compound ID then check cell, concentration, duration and signature QC metadata before download"
1372,Trametinib,single_compound,https://www.ebi.ac.uk/chembl/api/data/molecule/search.json?q=Trametinib,unresolved_do_not_take_first_search_hit,Use registered DRUG_ID and source release; preserve assay units,"Resolve compound ID then check cell, concentration, duration and signature QC metadata before download"
1373,Dabrafenib,single_compound,https://www.ebi.ac.uk/chembl/api/data/molecule/search.json?q=Dabrafenib,unresolved_do_not_take_first_search_hit,Use registered DRUG_ID and source release; preserve assay units,"Resolve compound ID then check cell, concentration, duration and signature QC metadata before download"
1375,Temozolomide,single_compound,https://www.ebi.ac.uk/chembl/api/data/molecule/search.json?q=Temozolomide,unresolved_do_not_take_first_search_hit,Use registered DRUG_ID and source release; preserve assay units,"Resolve compound ID then check cell, concentration, duration and signature QC metadata before download"
1507,Ruxolitinib,single_compound,https://www.ebi.ac.uk/chembl/api/data/molecule/search.json?q=Ruxolitinib,unresolved_do_not_take_first_search_hit,Use registered DRUG_ID and source release; preserve assay units,"Resolve compound ID then check cell, concentration, duration and signature QC metadata before download"
1510,Linsitinib,single_compound,https://www.ebi.ac.uk/chembl/api/data/molecule/search.json?q=Linsitinib,unresolved_do_not_take_first_search_hit,Use registered DRUG_ID and source release; preserve assay units,"Resolve compound ID then check cell, concentration, duration and signature QC metadata before download"
1549,Sapitinib,single_compound,https://www.ebi.ac.uk/chembl/api/data/molecule/search.json?q=Sapitinib,unresolved_do_not_take_first_search_hit,Use registered DRUG_ID and source release; preserve assay units,"Resolve compound ID then check cell, concentration, duration and signature QC metadata before download"
1553,Uprosertib,single_compound,https://www.ebi.ac.uk/chembl/api/data/molecule/search.json?q=Uprosertib,unresolved_do_not_take_first_search_hit,Use registered DRUG_ID and source release; preserve assay units,"Resolve compound ID then check cell, concentration, duration and signature QC metadata before download"
1558,Lapatinib,single_compound,https://www.ebi.ac.uk/chembl/api/data/molecule/search.json?q=Lapatinib,unresolved_do_not_take_first_search_hit,Use registered DRUG_ID and source release; preserve assay units,"Resolve compound ID then check cell, concentration, duration and signature QC metadata before download"
1559,Luminespib,single_compound,https://www.ebi.ac.uk/chembl/api/data/molecule/search.json?q=Luminespib,unresolved_do_not_take_first_search_hit,Use registered DRUG_ID and source release; preserve assay units,"Resolve compound ID then check cell, concentration, duration and signature QC metadata before download"
1560,Alpelisib,single_compound,https://www.ebi.ac.uk/chembl/api/data/molecule/search.json?q=Alpelisib,unresolved_do_not_take_first_search_hit,Use registered DRUG_ID and source release; preserve assay units,"Resolve compound ID then check cell, concentration, duration and signature QC metadata before download"
1561,Taselisib,single_compound,https://www.ebi.ac.uk/chembl/api/data/molecule/search.json?q=Taselisib,unresolved_do_not_take_first_search_hit,Use registered DRUG_ID and source release; preserve assay units,"Resolve compound ID then check cell, concentration, duration and signature QC metadata before download"
1564,SCH772984,single_compound,https://www.ebi.ac.uk/chembl/api/data/molecule/search.json?q=SCH772984,unresolved_do_not_take_first_search_hit,Use registered DRUG_ID and source release; preserve assay units,"Resolve compound ID then check cell, concentration, duration and signature QC metadata before download"
1593,Entinostat,single_compound,https://www.ebi.ac.uk/chembl/api/data/molecule/search.json?q=Entinostat,unresolved_do_not_take_first_search_hit,Use registered DRUG_ID and source release; preserve assay units,"Resolve compound ID then check cell, concentration, duration and signature QC metadata before download"
1594,OSI-027,single_compound,https://www.ebi.ac.uk/chembl/api/data/molecule/search.json?q=OSI-027,unresolved_do_not_take_first_search_hit,Use registered DRUG_ID and source release; preserve assay units,"Resolve compound ID then check cell, concentration, duration and signature QC metadata before download"
1598,LGK974,single_compound,https://www.ebi.ac.uk/chembl/api/data/molecule/search.json?q=LGK974,unresolved_do_not_take_first_search_hit,Use registered DRUG_ID and source release; preserve assay units,"Resolve compound ID then check cell, concentration, duration and signature QC metadata before download"
1632,Ribociclib,single_compound,https://www.ebi.ac.uk/chembl/api/data/molecule/search.json?q=Ribociclib,unresolved_do_not_take_first_search_hit,Use registered DRUG_ID and source release; preserve assay units,"Resolve compound ID then check cell, concentration, duration and signature QC metadata before download"
1786,AZD4547,single_compound,https://www.ebi.ac.uk/chembl/api/data/molecule/search.json?q=AZD4547,unresolved_do_not_take_first_search_hit,Use registered DRUG_ID and source release; preserve assay units,"Resolve compound ID then check cell, concentration, duration and signature QC metadata before download"
1909,Venetoclax,single_compound,https://www.ebi.ac.uk/chembl/api/data/molecule/search.json?q=Venetoclax,unresolved_do_not_take_first_search_hit,Use registered DRUG_ID and source release; preserve assay units,"Resolve compound ID then check cell, concentration, duration and signature QC metadata before download"
2048,Vinorelbine,single_compound,https://www.ebi.ac.uk/chembl/api/data/molecule/search.json?q=Vinorelbine,unresolved_do_not_take_first_search_hit,Use registered DRUG_ID and source release; preserve assay units,"Resolve compound ID then check cell, concentration, duration and signature QC metadata before download"
2169,AZD6482,single_compound,https://www.ebi.ac.uk/chembl/api/data/molecule/search.json?q=AZD6482,unresolved_do_not_take_first_search_hit,Use registered DRUG_ID and source release; preserve assay units,"Resolve compound ID then check cell, concentration, duration and signature QC metadata before download"
2171,BMS-754807,single_compound,https://www.ebi.ac.uk/chembl/api/data/molecule/search.json?q=BMS-754807,unresolved_do_not_take_first_search_hit,Use registered DRUG_ID and source release; preserve assay units,"Resolve compound ID then check cell, concentration, duration and signature QC metadata before download"
2172,JQ1,single_compound,https://www.ebi.ac.uk/chembl/api/data/molecule/search.json?q=JQ1,unresolved_do_not_take_first_search_hit,Use registered DRUG_ID and source release; preserve assay units,"Resolve compound ID then check cell, concentration, duration and signature QC metadata before download"
2265,Galunisertib,single_compound,https://www.ebi.ac.uk/chembl/api/data/molecule/search.json?q=Galunisertib,unresolved_do_not_take_first_search_hit,Use registered DRUG_ID and source release; preserve assay units,"Resolve compound ID then check cell, concentration, duration and signature QC metadata before download"
