Tissue,SIDM,role,arm,seed,confirmations,spent,budget,screened,verified,unused,rounds,missing_raw_probes
Breast,SIDM00332,SV,frozen_simple_score,0,0,21,29,20,1,8,2,
Breast,SIDM00332,SV,frozen_prior_control_score,0,0,21,29,20,1,8,2,
Breast,SIDM00332,SV,frozen_hotspot_score,0,0,21,29,20,1,8,2,
Breast,SIDM00332,SV,frozen_dependency_score,0,0,21,29,20,1,8,2,
Breast,SIDM00332,SV,frozen_target_dependency_score,0,0,21,29,20,1,8,2,
Breast,SIDM00332,SV,frozen_rna_binary_score,0,0,21,29,20,1,8,2,
Breast,SIDM00332,SV,three_round_static,0,0,21,29,20,1,8,3,0.0
Breast,SIDM00332,SV,three_round_drug_feedback,0,0,21,29,20,1,8,3,0.0
Breast,SIDM00332,SV,three_round_target_feedback,0,0,21,29,20,1,8,3,0.0
Breast,SIDM00332,SV,three_round_shuffled_feedback,0,0,21,29,20,1,8,3,0.0
Breast,SIDM00332,SV,three_round_shuffled_feedback,1,0,21,29,20,1,8,3,0.0
Breast,SIDM00332,SV,three_round_shuffled_feedback,2,0,21,29,20,1,8,3,0.0
Breast,SIDM00332,SV,three_round_shuffled_feedback,3,0,21,29,20,1,8,3,0.0
Breast,SIDM00332,SV,three_round_shuffled_feedback,4,0,21,29,20,1,8,3,0.0
Breast,SIDM00332,SV,three_round_shuffled_feedback,5,0,21,29,20,1,8,3,0.0
Breast,SIDM00332,SV,three_round_shuffled_feedback,6,0,21,29,20,1,8,3,0.0
Breast,SIDM00332,SV,three_round_shuffled_feedback,7,0,21,29,20,1,8,3,0.0
Breast,SIDM00332,SV,three_round_shuffled_feedback,8,0,21,29,20,1,8,3,0.0
Breast,SIDM00332,SV,three_round_shuffled_feedback,9,0,21,29,20,1,8,3,0.0
Breast,SIDM00332,VS,frozen_simple_score,0,6,30,31,21,9,1,2,
Breast,SIDM00332,VS,frozen_prior_control_score,0,6,30,31,21,9,1,2,
Breast,SIDM00332,VS,frozen_hotspot_score,0,6,30,31,21,9,1,2,
Breast,SIDM00332,VS,frozen_dependency_score,0,6,31,31,21,10,0,2,
Breast,SIDM00332,VS,frozen_target_dependency_score,0,6,30,31,21,9,1,2,
Breast,SIDM00332,VS,frozen_rna_binary_score,0,6,30,31,21,9,1,2,
Breast,SIDM00332,VS,three_round_static,0,6,30,31,21,9,1,3,0.0
Breast,SIDM00332,VS,three_round_drug_feedback,0,6,31,31,21,10,0,3,0.0
Breast,SIDM00332,VS,three_round_target_feedback,0,6,31,31,21,10,0,3,0.0
Breast,SIDM00332,VS,three_round_shuffled_feedback,0,6,30,31,21,9,1,3,0.0
Breast,SIDM00332,VS,three_round_shuffled_feedback,1,6,31,31,21,10,0,3,0.0
Breast,SIDM00332,VS,three_round_shuffled_feedback,2,5,30,31,21,9,1,3,0.0
Breast,SIDM00332,VS,three_round_shuffled_feedback,3,6,30,31,21,9,1,3,0.0
Breast,SIDM00332,VS,three_round_shuffled_feedback,4,6,30,31,21,9,1,3,0.0
Breast,SIDM00332,VS,three_round_shuffled_feedback,5,6,31,31,21,10,0,3,0.0
Breast,SIDM00332,VS,three_round_shuffled_feedback,6,6,30,31,21,9,1,3,0.0
Breast,SIDM00332,VS,three_round_shuffled_feedback,7,6,30,31,21,9,1,3,0.0
Breast,SIDM00332,VS,three_round_shuffled_feedback,8,6,31,31,21,10,0,3,0.0
Breast,SIDM00332,VS,three_round_shuffled_feedback,9,5,30,31,21,9,1,3,0.0
Breast,SIDM00874,SV,frozen_simple_score,0,1,22,31,21,1,9,2,
Breast,SIDM00874,SV,frozen_prior_control_score,0,1,22,31,21,1,9,2,
Breast,SIDM00874,SV,frozen_hotspot_score,0,1,22,31,21,1,9,2,
Breast,SIDM00874,SV,frozen_dependency_score,0,1,22,31,21,1,9,2,
Breast,SIDM00874,SV,frozen_target_dependency_score,0,1,22,31,21,1,9,2,
Breast,SIDM00874,SV,frozen_rna_binary_score,0,1,22,31,21,1,9,2,
Breast,SIDM00874,SV,three_round_static,0,1,22,31,21,1,9,3,0.0
Breast,SIDM00874,SV,three_round_drug_feedback,0,1,22,31,21,1,9,3,0.0
Breast,SIDM00874,SV,three_round_target_feedback,0,1,22,31,21,1,9,3,0.0
Breast,SIDM00874,SV,three_round_shuffled_feedback,0,1,22,31,21,1,9,3,0.0
Breast,SIDM00874,SV,three_round_shuffled_feedback,1,1,22,31,21,1,9,3,0.0
Breast,SIDM00874,SV,three_round_shuffled_feedback,2,1,22,31,21,1,9,3,0.0
Breast,SIDM00874,SV,three_round_shuffled_feedback,3,1,22,31,21,1,9,3,0.0
Breast,SIDM00874,SV,three_round_shuffled_feedback,4,1,22,31,21,1,9,3,0.0
Breast,SIDM00874,SV,three_round_shuffled_feedback,5,1,22,31,21,1,9,3,0.0
Breast,SIDM00874,SV,three_round_shuffled_feedback,6,1,22,31,21,1,9,3,0.0
Breast,SIDM00874,SV,three_round_shuffled_feedback,7,1,22,31,21,1,9,3,0.0
Breast,SIDM00874,SV,three_round_shuffled_feedback,8,1,22,31,21,1,9,3,0.0
Breast,SIDM00874,SV,three_round_shuffled_feedback,9,1,22,31,21,1,9,3,0.0
Breast,SIDM00874,VS,frozen_simple_score,0,1,24,31,21,3,7,2,
Breast,SIDM00874,VS,frozen_prior_control_score,0,1,24,31,21,3,7,2,
Breast,SIDM00874,VS,frozen_hotspot_score,0,1,24,31,21,3,7,2,
Breast,SIDM00874,VS,frozen_dependency_score,0,1,24,31,21,3,7,2,
Breast,SIDM00874,VS,frozen_target_dependency_score,0,1,24,31,21,3,7,2,
Breast,SIDM00874,VS,frozen_rna_binary_score,0,1,24,31,21,3,7,2,
Breast,SIDM00874,VS,three_round_static,0,1,24,31,21,3,7,3,0.0
Breast,SIDM00874,VS,three_round_drug_feedback,0,1,24,31,21,3,7,3,0.0
Breast,SIDM00874,VS,three_round_target_feedback,0,1,24,31,21,3,7,3,0.0
Breast,SIDM00874,VS,three_round_shuffled_feedback,0,1,24,31,21,3,7,3,0.0
Breast,SIDM00874,VS,three_round_shuffled_feedback,1,1,24,31,21,3,7,3,0.0
Breast,SIDM00874,VS,three_round_shuffled_feedback,2,1,24,31,21,3,7,3,0.0
Breast,SIDM00874,VS,three_round_shuffled_feedback,3,1,24,31,21,3,7,3,0.0
Breast,SIDM00874,VS,three_round_shuffled_feedback,4,1,24,31,21,3,7,3,0.0
Breast,SIDM00874,VS,three_round_shuffled_feedback,5,1,24,31,21,3,7,3,0.0
Breast,SIDM00874,VS,three_round_shuffled_feedback,6,1,24,31,21,3,7,3,0.0
Breast,SIDM00874,VS,three_round_shuffled_feedback,7,1,24,31,21,3,7,3,0.0
Breast,SIDM00874,VS,three_round_shuffled_feedback,8,1,24,31,21,3,7,3,0.0
Breast,SIDM00874,VS,three_round_shuffled_feedback,9,1,24,31,21,3,7,3,0.0
Breast,SIDM00898,SV,frozen_simple_score,0,1,22,29,20,2,7,2,
Breast,SIDM00898,SV,frozen_prior_control_score,0,1,22,29,20,2,7,2,
Breast,SIDM00898,SV,frozen_hotspot_score,0,1,22,29,20,2,7,2,
Breast,SIDM00898,SV,frozen_dependency_score,0,1,22,29,20,2,7,2,
Breast,SIDM00898,SV,frozen_target_dependency_score,0,1,22,29,20,2,7,2,
Breast,SIDM00898,SV,frozen_rna_binary_score,0,1,22,29,20,2,7,2,
Breast,SIDM00898,SV,three_round_static,0,1,22,29,20,2,7,3,0.0
Breast,SIDM00898,SV,three_round_drug_feedback,0,1,22,29,20,2,7,3,0.0
Breast,SIDM00898,SV,three_round_target_feedback,0,1,22,29,20,2,7,3,0.0
Breast,SIDM00898,SV,three_round_shuffled_feedback,0,1,22,29,20,2,7,3,0.0
Breast,SIDM00898,SV,three_round_shuffled_feedback,1,1,22,29,20,2,7,3,0.0
Breast,SIDM00898,SV,three_round_shuffled_feedback,2,1,22,29,20,2,7,3,0.0
Breast,SIDM00898,SV,three_round_shuffled_feedback,3,1,22,29,20,2,7,3,0.0
Breast,SIDM00898,SV,three_round_shuffled_feedback,4,1,22,29,20,2,7,3,0.0
Breast,SIDM00898,SV,three_round_shuffled_feedback,5,1,22,29,20,2,7,3,0.0
Breast,SIDM00898,SV,three_round_shuffled_feedback,6,1,22,29,20,2,7,3,0.0
Breast,SIDM00898,SV,three_round_shuffled_feedback,7,1,22,29,20,2,7,3,0.0
Breast,SIDM00898,SV,three_round_shuffled_feedback,8,1,22,29,20,2,7,3,0.0
Breast,SIDM00898,SV,three_round_shuffled_feedback,9,1,22,29,20,2,7,3,0.0
Breast,SIDM00898,VS,frozen_simple_score,0,2,23,31,21,2,8,2,
Breast,SIDM00898,VS,frozen_prior_control_score,0,2,23,31,21,2,8,2,
Breast,SIDM00898,VS,frozen_hotspot_score,0,2,23,31,21,2,8,2,
Breast,SIDM00898,VS,frozen_dependency_score,0,2,23,31,21,2,8,2,
Breast,SIDM00898,VS,frozen_target_dependency_score,0,2,23,31,21,2,8,2,
Breast,SIDM00898,VS,frozen_rna_binary_score,0,2,23,31,21,2,8,2,
Breast,SIDM00898,VS,three_round_static,0,2,23,31,21,2,8,3,0.0
Breast,SIDM00898,VS,three_round_drug_feedback,0,2,23,31,21,2,8,3,0.0
Breast,SIDM00898,VS,three_round_target_feedback,0,2,23,31,21,2,8,3,0.0
Breast,SIDM00898,VS,three_round_shuffled_feedback,0,2,23,31,21,2,8,3,0.0
Breast,SIDM00898,VS,three_round_shuffled_feedback,1,2,23,31,21,2,8,3,0.0
Breast,SIDM00898,VS,three_round_shuffled_feedback,2,2,23,31,21,2,8,3,0.0
Breast,SIDM00898,VS,three_round_shuffled_feedback,3,2,23,31,21,2,8,3,0.0
Breast,SIDM00898,VS,three_round_shuffled_feedback,4,2,23,31,21,2,8,3,0.0
Breast,SIDM00898,VS,three_round_shuffled_feedback,5,2,23,31,21,2,8,3,0.0
Breast,SIDM00898,VS,three_round_shuffled_feedback,6,2,23,31,21,2,8,3,0.0
Breast,SIDM00898,VS,three_round_shuffled_feedback,7,2,23,31,21,2,8,3,0.0
Breast,SIDM00898,VS,three_round_shuffled_feedback,8,2,23,31,21,2,8,3,0.0
Breast,SIDM00898,VS,three_round_shuffled_feedback,9,2,23,31,21,2,8,3,0.0
Breast,SIDM00928,SV,frozen_simple_score,0,1,26,31,21,5,5,2,
Breast,SIDM00928,SV,frozen_prior_control_score,0,1,26,31,21,5,5,2,
Breast,SIDM00928,SV,frozen_hotspot_score,0,1,26,31,21,5,5,2,
Breast,SIDM00928,SV,frozen_dependency_score,0,1,26,31,21,5,5,2,
Breast,SIDM00928,SV,frozen_target_dependency_score,0,1,26,31,21,5,5,2,
Breast,SIDM00928,SV,frozen_rna_binary_score,0,1,26,31,21,5,5,2,
Breast,SIDM00928,SV,three_round_static,0,1,26,31,21,5,5,3,0.0
Breast,SIDM00928,SV,three_round_drug_feedback,0,1,27,31,21,6,4,3,0.0
Breast,SIDM00928,SV,three_round_target_feedback,0,1,27,31,21,6,4,3,0.0
Breast,SIDM00928,SV,three_round_shuffled_feedback,0,1,27,31,21,6,4,3,0.0
Breast,SIDM00928,SV,three_round_shuffled_feedback,1,1,27,31,21,6,4,3,0.0
Breast,SIDM00928,SV,three_round_shuffled_feedback,2,1,26,31,21,5,5,3,0.0
Breast,SIDM00928,SV,three_round_shuffled_feedback,3,1,27,31,21,6,4,3,0.0
Breast,SIDM00928,SV,three_round_shuffled_feedback,4,1,26,31,21,5,5,3,0.0
Breast,SIDM00928,SV,three_round_shuffled_feedback,5,1,27,31,21,6,4,3,0.0
Breast,SIDM00928,SV,three_round_shuffled_feedback,6,1,27,31,21,6,4,3,0.0
Breast,SIDM00928,SV,three_round_shuffled_feedback,7,1,27,31,21,6,4,3,0.0
Breast,SIDM00928,SV,three_round_shuffled_feedback,8,1,27,31,21,6,4,3,0.0
Breast,SIDM00928,SV,three_round_shuffled_feedback,9,1,26,31,21,5,5,3,0.0
Breast,SIDM00928,VS,frozen_simple_score,0,1,29,31,21,8,2,2,
Breast,SIDM00928,VS,frozen_prior_control_score,0,1,29,31,21,8,2,2,
Breast,SIDM00928,VS,frozen_hotspot_score,0,1,29,31,21,8,2,2,
Breast,SIDM00928,VS,frozen_dependency_score,0,1,29,31,21,8,2,2,
Breast,SIDM00928,VS,frozen_target_dependency_score,0,1,29,31,21,8,2,2,
Breast,SIDM00928,VS,frozen_rna_binary_score,0,1,29,31,21,8,2,2,
Breast,SIDM00928,VS,three_round_static,0,1,29,31,21,8,2,3,0.0
Breast,SIDM00928,VS,three_round_drug_feedback,0,0,28,31,21,7,3,3,0.0
Breast,SIDM00928,VS,three_round_target_feedback,0,0,28,31,21,7,3,3,0.0
Breast,SIDM00928,VS,three_round_shuffled_feedback,0,0,28,31,21,7,3,3,0.0
Breast,SIDM00928,VS,three_round_shuffled_feedback,1,0,28,31,21,7,3,3,0.0
Breast,SIDM00928,VS,three_round_shuffled_feedback,2,0,27,31,21,6,4,3,0.0
Breast,SIDM00928,VS,three_round_shuffled_feedback,3,0,27,31,21,6,4,3,0.0
Breast,SIDM00928,VS,three_round_shuffled_feedback,4,0,27,31,21,6,4,3,0.0
Breast,SIDM00928,VS,three_round_shuffled_feedback,5,0,28,31,21,7,3,3,0.0
Breast,SIDM00928,VS,three_round_shuffled_feedback,6,0,27,31,21,6,4,3,0.0
Breast,SIDM00928,VS,three_round_shuffled_feedback,7,0,27,31,21,6,4,3,0.0
Breast,SIDM00928,VS,three_round_shuffled_feedback,8,0,28,31,21,7,3,3,0.0
Breast,SIDM00928,VS,three_round_shuffled_feedback,9,0,28,31,21,7,3,3,0.0
Breast,SIDM00963,SV,frozen_simple_score,0,2,23,31,21,2,8,2,
Breast,SIDM00963,SV,frozen_prior_control_score,0,2,23,31,21,2,8,2,
Breast,SIDM00963,SV,frozen_hotspot_score,0,2,23,31,21,2,8,2,
Breast,SIDM00963,SV,frozen_dependency_score,0,2,23,31,21,2,8,2,
Breast,SIDM00963,SV,frozen_target_dependency_score,0,2,23,31,21,2,8,2,
Breast,SIDM00963,SV,frozen_rna_binary_score,0,2,23,31,21,2,8,2,
Breast,SIDM00963,SV,three_round_static,0,2,23,31,21,2,8,3,0.0
Breast,SIDM00963,SV,three_round_drug_feedback,0,2,23,31,21,2,8,3,0.0
Breast,SIDM00963,SV,three_round_target_feedback,0,2,23,31,21,2,8,3,0.0
Breast,SIDM00963,SV,three_round_shuffled_feedback,0,2,23,31,21,2,8,3,0.0
Breast,SIDM00963,SV,three_round_shuffled_feedback,1,2,23,31,21,2,8,3,0.0
Breast,SIDM00963,SV,three_round_shuffled_feedback,2,2,23,31,21,2,8,3,0.0
Breast,SIDM00963,SV,three_round_shuffled_feedback,3,2,23,31,21,2,8,3,0.0
Breast,SIDM00963,SV,three_round_shuffled_feedback,4,2,23,31,21,2,8,3,0.0
Breast,SIDM00963,SV,three_round_shuffled_feedback,5,2,23,31,21,2,8,3,0.0
Breast,SIDM00963,SV,three_round_shuffled_feedback,6,2,23,31,21,2,8,3,0.0
Breast,SIDM00963,SV,three_round_shuffled_feedback,7,2,23,31,21,2,8,3,0.0
Breast,SIDM00963,SV,three_round_shuffled_feedback,8,2,23,31,21,2,8,3,0.0
Breast,SIDM00963,SV,three_round_shuffled_feedback,9,2,23,31,21,2,8,3,0.0
Breast,SIDM00963,VS,frozen_simple_score,0,0,21,31,21,0,10,2,
Breast,SIDM00963,VS,frozen_prior_control_score,0,0,21,31,21,0,10,2,
Breast,SIDM00963,VS,frozen_hotspot_score,0,0,21,31,21,0,10,2,
Breast,SIDM00963,VS,frozen_dependency_score,0,0,21,31,21,0,10,2,
Breast,SIDM00963,VS,frozen_target_dependency_score,0,0,21,31,21,0,10,2,
Breast,SIDM00963,VS,frozen_rna_binary_score,0,0,21,31,21,0,10,2,
Breast,SIDM00963,VS,three_round_static,0,0,21,31,21,0,10,3,0.0
Breast,SIDM00963,VS,three_round_drug_feedback,0,0,21,31,21,0,10,3,0.0
Breast,SIDM00963,VS,three_round_target_feedback,0,0,21,31,21,0,10,3,0.0
Breast,SIDM00963,VS,three_round_shuffled_feedback,0,0,21,31,21,0,10,3,0.0
Breast,SIDM00963,VS,three_round_shuffled_feedback,1,0,21,31,21,0,10,3,0.0
Breast,SIDM00963,VS,three_round_shuffled_feedback,2,0,21,31,21,0,10,3,0.0
Breast,SIDM00963,VS,three_round_shuffled_feedback,3,0,21,31,21,0,10,3,0.0
Breast,SIDM00963,VS,three_round_shuffled_feedback,4,0,21,31,21,0,10,3,0.0
Breast,SIDM00963,VS,three_round_shuffled_feedback,5,0,21,31,21,0,10,3,0.0
Breast,SIDM00963,VS,three_round_shuffled_feedback,6,0,21,31,21,0,10,3,0.0
Breast,SIDM00963,VS,three_round_shuffled_feedback,7,0,21,31,21,0,10,3,0.0
Breast,SIDM00963,VS,three_round_shuffled_feedback,8,0,21,31,21,0,10,3,0.0
Breast,SIDM00963,VS,three_round_shuffled_feedback,9,0,21,31,21,0,10,3,0.0
Colon,SIDM00136,SV,frozen_simple_score,0,4,27,34,23,4,7,2,
Colon,SIDM00136,SV,frozen_prior_control_score,0,5,28,34,23,5,6,2,
Colon,SIDM00136,SV,frozen_hotspot_score,0,5,28,34,23,5,6,2,
Colon,SIDM00136,SV,frozen_dependency_score,0,5,28,34,23,5,6,2,
Colon,SIDM00136,SV,frozen_target_dependency_score,0,5,28,34,23,5,6,2,
Colon,SIDM00136,SV,frozen_rna_binary_score,0,5,28,34,23,5,6,2,
Colon,SIDM00136,SV,three_round_static,0,5,28,34,23,5,6,3,0.0
Colon,SIDM00136,SV,three_round_drug_feedback,0,5,28,34,23,5,6,3,0.0
Colon,SIDM00136,SV,three_round_target_feedback,0,5,28,34,23,5,6,3,0.0
Colon,SIDM00136,SV,three_round_shuffled_feedback,0,4,27,34,23,4,7,3,0.0
Colon,SIDM00136,SV,three_round_shuffled_feedback,1,5,28,34,23,5,6,3,0.0
Colon,SIDM00136,SV,three_round_shuffled_feedback,2,4,27,34,23,4,7,3,0.0
Colon,SIDM00136,SV,three_round_shuffled_feedback,3,5,28,34,23,5,6,3,0.0
Colon,SIDM00136,SV,three_round_shuffled_feedback,4,4,27,34,23,4,7,3,0.0
Colon,SIDM00136,SV,three_round_shuffled_feedback,5,5,28,34,23,5,6,3,0.0
Colon,SIDM00136,SV,three_round_shuffled_feedback,6,5,28,34,23,5,6,3,0.0
Colon,SIDM00136,SV,three_round_shuffled_feedback,7,5,28,34,23,5,6,3,0.0
Colon,SIDM00136,SV,three_round_shuffled_feedback,8,5,28,34,23,5,6,3,0.0
Colon,SIDM00136,SV,three_round_shuffled_feedback,9,3,26,34,23,3,8,3,0.0
Colon,SIDM00136,VS,frozen_simple_score,0,5,29,34,23,6,5,2,
Colon,SIDM00136,VS,frozen_prior_control_score,0,5,29,34,23,6,5,2,
Colon,SIDM00136,VS,frozen_hotspot_score,0,5,29,34,23,6,5,2,
Colon,SIDM00136,VS,frozen_dependency_score,0,5,29,34,23,6,5,2,
Colon,SIDM00136,VS,frozen_target_dependency_score,0,5,29,34,23,6,5,2,
Colon,SIDM00136,VS,frozen_rna_binary_score,0,5,29,34,23,6,5,2,
Colon,SIDM00136,VS,three_round_static,0,5,29,34,23,6,5,3,0.0
Colon,SIDM00136,VS,three_round_drug_feedback,0,5,29,34,23,6,5,3,0.0
Colon,SIDM00136,VS,three_round_target_feedback,0,5,29,34,23,6,5,3,0.0
Colon,SIDM00136,VS,three_round_shuffled_feedback,0,5,29,34,23,6,5,3,0.0
Colon,SIDM00136,VS,three_round_shuffled_feedback,1,5,29,34,23,6,5,3,0.0
Colon,SIDM00136,VS,three_round_shuffled_feedback,2,5,29,34,23,6,5,3,0.0
Colon,SIDM00136,VS,three_round_shuffled_feedback,3,5,29,34,23,6,5,3,0.0
Colon,SIDM00136,VS,three_round_shuffled_feedback,4,5,29,34,23,6,5,3,0.0
Colon,SIDM00136,VS,three_round_shuffled_feedback,5,5,29,34,23,6,5,3,0.0
Colon,SIDM00136,VS,three_round_shuffled_feedback,6,5,29,34,23,6,5,3,0.0
Colon,SIDM00136,VS,three_round_shuffled_feedback,7,5,29,34,23,6,5,3,0.0
Colon,SIDM00136,VS,three_round_shuffled_feedback,8,5,29,34,23,6,5,3,0.0
Colon,SIDM00136,VS,three_round_shuffled_feedback,9,5,29,34,23,6,5,3,0.0
Colon,SIDM00789,SV,frozen_simple_score,0,3,29,34,23,6,5,2,
Colon,SIDM00789,SV,frozen_prior_control_score,0,3,29,34,23,6,5,2,
Colon,SIDM00789,SV,frozen_hotspot_score,0,3,29,34,23,6,5,2,
Colon,SIDM00789,SV,frozen_dependency_score,0,3,29,34,23,6,5,2,
Colon,SIDM00789,SV,frozen_target_dependency_score,0,3,29,34,23,6,5,2,
Colon,SIDM00789,SV,frozen_rna_binary_score,0,3,29,34,23,6,5,2,
Colon,SIDM00789,SV,three_round_static,0,3,29,34,23,6,5,3,0.0
Colon,SIDM00789,SV,three_round_drug_feedback,0,3,29,34,23,6,5,3,0.0
Colon,SIDM00789,SV,three_round_target_feedback,0,3,29,34,23,6,5,3,0.0
Colon,SIDM00789,SV,three_round_shuffled_feedback,0,2,27,34,23,4,7,3,0.0
Colon,SIDM00789,SV,three_round_shuffled_feedback,1,3,29,34,23,6,5,3,0.0
Colon,SIDM00789,SV,three_round_shuffled_feedback,2,3,29,34,23,6,5,3,0.0
Colon,SIDM00789,SV,three_round_shuffled_feedback,3,3,28,34,23,5,6,3,0.0
Colon,SIDM00789,SV,three_round_shuffled_feedback,4,3,28,34,23,5,6,3,0.0
Colon,SIDM00789,SV,three_round_shuffled_feedback,5,3,29,34,23,6,5,3,0.0
Colon,SIDM00789,SV,three_round_shuffled_feedback,6,3,29,34,23,6,5,3,0.0
Colon,SIDM00789,SV,three_round_shuffled_feedback,7,3,28,34,23,5,6,3,0.0
Colon,SIDM00789,SV,three_round_shuffled_feedback,8,3,29,34,23,6,5,3,0.0
Colon,SIDM00789,SV,three_round_shuffled_feedback,9,3,29,34,23,6,5,3,0.0
Colon,SIDM00789,VS,frozen_simple_score,0,5,32,34,23,9,2,2,
Colon,SIDM00789,VS,frozen_prior_control_score,0,5,32,34,23,9,2,2,
Colon,SIDM00789,VS,frozen_hotspot_score,0,5,32,34,23,9,2,2,
Colon,SIDM00789,VS,frozen_dependency_score,0,5,32,34,23,9,2,2,
Colon,SIDM00789,VS,frozen_target_dependency_score,0,5,32,34,23,9,2,2,
Colon,SIDM00789,VS,frozen_rna_binary_score,0,5,32,34,23,9,2,2,
Colon,SIDM00789,VS,three_round_static,0,5,32,34,23,9,2,3,0.0
Colon,SIDM00789,VS,three_round_drug_feedback,0,6,33,34,23,10,1,3,0.0
Colon,SIDM00789,VS,three_round_target_feedback,0,6,34,34,23,11,0,3,0.0
Colon,SIDM00789,VS,three_round_shuffled_feedback,0,5,34,34,23,11,0,3,0.0
Colon,SIDM00789,VS,three_round_shuffled_feedback,1,6,33,34,23,10,1,3,0.0
Colon,SIDM00789,VS,three_round_shuffled_feedback,2,5,30,34,23,7,4,3,0.0
Colon,SIDM00789,VS,three_round_shuffled_feedback,3,4,29,34,23,6,5,3,0.0
Colon,SIDM00789,VS,three_round_shuffled_feedback,4,5,30,34,23,7,4,3,0.0
Colon,SIDM00789,VS,three_round_shuffled_feedback,5,4,29,34,23,6,5,3,0.0
Colon,SIDM00789,VS,three_round_shuffled_feedback,6,4,31,34,23,8,3,3,0.0
Colon,SIDM00789,VS,three_round_shuffled_feedback,7,5,33,34,23,10,1,3,0.0
Colon,SIDM00789,VS,three_round_shuffled_feedback,8,4,29,34,23,6,5,3,0.0
Colon,SIDM00789,VS,three_round_shuffled_feedback,9,5,30,34,23,7,4,3,0.0
Colon,SIDM00841,SV,frozen_simple_score,0,1,25,34,23,2,9,2,
Colon,SIDM00841,SV,frozen_prior_control_score,0,1,25,34,23,2,9,2,
Colon,SIDM00841,SV,frozen_hotspot_score,0,1,26,34,23,3,8,2,
Colon,SIDM00841,SV,frozen_dependency_score,0,1,25,34,23,2,9,2,
Colon,SIDM00841,SV,frozen_target_dependency_score,0,1,25,34,23,2,9,2,
Colon,SIDM00841,SV,frozen_rna_binary_score,0,1,25,34,23,2,9,2,
Colon,SIDM00841,SV,three_round_static,0,1,25,34,23,2,9,3,0.0
Colon,SIDM00841,SV,three_round_drug_feedback,0,1,25,34,23,2,9,3,0.0
Colon,SIDM00841,SV,three_round_target_feedback,0,1,25,34,23,2,9,3,0.0
Colon,SIDM00841,SV,three_round_shuffled_feedback,0,1,25,34,23,2,9,3,0.0
Colon,SIDM00841,SV,three_round_shuffled_feedback,1,1,25,34,23,2,9,3,0.0
Colon,SIDM00841,SV,three_round_shuffled_feedback,2,1,25,34,23,2,9,3,0.0
Colon,SIDM00841,SV,three_round_shuffled_feedback,3,1,26,34,23,3,8,3,0.0
Colon,SIDM00841,SV,three_round_shuffled_feedback,4,1,26,34,23,3,8,3,0.0
Colon,SIDM00841,SV,three_round_shuffled_feedback,5,1,26,34,23,3,8,3,0.0
Colon,SIDM00841,SV,three_round_shuffled_feedback,6,1,26,34,23,3,8,3,0.0
Colon,SIDM00841,SV,three_round_shuffled_feedback,7,1,25,34,23,2,9,3,0.0
Colon,SIDM00841,SV,three_round_shuffled_feedback,8,1,26,34,23,3,8,3,0.0
Colon,SIDM00841,SV,three_round_shuffled_feedback,9,1,25,34,23,2,9,3,0.0
Colon,SIDM00841,VS,frozen_simple_score,0,2,23,31,21,2,8,2,
Colon,SIDM00841,VS,frozen_prior_control_score,0,2,23,31,21,2,8,2,
Colon,SIDM00841,VS,frozen_hotspot_score,0,2,23,31,21,2,8,2,
Colon,SIDM00841,VS,frozen_dependency_score,0,2,23,31,21,2,8,2,
Colon,SIDM00841,VS,frozen_target_dependency_score,0,2,23,31,21,2,8,2,
Colon,SIDM00841,VS,frozen_rna_binary_score,0,2,23,31,21,2,8,2,
Colon,SIDM00841,VS,three_round_static,0,2,23,31,21,2,8,3,0.0
Colon,SIDM00841,VS,three_round_drug_feedback,0,2,23,31,21,2,8,3,0.0
Colon,SIDM00841,VS,three_round_target_feedback,0,2,23,31,21,2,8,3,0.0
Colon,SIDM00841,VS,three_round_shuffled_feedback,0,2,23,31,21,2,8,3,0.0
Colon,SIDM00841,VS,three_round_shuffled_feedback,1,2,23,31,21,2,8,3,0.0
Colon,SIDM00841,VS,three_round_shuffled_feedback,2,2,23,31,21,2,8,3,0.0
Colon,SIDM00841,VS,three_round_shuffled_feedback,3,2,23,31,21,2,8,3,0.0
Colon,SIDM00841,VS,three_round_shuffled_feedback,4,2,23,31,21,2,8,3,0.0
Colon,SIDM00841,VS,three_round_shuffled_feedback,5,2,23,31,21,2,8,3,0.0
Colon,SIDM00841,VS,three_round_shuffled_feedback,6,2,23,31,21,2,8,3,0.0
Colon,SIDM00841,VS,three_round_shuffled_feedback,7,2,23,31,21,2,8,3,0.0
Colon,SIDM00841,VS,three_round_shuffled_feedback,8,2,23,31,21,2,8,3,0.0
Colon,SIDM00841,VS,three_round_shuffled_feedback,9,2,23,31,21,2,8,3,0.0
Colon,SIDM01096,SV,frozen_simple_score,0,6,29,34,23,6,5,2,
Colon,SIDM01096,SV,frozen_prior_control_score,0,6,29,34,23,6,5,2,
Colon,SIDM01096,SV,frozen_hotspot_score,0,6,29,34,23,6,5,2,
Colon,SIDM01096,SV,frozen_dependency_score,0,6,29,34,23,6,5,2,
Colon,SIDM01096,SV,frozen_target_dependency_score,0,6,29,34,23,6,5,2,
Colon,SIDM01096,SV,frozen_rna_binary_score,0,6,29,34,23,6,5,2,
Colon,SIDM01096,SV,three_round_static,0,6,29,34,23,6,5,3,0.0
Colon,SIDM01096,SV,three_round_drug_feedback,0,5,28,34,23,5,6,3,0.0
Colon,SIDM01096,SV,three_round_target_feedback,0,6,29,34,23,6,5,3,0.0
Colon,SIDM01096,SV,three_round_shuffled_feedback,0,5,28,34,23,5,6,3,0.0
Colon,SIDM01096,SV,three_round_shuffled_feedback,1,5,28,34,23,5,6,3,0.0
Colon,SIDM01096,SV,three_round_shuffled_feedback,2,6,29,34,23,6,5,3,0.0
Colon,SIDM01096,SV,three_round_shuffled_feedback,3,6,29,34,23,6,5,3,0.0
Colon,SIDM01096,SV,three_round_shuffled_feedback,4,6,29,34,23,6,5,3,0.0
Colon,SIDM01096,SV,three_round_shuffled_feedback,5,6,29,34,23,6,5,3,0.0
Colon,SIDM01096,SV,three_round_shuffled_feedback,6,6,29,34,23,6,5,3,0.0
Colon,SIDM01096,SV,three_round_shuffled_feedback,7,5,28,34,23,5,6,3,0.0
Colon,SIDM01096,SV,three_round_shuffled_feedback,8,6,29,34,23,6,5,3,0.0
Colon,SIDM01096,SV,three_round_shuffled_feedback,9,6,29,34,23,6,5,3,0.0
Colon,SIDM01096,VS,frozen_simple_score,0,2,26,34,23,3,8,2,
Colon,SIDM01096,VS,frozen_prior_control_score,0,2,26,34,23,3,8,2,
Colon,SIDM01096,VS,frozen_hotspot_score,0,2,26,34,23,3,8,2,
Colon,SIDM01096,VS,frozen_dependency_score,0,2,26,34,23,3,8,2,
Colon,SIDM01096,VS,frozen_target_dependency_score,0,2,26,34,23,3,8,2,
Colon,SIDM01096,VS,frozen_rna_binary_score,0,2,26,34,23,3,8,2,
Colon,SIDM01096,VS,three_round_static,0,2,26,34,23,3,8,3,0.0
Colon,SIDM01096,VS,three_round_drug_feedback,0,2,25,34,23,2,9,3,0.0
Colon,SIDM01096,VS,three_round_target_feedback,0,2,25,34,23,2,9,3,0.0
Colon,SIDM01096,VS,three_round_shuffled_feedback,0,2,25,34,23,2,9,3,0.0
Colon,SIDM01096,VS,three_round_shuffled_feedback,1,2,25,34,23,2,9,3,0.0
Colon,SIDM01096,VS,three_round_shuffled_feedback,2,2,26,34,23,3,8,3,0.0
Colon,SIDM01096,VS,three_round_shuffled_feedback,3,2,26,34,23,3,8,3,0.0
Colon,SIDM01096,VS,three_round_shuffled_feedback,4,2,26,34,23,3,8,3,0.0
Colon,SIDM01096,VS,three_round_shuffled_feedback,5,2,26,34,23,3,8,3,0.0
Colon,SIDM01096,VS,three_round_shuffled_feedback,6,2,25,34,23,2,9,3,0.0
Colon,SIDM01096,VS,three_round_shuffled_feedback,7,2,25,34,23,2,9,3,0.0
Colon,SIDM01096,VS,three_round_shuffled_feedback,8,2,26,34,23,3,8,3,0.0
Colon,SIDM01096,VS,three_round_shuffled_feedback,9,2,26,34,23,3,8,3,0.0
Pancreas,SIDM00053,SV,frozen_simple_score,0,3,27,34,23,4,7,2,
Pancreas,SIDM00053,SV,frozen_prior_control_score,0,3,27,34,23,4,7,2,
Pancreas,SIDM00053,SV,frozen_hotspot_score,0,3,27,34,23,4,7,2,
Pancreas,SIDM00053,SV,frozen_dependency_score,0,3,27,34,23,4,7,2,
Pancreas,SIDM00053,SV,frozen_target_dependency_score,0,3,27,34,23,4,7,2,
Pancreas,SIDM00053,SV,frozen_rna_binary_score,0,3,27,34,23,4,7,2,
Pancreas,SIDM00053,SV,three_round_static,0,3,27,34,23,4,7,3,0.0
Pancreas,SIDM00053,SV,three_round_drug_feedback,0,3,26,34,23,3,8,3,0.0
Pancreas,SIDM00053,SV,three_round_target_feedback,0,3,26,34,23,3,8,3,0.0
Pancreas,SIDM00053,SV,three_round_shuffled_feedback,0,3,26,34,23,3,8,3,0.0
Pancreas,SIDM00053,SV,three_round_shuffled_feedback,1,3,26,34,23,3,8,3,0.0
Pancreas,SIDM00053,SV,three_round_shuffled_feedback,2,3,27,34,23,4,7,3,0.0
Pancreas,SIDM00053,SV,three_round_shuffled_feedback,3,3,27,34,23,4,7,3,0.0
Pancreas,SIDM00053,SV,three_round_shuffled_feedback,4,3,26,34,23,3,8,3,0.0
Pancreas,SIDM00053,SV,three_round_shuffled_feedback,5,3,27,34,23,4,7,3,0.0
Pancreas,SIDM00053,SV,three_round_shuffled_feedback,6,3,26,34,23,3,8,3,0.0
Pancreas,SIDM00053,SV,three_round_shuffled_feedback,7,3,26,34,23,3,8,3,0.0
Pancreas,SIDM00053,SV,three_round_shuffled_feedback,8,3,27,34,23,4,7,3,0.0
Pancreas,SIDM00053,SV,three_round_shuffled_feedback,9,3,26,34,23,3,8,3,0.0
Pancreas,SIDM00053,VS,frozen_simple_score,0,5,30,34,23,7,4,2,
Pancreas,SIDM00053,VS,frozen_prior_control_score,0,5,30,34,23,7,4,2,
Pancreas,SIDM00053,VS,frozen_hotspot_score,0,5,30,34,23,7,4,2,
Pancreas,SIDM00053,VS,frozen_dependency_score,0,5,30,34,23,7,4,2,
Pancreas,SIDM00053,VS,frozen_target_dependency_score,0,5,30,34,23,7,4,2,
Pancreas,SIDM00053,VS,frozen_rna_binary_score,0,5,30,34,23,7,4,2,
Pancreas,SIDM00053,VS,three_round_static,0,5,30,34,23,7,4,3,0.0
Pancreas,SIDM00053,VS,three_round_drug_feedback,0,4,29,34,23,6,5,3,0.0
Pancreas,SIDM00053,VS,three_round_target_feedback,0,4,29,34,23,6,5,3,0.0
Pancreas,SIDM00053,VS,three_round_shuffled_feedback,0,5,30,34,23,7,4,3,0.0
Pancreas,SIDM00053,VS,three_round_shuffled_feedback,1,4,29,34,23,6,5,3,0.0
Pancreas,SIDM00053,VS,three_round_shuffled_feedback,2,5,30,34,23,7,4,3,0.0
Pancreas,SIDM00053,VS,three_round_shuffled_feedback,3,5,30,34,23,7,4,3,0.0
Pancreas,SIDM00053,VS,three_round_shuffled_feedback,4,5,30,34,23,7,4,3,0.0
Pancreas,SIDM00053,VS,three_round_shuffled_feedback,5,5,30,34,23,7,4,3,0.0
Pancreas,SIDM00053,VS,three_round_shuffled_feedback,6,4,28,34,23,5,6,3,0.0
Pancreas,SIDM00053,VS,three_round_shuffled_feedback,7,4,28,34,23,5,6,3,0.0
Pancreas,SIDM00053,VS,three_round_shuffled_feedback,8,5,30,34,23,7,4,3,0.0
Pancreas,SIDM00053,VS,three_round_shuffled_feedback,9,5,30,34,23,7,4,3,0.0
Pancreas,SIDM00301,SV,frozen_simple_score,0,6,31,34,23,8,3,2,
Pancreas,SIDM00301,SV,frozen_prior_control_score,0,6,31,34,23,8,3,2,
Pancreas,SIDM00301,SV,frozen_hotspot_score,0,6,31,34,23,8,3,2,
Pancreas,SIDM00301,SV,frozen_dependency_score,0,6,32,34,23,9,2,2,
Pancreas,SIDM00301,SV,frozen_target_dependency_score,0,6,31,34,23,8,3,2,
Pancreas,SIDM00301,SV,frozen_rna_binary_score,0,6,31,34,23,8,3,2,
Pancreas,SIDM00301,SV,three_round_static,0,6,31,34,23,8,3,3,0.0
Pancreas,SIDM00301,SV,three_round_drug_feedback,0,6,30,34,23,7,4,3,0.0
Pancreas,SIDM00301,SV,three_round_target_feedback,0,6,30,34,23,7,4,3,0.0
Pancreas,SIDM00301,SV,three_round_shuffled_feedback,0,5,30,34,23,7,4,3,0.0
Pancreas,SIDM00301,SV,three_round_shuffled_feedback,1,6,30,34,23,7,4,3,0.0
Pancreas,SIDM00301,SV,three_round_shuffled_feedback,2,6,30,34,23,7,4,3,0.0
Pancreas,SIDM00301,SV,three_round_shuffled_feedback,3,6,30,34,23,7,4,3,0.0
Pancreas,SIDM00301,SV,three_round_shuffled_feedback,4,6,31,34,23,8,3,3,0.0
Pancreas,SIDM00301,SV,three_round_shuffled_feedback,5,6,30,34,23,7,4,3,0.0
Pancreas,SIDM00301,SV,three_round_shuffled_feedback,6,6,31,34,23,8,3,3,0.0
Pancreas,SIDM00301,SV,three_round_shuffled_feedback,7,6,30,34,23,7,4,3,0.0
Pancreas,SIDM00301,SV,three_round_shuffled_feedback,8,6,30,34,23,7,4,3,0.0
Pancreas,SIDM00301,SV,three_round_shuffled_feedback,9,6,30,34,23,7,4,3,0.0
Pancreas,SIDM00301,VS,frozen_simple_score,0,6,30,34,23,7,4,2,
Pancreas,SIDM00301,VS,frozen_prior_control_score,0,6,30,34,23,7,4,2,
Pancreas,SIDM00301,VS,frozen_hotspot_score,0,6,30,34,23,7,4,2,
Pancreas,SIDM00301,VS,frozen_dependency_score,0,6,30,34,23,7,4,2,
Pancreas,SIDM00301,VS,frozen_target_dependency_score,0,6,30,34,23,7,4,2,
Pancreas,SIDM00301,VS,frozen_rna_binary_score,0,6,30,34,23,7,4,2,
Pancreas,SIDM00301,VS,three_round_static,0,6,30,34,23,7,4,3,0.0
Pancreas,SIDM00301,VS,three_round_drug_feedback,0,6,29,34,23,6,5,3,0.0
Pancreas,SIDM00301,VS,three_round_target_feedback,0,6,29,34,23,6,5,3,0.0
Pancreas,SIDM00301,VS,three_round_shuffled_feedback,0,5,29,34,23,6,5,3,0.0
Pancreas,SIDM00301,VS,three_round_shuffled_feedback,1,6,29,34,23,6,5,3,0.0
Pancreas,SIDM00301,VS,three_round_shuffled_feedback,2,5,29,34,23,6,5,3,0.0
Pancreas,SIDM00301,VS,three_round_shuffled_feedback,3,5,29,34,23,6,5,3,0.0
Pancreas,SIDM00301,VS,three_round_shuffled_feedback,4,5,29,34,23,6,5,3,0.0
Pancreas,SIDM00301,VS,three_round_shuffled_feedback,5,6,29,34,23,6,5,3,0.0
Pancreas,SIDM00301,VS,three_round_shuffled_feedback,6,5,29,34,23,6,5,3,0.0
Pancreas,SIDM00301,VS,three_round_shuffled_feedback,7,5,29,34,23,6,5,3,0.0
Pancreas,SIDM00301,VS,three_round_shuffled_feedback,8,6,29,34,23,6,5,3,0.0
Pancreas,SIDM00301,VS,three_round_shuffled_feedback,9,5,29,34,23,6,5,3,0.0
Pancreas,SIDM00371,SV,frozen_simple_score,0,4,31,34,23,8,3,2,
Pancreas,SIDM00371,SV,frozen_prior_control_score,0,4,31,34,23,8,3,2,
Pancreas,SIDM00371,SV,frozen_hotspot_score,0,4,31,34,23,8,3,2,
Pancreas,SIDM00371,SV,frozen_dependency_score,0,4,31,34,23,8,3,2,
Pancreas,SIDM00371,SV,frozen_target_dependency_score,0,4,31,34,23,8,3,2,
Pancreas,SIDM00371,SV,frozen_rna_binary_score,0,4,31,34,23,8,3,2,
Pancreas,SIDM00371,SV,three_round_static,0,4,31,34,23,8,3,3,0.0
Pancreas,SIDM00371,SV,three_round_drug_feedback,0,3,28,34,23,5,6,3,0.0
Pancreas,SIDM00371,SV,three_round_target_feedback,0,3,28,34,23,5,6,3,0.0
Pancreas,SIDM00371,SV,three_round_shuffled_feedback,0,4,31,34,23,8,3,3,0.0
Pancreas,SIDM00371,SV,three_round_shuffled_feedback,1,3,28,34,23,5,6,3,0.0
Pancreas,SIDM00371,SV,three_round_shuffled_feedback,2,4,31,34,23,8,3,3,0.0
Pancreas,SIDM00371,SV,three_round_shuffled_feedback,3,4,31,34,23,8,3,3,0.0
Pancreas,SIDM00371,SV,three_round_shuffled_feedback,4,4,31,34,23,8,3,3,0.0
Pancreas,SIDM00371,SV,three_round_shuffled_feedback,5,3,28,34,23,5,6,3,0.0
Pancreas,SIDM00371,SV,three_round_shuffled_feedback,6,4,31,34,23,8,3,3,0.0
Pancreas,SIDM00371,SV,three_round_shuffled_feedback,7,4,31,34,23,8,3,3,0.0
Pancreas,SIDM00371,SV,three_round_shuffled_feedback,8,3,28,34,23,5,6,3,0.0
Pancreas,SIDM00371,SV,three_round_shuffled_feedback,9,4,31,34,23,8,3,3,0.0
Pancreas,SIDM00371,VS,frozen_simple_score,0,4,30,34,23,7,4,2,
Pancreas,SIDM00371,VS,frozen_prior_control_score,0,4,30,34,23,7,4,2,
Pancreas,SIDM00371,VS,frozen_hotspot_score,0,4,30,34,23,7,4,2,
Pancreas,SIDM00371,VS,frozen_dependency_score,0,4,30,34,23,7,4,2,
Pancreas,SIDM00371,VS,frozen_target_dependency_score,0,4,30,34,23,7,4,2,
Pancreas,SIDM00371,VS,frozen_rna_binary_score,0,4,30,34,23,7,4,2,
Pancreas,SIDM00371,VS,three_round_static,0,4,30,34,23,7,4,3,0.0
Pancreas,SIDM00371,VS,three_round_drug_feedback,0,4,28,34,23,5,6,3,0.0
Pancreas,SIDM00371,VS,three_round_target_feedback,0,4,28,34,23,5,6,3,0.0
Pancreas,SIDM00371,VS,three_round_shuffled_feedback,0,4,30,34,23,7,4,3,0.0
Pancreas,SIDM00371,VS,three_round_shuffled_feedback,1,4,28,34,23,5,6,3,0.0
Pancreas,SIDM00371,VS,three_round_shuffled_feedback,2,4,30,34,23,7,4,3,0.0
Pancreas,SIDM00371,VS,three_round_shuffled_feedback,3,3,30,34,23,7,4,3,0.0
Pancreas,SIDM00371,VS,three_round_shuffled_feedback,4,3,29,34,23,6,5,3,0.0
Pancreas,SIDM00371,VS,three_round_shuffled_feedback,5,4,31,34,23,8,3,3,0.0
Pancreas,SIDM00371,VS,three_round_shuffled_feedback,6,4,30,34,23,7,4,3,0.0
Pancreas,SIDM00371,VS,three_round_shuffled_feedback,7,4,29,34,23,6,5,3,0.0
Pancreas,SIDM00371,VS,three_round_shuffled_feedback,8,4,31,34,23,8,3,3,0.0
Pancreas,SIDM00371,VS,three_round_shuffled_feedback,9,4,29,34,23,6,5,3,0.0
Pancreas,SIDM00453,SV,frozen_simple_score,0,5,30,34,23,7,4,2,
Pancreas,SIDM00453,SV,frozen_prior_control_score,0,5,30,34,23,7,4,2,
Pancreas,SIDM00453,SV,frozen_hotspot_score,0,5,30,34,23,7,4,2,
Pancreas,SIDM00453,SV,frozen_dependency_score,0,5,31,34,23,8,3,2,
Pancreas,SIDM00453,SV,frozen_target_dependency_score,0,5,30,34,23,7,4,2,
Pancreas,SIDM00453,SV,frozen_rna_binary_score,0,5,30,34,23,7,4,2,
Pancreas,SIDM00453,SV,three_round_static,0,5,30,34,23,7,4,3,0.0
Pancreas,SIDM00453,SV,three_round_drug_feedback,0,5,30,34,23,7,4,3,0.0
Pancreas,SIDM00453,SV,three_round_target_feedback,0,5,30,34,23,7,4,3,0.0
Pancreas,SIDM00453,SV,three_round_shuffled_feedback,0,5,30,34,23,7,4,3,0.0
Pancreas,SIDM00453,SV,three_round_shuffled_feedback,1,5,30,34,23,7,4,3,0.0
Pancreas,SIDM00453,SV,three_round_shuffled_feedback,2,5,30,34,23,7,4,3,0.0
Pancreas,SIDM00453,SV,three_round_shuffled_feedback,3,5,30,34,23,7,4,3,0.0
Pancreas,SIDM00453,SV,three_round_shuffled_feedback,4,5,30,34,23,7,4,3,0.0
Pancreas,SIDM00453,SV,three_round_shuffled_feedback,5,5,30,34,23,7,4,3,0.0
Pancreas,SIDM00453,SV,three_round_shuffled_feedback,6,5,30,34,23,7,4,3,0.0
Pancreas,SIDM00453,SV,three_round_shuffled_feedback,7,5,30,34,23,7,4,3,0.0
Pancreas,SIDM00453,SV,three_round_shuffled_feedback,8,5,30,34,23,7,4,3,0.0
Pancreas,SIDM00453,SV,three_round_shuffled_feedback,9,5,30,34,23,7,4,3,0.0
Pancreas,SIDM00453,VS,frozen_simple_score,0,9,34,34,23,11,0,2,
Pancreas,SIDM00453,VS,frozen_prior_control_score,0,9,34,34,23,11,0,2,
Pancreas,SIDM00453,VS,frozen_hotspot_score,0,9,34,34,23,11,0,2,
Pancreas,SIDM00453,VS,frozen_dependency_score,0,9,34,34,23,11,0,2,
Pancreas,SIDM00453,VS,frozen_target_dependency_score,0,9,34,34,23,11,0,2,
Pancreas,SIDM00453,VS,frozen_rna_binary_score,0,9,34,34,23,11,0,2,
Pancreas,SIDM00453,VS,three_round_static,0,9,34,34,23,11,0,3,0.0
Pancreas,SIDM00453,VS,three_round_drug_feedback,0,9,34,34,23,11,0,3,0.0
Pancreas,SIDM00453,VS,three_round_target_feedback,0,9,34,34,23,11,0,3,0.0
Pancreas,SIDM00453,VS,three_round_shuffled_feedback,0,8,34,34,23,11,0,3,0.0
Pancreas,SIDM00453,VS,three_round_shuffled_feedback,1,9,34,34,23,11,0,3,0.0
Pancreas,SIDM00453,VS,three_round_shuffled_feedback,2,8,34,34,23,11,0,3,0.0
Pancreas,SIDM00453,VS,three_round_shuffled_feedback,3,8,34,34,23,11,0,3,0.0
Pancreas,SIDM00453,VS,three_round_shuffled_feedback,4,7,34,34,23,11,0,3,0.0
Pancreas,SIDM00453,VS,three_round_shuffled_feedback,5,9,34,34,23,11,0,3,0.0
Pancreas,SIDM00453,VS,three_round_shuffled_feedback,6,7,34,34,23,11,0,3,0.0
Pancreas,SIDM00453,VS,three_round_shuffled_feedback,7,8,34,34,23,11,0,3,0.0
Pancreas,SIDM00453,VS,three_round_shuffled_feedback,8,9,34,34,23,11,0,3,0.0
Pancreas,SIDM00453,VS,three_round_shuffled_feedback,9,9,34,34,23,11,0,3,0.0
Pancreas,SIDM00583,SV,frozen_simple_score,0,2,25,34,23,2,9,2,
Pancreas,SIDM00583,SV,frozen_prior_control_score,0,2,25,34,23,2,9,2,
Pancreas,SIDM00583,SV,frozen_hotspot_score,0,2,25,34,23,2,9,2,
Pancreas,SIDM00583,SV,frozen_dependency_score,0,2,25,34,23,2,9,2,
Pancreas,SIDM00583,SV,frozen_target_dependency_score,0,2,25,34,23,2,9,2,
Pancreas,SIDM00583,SV,frozen_rna_binary_score,0,2,25,34,23,2,9,2,
Pancreas,SIDM00583,SV,three_round_static,0,2,25,34,23,2,9,3,0.0
Pancreas,SIDM00583,SV,three_round_drug_feedback,0,1,24,34,23,1,10,3,0.0
Pancreas,SIDM00583,SV,three_round_target_feedback,0,1,24,34,23,1,10,3,0.0
Pancreas,SIDM00583,SV,three_round_shuffled_feedback,0,1,24,34,23,1,10,3,0.0
Pancreas,SIDM00583,SV,three_round_shuffled_feedback,1,1,24,34,23,1,10,3,0.0
Pancreas,SIDM00583,SV,three_round_shuffled_feedback,2,1,24,34,23,1,10,3,0.0
Pancreas,SIDM00583,SV,three_round_shuffled_feedback,3,1,24,34,23,1,10,3,0.0
Pancreas,SIDM00583,SV,three_round_shuffled_feedback,4,1,24,34,23,1,10,3,0.0
Pancreas,SIDM00583,SV,three_round_shuffled_feedback,5,1,24,34,23,1,10,3,0.0
Pancreas,SIDM00583,SV,three_round_shuffled_feedback,6,1,24,34,23,1,10,3,0.0
Pancreas,SIDM00583,SV,three_round_shuffled_feedback,7,1,24,34,23,1,10,3,0.0
Pancreas,SIDM00583,SV,three_round_shuffled_feedback,8,1,24,34,23,1,10,3,0.0
Pancreas,SIDM00583,SV,three_round_shuffled_feedback,9,1,24,34,23,1,10,3,0.0
Pancreas,SIDM00583,VS,frozen_simple_score,0,4,32,34,23,9,2,2,
Pancreas,SIDM00583,VS,frozen_prior_control_score,0,4,32,34,23,9,2,2,
Pancreas,SIDM00583,VS,frozen_hotspot_score,0,4,32,34,23,9,2,2,
Pancreas,SIDM00583,VS,frozen_dependency_score,0,4,32,34,23,9,2,2,
Pancreas,SIDM00583,VS,frozen_target_dependency_score,0,4,32,34,23,9,2,2,
Pancreas,SIDM00583,VS,frozen_rna_binary_score,0,4,32,34,23,9,2,2,
Pancreas,SIDM00583,VS,three_round_static,0,4,32,34,23,9,2,3,0.0
Pancreas,SIDM00583,VS,three_round_drug_feedback,0,4,32,34,23,9,2,3,0.0
Pancreas,SIDM00583,VS,three_round_target_feedback,0,4,32,34,23,9,2,3,0.0
Pancreas,SIDM00583,VS,three_round_shuffled_feedback,0,4,33,34,23,10,1,3,0.0
Pancreas,SIDM00583,VS,three_round_shuffled_feedback,1,4,32,34,23,9,2,3,0.0
Pancreas,SIDM00583,VS,three_round_shuffled_feedback,2,3,31,34,23,8,3,3,0.0
Pancreas,SIDM00583,VS,three_round_shuffled_feedback,3,3,31,34,23,8,3,3,0.0
Pancreas,SIDM00583,VS,three_round_shuffled_feedback,4,3,31,34,23,8,3,3,0.0
Pancreas,SIDM00583,VS,three_round_shuffled_feedback,5,3,30,34,23,7,4,3,0.0
Pancreas,SIDM00583,VS,three_round_shuffled_feedback,6,4,32,34,23,9,2,3,0.0
Pancreas,SIDM00583,VS,three_round_shuffled_feedback,7,4,33,34,23,10,1,3,0.0
Pancreas,SIDM00583,VS,three_round_shuffled_feedback,8,3,30,34,23,7,4,3,0.0
Pancreas,SIDM00583,VS,three_round_shuffled_feedback,9,3,30,34,23,7,4,3,0.0
Pancreas,SIDM00053,SV,LOCO_static_budget,0,3,27,34,23,4,7,2,
Pancreas,SIDM00053,VS,LOCO_static_budget,0,5,30,34,23,7,4,2,
Pancreas,SIDM00053,SV,LOCO_score_and_budget,0,3,27,34,23,4,7,2,
Pancreas,SIDM00053,VS,LOCO_score_and_budget,0,5,30,34,23,7,4,2,
Colon,SIDM00136,SV,LOCO_static_budget,0,5,28,34,23,5,6,2,
Colon,SIDM00136,VS,LOCO_static_budget,0,5,29,34,23,6,5,2,
Colon,SIDM00136,SV,LOCO_score_and_budget,0,4,27,34,23,4,7,2,
Colon,SIDM00136,VS,LOCO_score_and_budget,0,5,29,34,23,6,5,2,
Pancreas,SIDM00301,SV,LOCO_static_budget,0,6,31,34,23,8,3,2,
Pancreas,SIDM00301,VS,LOCO_static_budget,0,6,30,34,23,7,4,2,
Pancreas,SIDM00301,SV,LOCO_score_and_budget,0,6,31,34,23,8,3,2,
Pancreas,SIDM00301,VS,LOCO_score_and_budget,0,6,30,34,23,7,4,2,
Breast,SIDM00332,SV,LOCO_static_budget,0,0,21,29,20,1,8,2,
Breast,SIDM00332,VS,LOCO_static_budget,0,6,30,31,21,9,1,2,
Breast,SIDM00332,SV,LOCO_score_and_budget,0,0,21,29,20,1,8,2,
Breast,SIDM00332,VS,LOCO_score_and_budget,0,6,30,31,21,9,1,2,
Pancreas,SIDM00371,SV,LOCO_static_budget,0,4,31,34,23,8,3,2,
Pancreas,SIDM00371,VS,LOCO_static_budget,0,4,30,34,23,7,4,2,
Pancreas,SIDM00371,SV,LOCO_score_and_budget,0,4,31,34,23,8,3,2,
Pancreas,SIDM00371,VS,LOCO_score_and_budget,0,4,30,34,23,7,4,2,
Pancreas,SIDM00453,SV,LOCO_static_budget,0,5,30,34,23,7,4,2,
Pancreas,SIDM00453,VS,LOCO_static_budget,0,9,34,34,23,11,0,2,
Pancreas,SIDM00453,SV,LOCO_score_and_budget,0,5,30,34,23,7,4,2,
Pancreas,SIDM00453,VS,LOCO_score_and_budget,0,9,34,34,23,11,0,2,
Pancreas,SIDM00583,SV,LOCO_static_budget,0,2,25,34,23,2,9,2,
Pancreas,SIDM00583,VS,LOCO_static_budget,0,4,32,34,23,9,2,2,
Pancreas,SIDM00583,SV,LOCO_score_and_budget,0,2,25,34,23,2,9,2,
Pancreas,SIDM00583,VS,LOCO_score_and_budget,0,4,32,34,23,9,2,2,
Colon,SIDM00789,SV,LOCO_static_budget,0,3,29,34,23,6,5,2,
Colon,SIDM00789,VS,LOCO_static_budget,0,5,32,34,23,9,2,2,
Colon,SIDM00789,SV,LOCO_score_and_budget,0,3,29,34,23,6,5,2,
Colon,SIDM00789,VS,LOCO_score_and_budget,0,5,32,34,23,9,2,2,
Colon,SIDM00841,SV,LOCO_static_budget,0,1,25,34,23,2,9,2,
Colon,SIDM00841,VS,LOCO_static_budget,0,2,23,31,21,2,8,2,
Colon,SIDM00841,SV,LOCO_score_and_budget,0,1,25,34,23,2,9,2,
Colon,SIDM00841,VS,LOCO_score_and_budget,0,2,23,31,21,2,8,2,
Breast,SIDM00874,SV,LOCO_static_budget,0,1,22,31,21,1,9,2,
Breast,SIDM00874,VS,LOCO_static_budget,0,1,24,31,21,3,7,2,
Breast,SIDM00874,SV,LOCO_score_and_budget,0,1,22,31,21,1,9,2,
Breast,SIDM00874,VS,LOCO_score_and_budget,0,1,24,31,21,3,7,2,
Breast,SIDM00898,SV,LOCO_static_budget,0,1,22,29,20,2,7,2,
Breast,SIDM00898,VS,LOCO_static_budget,0,2,23,31,21,2,8,2,
Breast,SIDM00898,SV,LOCO_score_and_budget,0,1,22,29,20,2,7,2,
Breast,SIDM00898,VS,LOCO_score_and_budget,0,2,23,31,21,2,8,2,
Breast,SIDM00928,SV,LOCO_static_budget,0,1,26,31,21,5,5,2,
Breast,SIDM00928,VS,LOCO_static_budget,0,1,29,31,21,8,2,2,
Breast,SIDM00928,SV,LOCO_score_and_budget,0,1,26,31,21,5,5,2,
Breast,SIDM00928,VS,LOCO_score_and_budget,0,1,29,31,21,8,2,2,
Breast,SIDM00963,SV,LOCO_static_budget,0,2,23,31,21,2,8,2,
Breast,SIDM00963,VS,LOCO_static_budget,0,0,21,31,21,0,10,2,
Breast,SIDM00963,SV,LOCO_score_and_budget,0,2,23,31,21,2,8,2,
Breast,SIDM00963,VS,LOCO_score_and_budget,0,0,21,31,21,0,10,2,
Colon,SIDM01096,SV,LOCO_static_budget,0,6,29,34,23,6,5,2,
Colon,SIDM01096,VS,LOCO_static_budget,0,2,26,34,23,3,8,2,
Colon,SIDM01096,SV,LOCO_score_and_budget,0,6,29,34,23,6,5,2,
Colon,SIDM01096,VS,LOCO_score_and_budget,0,2,26,34,23,3,8,2,
