task,episode,arm,fold,compound,independent_unit,chemical_unit_kind,h1,h2,backend,forecast_control,backend_version,stop,final,correct,wrong,undetermined,deferred,measurements,days,utility,decided,acted,forecast_entered_selector,forecast_entered_repair,forecast_entered_final_evidence,all_ce,all_brier,all_accuracy,selected_ce,selected_brier,selected_accuracy,utility_lo,utility_hi,forecast_available,sequence,ranking,point_identified,potential_unresolved_sources,potential_missing_results
sciplex3_B,0|AG-14361|PARP inhibition|Aurora kinase inhibition,fixed_none,0,AG-14361,SEKJSSBJKFLZIT,skeleton,PARP inhibition,Aurora kinase inhibition,,,,eliminated,wrong,0.0,1.0,0,0.0,1,6.0,-2,1.0,1,False,False,False,,,,,,,-2.0,-2.0,False,"[""A549|024h|10000nM""]",[[]],True,[],[]
sciplex3_B,0|AG-14361|PARP inhibition|Aurora kinase inhibition,baseline_reference,0,AG-14361,SEKJSSBJKFLZIT,skeleton,PARP inhibition,Aurora kinase inhibition,ReferenceWorld,reference,belief-planning-1,eliminated,correct,1.0,0.0,0,0.0,1,6.0,1,1.0,1,True,False,False,0.7055058982566372,0.25218283636754607,0.8333333333333334,1.3286299924944904,0.7827438315214056,0.0,1.0,1.0,True,"[""MCF7|024h|10000nM""]","[[""MCF7|024h|10000nM"", ""A549|024h|10000nM"", ""MCF7|024h|01000nM"", ""K562|024h|10000nM"", ""K562|024h|01000nM"", ""A549|024h|01000nM"", ""MCF7|024h|00100nM"", ""MCF7|024h|00010nM"", ""A549|024h|00100nM"", ""A549|024h|00010nM"", ""K562|024h|00100nM"", ""K562|024h|00010nM""]]",True,[],[]
sciplex3_B,0|AG-14361|PARP inhibition|Aurora kinase inhibition,anchored_reference,0,AG-14361,SEKJSSBJKFLZIT,skeleton,PARP inhibition,Aurora kinase inhibition,ReferenceWorld,reference,belief-planning-1,eliminated,wrong,0.0,1.0,0,0.0,1,6.0,-2,1.0,1,True,False,False,0.7055058982566372,0.25218283636754607,0.8333333333333334,4.816138365298552,1.5027048137937724,0.0,-2.0,-2.0,True,"[""A549|024h|10000nM""]","[[""MCF7|024h|10000nM"", ""A549|024h|10000nM"", ""MCF7|024h|01000nM"", ""K562|024h|10000nM"", ""K562|024h|01000nM"", ""A549|024h|01000nM"", ""MCF7|024h|00100nM"", ""MCF7|024h|00010nM"", ""A549|024h|00100nM"", ""A549|024h|00010nM"", ""K562|024h|00100nM"", ""K562|024h|00010nM""]]",True,[],[]
sciplex3_B,0|AG-14361|PARP inhibition|Aurora kinase inhibition,anchored_permuted,0,AG-14361,SEKJSSBJKFLZIT,skeleton,PARP inhibition,Aurora kinase inhibition,ReferenceWorld,permuted,belief-planning-1,eliminated,wrong,0.0,1.0,0,0.0,1,6.0,-2,1.0,1,True,False,False,0.8734991646118422,0.3264995552215671,0.8333333333333334,5.833072622952395,1.6550581265566569,0.0,-2.0,-2.0,True,"[""A549|024h|10000nM""]","[[""A549|024h|00010nM"", ""K562|024h|00010nM"", ""MCF7|024h|10000nM"", ""MCF7|024h|00010nM"", ""K562|024h|10000nM"", ""A549|024h|10000nM"", ""MCF7|024h|01000nM"", ""MCF7|024h|00100nM"", ""A549|024h|01000nM"", ""A549|024h|00100nM"", ""K562|024h|01000nM"", ""K562|024h|00100nM""]]",True,[],[]
sciplex3_B,0|AG-14361|BCL-2 family inhibition|PARP inhibition,fixed_none,0,AG-14361,SEKJSSBJKFLZIT,skeleton,BCL-2 family inhibition,PARP inhibition,,,,eliminated,wrong,0.0,1.0,0,0.0,1,6.0,-2,1.0,1,False,False,False,,,,,,,-2.0,-2.0,False,"[""A549|024h|10000nM""]",[[]],True,[],[]
sciplex3_B,0|AG-14361|BCL-2 family inhibition|PARP inhibition,baseline_reference,0,AG-14361,SEKJSSBJKFLZIT,skeleton,BCL-2 family inhibition,PARP inhibition,ReferenceWorld,reference,belief-planning-1,eliminated,correct,1.0,0.0,0,0.0,2,12.0,1,1.0,1,True,False,False,0.6739331435368241,0.2329153653783266,0.9166666666666666,0.6923334286456869,0.36861655354724165,1.0,1.0,1.0,True,"[""K562|024h|10000nM"", ""MCF7|024h|10000nM""]","[[""K562|024h|10000nM"", ""A549|024h|10000nM"", ""MCF7|024h|01000nM"", ""A549|024h|01000nM"", ""K562|024h|01000nM"", ""MCF7|024h|10000nM"", ""MCF7|024h|00100nM"", ""A549|024h|00100nM"", ""K562|024h|00010nM"", ""MCF7|024h|00010nM"", ""A549|024h|00010nM"", ""K562|024h|00100nM""], [""MCF7|024h|10000nM"", ""A549|024h|10000nM"", ""MCF7|024h|01000nM"", ""A549|024h|01000nM"", ""K562|024h|01000nM"", ""MCF7|024h|00100nM"", ""A549|024h|00100nM"", ""MCF7|024h|00010nM"", ""K562|024h|00100nM"", ""A549|024h|00010nM"", ""K562|024h|00010nM""]]",True,[],[]
sciplex3_B,0|AG-14361|BCL-2 family inhibition|PARP inhibition,anchored_reference,0,AG-14361,SEKJSSBJKFLZIT,skeleton,BCL-2 family inhibition,PARP inhibition,ReferenceWorld,reference,belief-planning-1,eliminated,wrong,0.0,1.0,0,0.0,1,6.0,-2,1.0,1,True,False,False,0.6739331435368241,0.2329153653783266,0.9166666666666666,4.816138365298552,1.5027048137937724,0.0,-2.0,-2.0,True,"[""A549|024h|10000nM""]","[[""K562|024h|10000nM"", ""A549|024h|10000nM"", ""MCF7|024h|01000nM"", ""A549|024h|01000nM"", ""K562|024h|01000nM"", ""MCF7|024h|10000nM"", ""MCF7|024h|00100nM"", ""A549|024h|00100nM"", ""K562|024h|00010nM"", ""MCF7|024h|00010nM"", ""A549|024h|00010nM"", ""K562|024h|00100nM""]]",True,[],[]
sciplex3_B,0|AG-14361|BCL-2 family inhibition|PARP inhibition,anchored_permuted,0,AG-14361,SEKJSSBJKFLZIT,skeleton,BCL-2 family inhibition,PARP inhibition,ReferenceWorld,permuted,belief-planning-1,eliminated,wrong,0.0,1.0,0,0.0,1,6.0,-2,1.0,1,True,False,False,0.8734991646118422,0.3275646162836297,0.75,5.833072622952395,1.6550581265566569,0.0,-2.0,-2.0,True,"[""A549|024h|10000nM""]","[[""MCF7|024h|00010nM"", ""K562|024h|00010nM"", ""MCF7|024h|10000nM"", ""A549|024h|10000nM"", ""K562|024h|10000nM"", ""A549|024h|00010nM"", ""MCF7|024h|01000nM"", ""A549|024h|01000nM"", ""K562|024h|00100nM"", ""MCF7|024h|00100nM"", ""A549|024h|00100nM"", ""K562|024h|01000nM""]]",True,[],[]
sciplex3_B,0|AG-14361|PARP inhibition|CDK inhibition,fixed_none,0,AG-14361,SEKJSSBJKFLZIT,skeleton,PARP inhibition,CDK inhibition,,,,eliminated,wrong,0.0,1.0,0,0.0,1,6.0,-2,1.0,1,False,False,False,,,,,,,-2.0,-2.0,False,"[""A549|024h|10000nM""]",[[]],True,[],[]
sciplex3_B,0|AG-14361|PARP inhibition|CDK inhibition,baseline_reference,0,AG-14361,SEKJSSBJKFLZIT,skeleton,PARP inhibition,CDK inhibition,ReferenceWorld,reference,belief-planning-1,eliminated,wrong,0.0,1.0,0,0.0,1,6.0,-2,1.0,1,True,False,False,0.6860583282874361,0.24058065706144727,0.8333333333333334,4.816138365298552,1.5027048137937724,0.0,-2.0,-2.0,True,"[""A549|024h|10000nM""]","[[""A549|024h|10000nM"", ""K562|024h|10000nM"", ""MCF7|024h|01000nM"", ""A549|024h|01000nM"", ""MCF7|024h|00100nM"", ""K562|024h|01000nM"", ""A549|024h|00100nM"", ""MCF7|024h|00010nM"", ""K562|024h|00100nM"", ""A549|024h|00010nM"", ""K562|024h|00010nM"", ""MCF7|024h|10000nM""]]",True,[],[]
sciplex3_B,0|AG-14361|PARP inhibition|CDK inhibition,anchored_reference,0,AG-14361,SEKJSSBJKFLZIT,skeleton,PARP inhibition,CDK inhibition,ReferenceWorld,reference,belief-planning-1,eliminated,wrong,0.0,1.0,0,0.0,1,6.0,-2,1.0,1,True,False,False,0.6860583282874361,0.24058065706144727,0.8333333333333334,4.816138365298552,1.5027048137937724,0.0,-2.0,-2.0,True,"[""A549|024h|10000nM""]","[[""A549|024h|10000nM"", ""K562|024h|10000nM"", ""MCF7|024h|01000nM"", ""A549|024h|01000nM"", ""MCF7|024h|00100nM"", ""K562|024h|01000nM"", ""A549|024h|00100nM"", ""MCF7|024h|00010nM"", ""K562|024h|00100nM"", ""A549|024h|00010nM"", ""K562|024h|00010nM"", ""MCF7|024h|10000nM""]]",True,[],[]
sciplex3_B,0|AG-14361|PARP inhibition|CDK inhibition,anchored_permuted,0,AG-14361,SEKJSSBJKFLZIT,skeleton,PARP inhibition,CDK inhibition,ReferenceWorld,permuted,belief-planning-1,eliminated,wrong,0.0,1.0,0,0.0,1,6.0,-2,1.0,1,True,False,False,0.8774285718612815,0.32799280314400486,0.8333333333333334,5.833072622952395,1.6550581265566569,0.0,-2.0,-2.0,True,"[""A549|024h|10000nM""]","[[""K562|024h|00010nM"", ""MCF7|024h|00010nM"", ""MCF7|024h|10000nM"", ""A549|024h|10000nM"", ""MCF7|024h|01000nM"", ""K562|024h|10000nM"", ""A549|024h|01000nM"", ""MCF7|024h|00100nM"", ""K562|024h|01000nM"", ""A549|024h|00100nM"", ""K562|024h|00100nM"", ""A549|024h|00010nM""]]",True,[],[]
sciplex3_B,0|AG-14361|PARP inhibition|DNA alkylation,fixed_none,0,AG-14361,SEKJSSBJKFLZIT,skeleton,PARP inhibition,DNA alkylation,,,,eliminated,correct,1.0,0.0,0,0.0,2,12.0,1,1.0,1,False,False,False,,,,,,,1.0,1.0,False,"[""A549|024h|10000nM"", ""MCF7|024h|10000nM""]","[[], []]",True,[],[]
sciplex3_B,0|AG-14361|PARP inhibition|DNA alkylation,baseline_reference,0,AG-14361,SEKJSSBJKFLZIT,skeleton,PARP inhibition,DNA alkylation,ReferenceWorld,reference,belief-planning-1,eliminated,correct,1.0,0.0,0,0.0,1,6.0,1,1.0,1,True,False,False,0.48073553402662733,0.2095344839450752,0.9166666666666666,0.6756408542891639,0.3798558355649027,1.0,1.0,1.0,True,"[""MCF7|024h|10000nM""]","[[""MCF7|024h|10000nM"", ""A549|024h|10000nM"", ""K562|024h|10000nM"", ""A549|024h|01000nM"", ""MCF7|024h|01000nM"", ""K562|024h|01000nM"", ""MCF7|024h|00100nM"", ""A549|024h|00100nM"", ""MCF7|024h|00010nM"", ""K562|024h|00100nM"", ""K562|024h|00010nM"", ""A549|024h|00010nM""]]",True,[],[]
sciplex3_B,0|AG-14361|PARP inhibition|DNA alkylation,anchored_reference,0,AG-14361,SEKJSSBJKFLZIT,skeleton,PARP inhibition,DNA alkylation,ReferenceWorld,reference,belief-planning-1,eliminated,correct,1.0,0.0,0,0.0,2,12.0,1,1.0,1,True,False,False,0.48073553402662733,0.2095344839450752,0.9166666666666666,1.7072742381862493,0.8561391342847534,0.5,1.0,1.0,True,"[""A549|024h|10000nM"", ""MCF7|024h|10000nM""]","[[""MCF7|024h|10000nM"", ""A549|024h|10000nM"", ""K562|024h|10000nM"", ""A549|024h|01000nM"", ""MCF7|024h|01000nM"", ""K562|024h|01000nM"", ""MCF7|024h|00100nM"", ""A549|024h|00100nM"", ""MCF7|024h|00010nM"", ""K562|024h|00100nM"", ""K562|024h|00010nM"", ""A549|024h|00010nM""], [""MCF7|024h|10000nM"", ""K562|024h|10000nM"", ""MCF7|024h|01000nM"", ""A549|024h|01000nM"", ""K562|024h|01000nM"", ""MCF7|024h|00100nM"", ""A549|024h|00100nM"", ""MCF7|024h|00010nM"", ""K562|024h|00100nM"", ""A549|024h|00010nM"", ""K562|024h|00010nM""]]",True,[],[]
sciplex3_B,0|AG-14361|PARP inhibition|DNA alkylation,anchored_permuted,0,AG-14361,SEKJSSBJKFLZIT,skeleton,PARP inhibition,DNA alkylation,ReferenceWorld,permuted,belief-planning-1,eliminated,correct,1.0,0.0,0,0.0,2,12.0,1,1.0,1,True,False,False,0.6567901096536737,0.32750276274653567,0.75,2.13596268277885,1.1286623679174603,0.0,1.0,1.0,True,"[""A549|024h|10000nM"", ""MCF7|024h|10000nM""]","[[""A549|024h|00010nM"", ""K562|024h|00010nM"", ""MCF7|024h|00010nM"", ""A549|024h|10000nM"", ""MCF7|024h|10000nM"", ""K562|024h|10000nM"", ""MCF7|024h|01000nM"", ""A549|024h|01000nM"", ""MCF7|024h|00100nM"", ""K562|024h|01000nM"", ""K562|024h|00100nM"", ""A549|024h|00100nM""], [""A549|024h|00010nM"", ""K562|024h|00010nM"", ""MCF7|024h|00010nM"", ""MCF7|024h|10000nM"", ""K562|024h|10000nM"", ""MCF7|024h|01000nM"", ""A549|024h|01000nM"", ""MCF7|024h|00100nM"", ""K562|024h|01000nM"", ""A549|024h|00100nM"", ""K562|024h|00100nM""]]",True,[],[]
sciplex3_B,0|AG-14361|DNA methyltransferase inhibition|PARP inhibition,fixed_none,0,AG-14361,SEKJSSBJKFLZIT,skeleton,DNA methyltransferase inhibition,PARP inhibition,,,,eliminated,wrong,0.0,1.0,0,0.0,1,6.0,-2,1.0,1,False,False,False,,,,,,,-2.0,-2.0,False,"[""A549|024h|10000nM""]",[[]],True,[],[]
sciplex3_B,0|AG-14361|DNA methyltransferase inhibition|PARP inhibition,baseline_reference,0,AG-14361,SEKJSSBJKFLZIT,skeleton,DNA methyltransferase inhibition,PARP inhibition,ReferenceWorld,reference,belief-planning-1,eliminated,correct,1.0,0.0,0,0.0,1,6.0,1,1.0,1,True,False,False,0.6510901367395268,0.21755144156416115,0.9166666666666666,0.6756408542891639,0.3798558355649027,1.0,1.0,1.0,True,"[""MCF7|024h|10000nM""]","[[""MCF7|024h|10000nM"", ""A549|024h|10000nM"", ""K562|024h|10000nM"", ""K562|024h|01000nM"", ""A549|024h|01000nM"", ""MCF7|024h|00100nM"", ""K562|024h|00100nM"", ""A549|024h|00100nM"", ""MCF7|024h|00010nM"", ""K562|024h|00010nM"", ""A549|024h|00010nM"", ""MCF7|024h|01000nM""]]",True,[],[]
sciplex3_B,0|AG-14361|DNA methyltransferase inhibition|PARP inhibition,anchored_reference,0,AG-14361,SEKJSSBJKFLZIT,skeleton,DNA methyltransferase inhibition,PARP inhibition,ReferenceWorld,reference,belief-planning-1,eliminated,wrong,0.0,1.0,0,0.0,1,6.0,-2,1.0,1,True,False,False,0.6510901367395268,0.21755144156416115,0.9166666666666666,4.816138365298552,1.5027048137937724,0.0,-2.0,-2.0,True,"[""A549|024h|10000nM""]","[[""MCF7|024h|10000nM"", ""A549|024h|10000nM"", ""K562|024h|10000nM"", ""K562|024h|01000nM"", ""A549|024h|01000nM"", ""MCF7|024h|00100nM"", ""K562|024h|00100nM"", ""A549|024h|00100nM"", ""MCF7|024h|00010nM"", ""K562|024h|00010nM"", ""A549|024h|00010nM"", ""MCF7|024h|01000nM""]]",True,[],[]
sciplex3_B,0|AG-14361|DNA methyltransferase inhibition|PARP inhibition,anchored_permuted,0,AG-14361,SEKJSSBJKFLZIT,skeleton,DNA methyltransferase inhibition,PARP inhibition,ReferenceWorld,permuted,belief-planning-1,eliminated,wrong,0.0,1.0,0,0.0,1,6.0,-2,1.0,1,True,False,False,0.8734991646118422,0.33253322452074624,0.75,5.833072622952395,1.6550581265566569,0.0,-2.0,-2.0,True,"[""A549|024h|10000nM""]","[[""A549|024h|00010nM"", ""K562|024h|00010nM"", ""MCF7|024h|00010nM"", ""K562|024h|10000nM"", ""A549|024h|10000nM"", ""MCF7|024h|01000nM"", ""K562|024h|01000nM"", ""A549|024h|01000nM"", ""MCF7|024h|00100nM"", ""K562|024h|00100nM"", ""A549|024h|00100nM"", ""MCF7|024h|10000nM""]]",True,[],[]
sciplex3_B,0|AG-14361|HDAC inhibition|PARP inhibition,fixed_none,0,AG-14361,SEKJSSBJKFLZIT,skeleton,HDAC inhibition,PARP inhibition,,,,eliminated,wrong,0.0,1.0,0,0.0,1,6.0,-2,1.0,1,False,False,False,,,,,,,-2.0,-2.0,False,"[""A549|024h|10000nM""]",[[]],True,[],[]
sciplex3_B,0|AG-14361|HDAC inhibition|PARP inhibition,baseline_reference,0,AG-14361,SEKJSSBJKFLZIT,skeleton,HDAC inhibition,PARP inhibition,ReferenceWorld,reference,belief-planning-1,eliminated,correct,1.0,0.0,0,0.0,1,6.0,1,1.0,1,True,False,False,0.6739331435368241,0.2318579702379836,0.9166666666666666,0.9497569358567316,0.5515341796507723,1.0,1.0,1.0,True,"[""MCF7|024h|10000nM""]","[[""MCF7|024h|10000nM"", ""A549|024h|10000nM"", ""K562|024h|10000nM"", ""A549|024h|01000nM"", ""K562|024h|01000nM"", ""MCF7|024h|00100nM"", ""A549|024h|00100nM"", ""K562|024h|00100nM"", ""MCF7|024h|00010nM"", ""A549|024h|00010nM"", ""K562|024h|00010nM"", ""MCF7|024h|01000nM""]]",True,[],[]
sciplex3_B,0|AG-14361|HDAC inhibition|PARP inhibition,anchored_reference,0,AG-14361,SEKJSSBJKFLZIT,skeleton,HDAC inhibition,PARP inhibition,ReferenceWorld,reference,belief-planning-1,eliminated,wrong,0.0,1.0,0,0.0,1,6.0,-2,1.0,1,True,False,False,0.6739331435368241,0.2318579702379836,0.9166666666666666,4.816138365298552,1.5027048137937724,0.0,-2.0,-2.0,True,"[""A549|024h|10000nM""]","[[""MCF7|024h|10000nM"", ""A549|024h|10000nM"", ""K562|024h|10000nM"", ""A549|024h|01000nM"", ""K562|024h|01000nM"", ""MCF7|024h|00100nM"", ""A549|024h|00100nM"", ""K562|024h|00100nM"", ""MCF7|024h|00010nM"", ""A549|024h|00010nM"", ""K562|024h|00010nM"", ""MCF7|024h|01000nM""]]",True,[],[]
sciplex3_B,0|AG-14361|HDAC inhibition|PARP inhibition,anchored_permuted,0,AG-14361,SEKJSSBJKFLZIT,skeleton,HDAC inhibition,PARP inhibition,ReferenceWorld,permuted,belief-planning-1,eliminated,wrong,0.0,1.0,0,0.0,1,6.0,-2,1.0,1,True,False,False,0.8734991646118422,0.32650722114328673,0.75,5.833072622952395,1.6550581265566569,0.0,-2.0,-2.0,True,"[""A549|024h|10000nM""]","[[""A549|024h|00010nM"", ""K562|024h|00010nM"", ""MCF7|024h|00010nM"", ""A549|024h|10000nM"", ""K562|024h|10000nM"", ""MCF7|024h|01000nM"", ""A549|024h|01000nM"", ""K562|024h|01000nM"", ""MCF7|024h|00100nM"", ""A549|024h|00100nM"", ""K562|024h|00100nM"", ""MCF7|024h|10000nM""]]",True,[],[]
sciplex3_B,0|AG-14361|HIF stabilisation or inhibition|PARP inhibition,fixed_none,0,AG-14361,SEKJSSBJKFLZIT,skeleton,HIF stabilisation or inhibition,PARP inhibition,,,,eliminated,wrong,0.0,1.0,0,0.0,1,6.0,-2,1.0,1,False,False,False,,,,,,,-2.0,-2.0,False,"[""A549|024h|10000nM""]",[[]],True,[],[]
sciplex3_B,0|AG-14361|HIF stabilisation or inhibition|PARP inhibition,baseline_reference,0,AG-14361,SEKJSSBJKFLZIT,skeleton,HIF stabilisation or inhibition,PARP inhibition,ReferenceWorld,reference,belief-planning-1,eliminated,correct,1.0,0.0,0,0.0,1,6.0,1,1.0,1,True,False,False,0.6739331435368241,0.2329153653783266,0.9166666666666666,0.9497569358567316,0.5515341796507723,1.0,1.0,1.0,True,"[""MCF7|024h|10000nM""]","[[""MCF7|024h|10000nM"", ""A549|024h|10000nM"", ""K562|024h|10000nM"", ""MCF7|024h|01000nM"", ""K562|024h|01000nM"", ""A549|024h|01000nM"", ""MCF7|024h|00100nM"", ""A549|024h|00100nM"", ""MCF7|024h|00010nM"", ""K562|024h|00100nM"", ""A549|024h|00010nM"", ""K562|024h|00010nM""]]",True,[],[]
sciplex3_B,0|AG-14361|HIF stabilisation or inhibition|PARP inhibition,anchored_reference,0,AG-14361,SEKJSSBJKFLZIT,skeleton,HIF stabilisation or inhibition,PARP inhibition,ReferenceWorld,reference,belief-planning-1,eliminated,wrong,0.0,1.0,0,0.0,1,6.0,-2,1.0,1,True,False,False,0.6739331435368241,0.2329153653783266,0.9166666666666666,4.816138365298552,1.5027048137937724,0.0,-2.0,-2.0,True,"[""A549|024h|10000nM""]","[[""MCF7|024h|10000nM"", ""A549|024h|10000nM"", ""K562|024h|10000nM"", ""MCF7|024h|01000nM"", ""K562|024h|01000nM"", ""A549|024h|01000nM"", ""MCF7|024h|00100nM"", ""A549|024h|00100nM"", ""MCF7|024h|00010nM"", ""K562|024h|00100nM"", ""A549|024h|00010nM"", ""K562|024h|00010nM""]]",True,[],[]
sciplex3_B,0|AG-14361|HIF stabilisation or inhibition|PARP inhibition,anchored_permuted,0,AG-14361,SEKJSSBJKFLZIT,skeleton,HIF stabilisation or inhibition,PARP inhibition,ReferenceWorld,permuted,belief-planning-1,eliminated,wrong,0.0,1.0,0,0.0,1,6.0,-2,1.0,1,True,False,False,0.8734991646118422,0.3275646162836297,0.75,5.833072622952395,1.6550581265566569,0.0,-2.0,-2.0,True,"[""A549|024h|10000nM""]","[[""A549|024h|00010nM"", ""K562|024h|00010nM"", ""MCF7|024h|00010nM"", ""MCF7|024h|10000nM"", ""K562|024h|10000nM"", ""A549|024h|10000nM"", ""MCF7|024h|01000nM"", ""A549|024h|01000nM"", ""MCF7|024h|00100nM"", ""K562|024h|01000nM"", ""A549|024h|00100nM"", ""K562|024h|00100nM""]]",True,[],[]
sciplex3_B,0|AG-14361|PARP inhibition|HSP90 inhibition,fixed_none,0,AG-14361,SEKJSSBJKFLZIT,skeleton,PARP inhibition,HSP90 inhibition,,,,eliminated,correct,1.0,0.0,0,0.0,2,12.0,1,1.0,1,False,False,False,,,,,,,1.0,1.0,False,"[""A549|024h|10000nM"", ""MCF7|024h|10000nM""]","[[], []]",True,[],[]
sciplex3_B,0|AG-14361|PARP inhibition|HSP90 inhibition,baseline_reference,0,AG-14361,SEKJSSBJKFLZIT,skeleton,PARP inhibition,HSP90 inhibition,ReferenceWorld,reference,belief-planning-1,eliminated,correct,1.0,0.0,0,0.0,2,12.0,1,1.0,1,True,False,False,0.48073553402662733,0.2095344839450752,0.9166666666666666,0.555275387861903,0.28277738150430687,1.0,1.0,1.0,True,"[""K562|024h|10000nM"", ""MCF7|024h|10000nM""]","[[""K562|024h|10000nM"", ""A549|024h|10000nM"", ""K562|024h|01000nM"", ""MCF7|024h|01000nM"", ""MCF7|024h|10000nM"", ""MCF7|024h|00100nM"", ""A549|024h|00100nM"", ""A549|024h|01000nM"", ""MCF7|024h|00010nM"", ""K562|024h|00100nM"", ""K562|024h|00010nM"", ""A549|024h|00010nM""], [""MCF7|024h|10000nM"", ""A549|024h|10000nM"", ""MCF7|024h|01000nM"", ""A549|024h|01000nM"", ""K562|024h|01000nM"", ""MCF7|024h|00100nM"", ""A549|024h|00100nM"", ""MCF7|024h|00010nM"", ""K562|024h|00100nM"", ""A549|024h|00010nM"", ""K562|024h|00010nM""]]",True,[],[]
sciplex3_B,0|AG-14361|PARP inhibition|HSP90 inhibition,anchored_reference,0,AG-14361,SEKJSSBJKFLZIT,skeleton,PARP inhibition,HSP90 inhibition,ReferenceWorld,reference,belief-planning-1,eliminated,correct,1.0,0.0,0,0.0,2,12.0,1,1.0,1,True,False,False,0.48073553402662733,0.2095344839450752,0.9166666666666666,1.7072742381862493,0.8561391342847534,0.5,1.0,1.0,True,"[""A549|024h|10000nM"", ""MCF7|024h|10000nM""]","[[""K562|024h|10000nM"", ""A549|024h|10000nM"", ""K562|024h|01000nM"", ""MCF7|024h|01000nM"", ""MCF7|024h|10000nM"", ""MCF7|024h|00100nM"", ""A549|024h|00100nM"", ""A549|024h|01000nM"", ""MCF7|024h|00010nM"", ""K562|024h|00100nM"", ""K562|024h|00010nM"", ""A549|024h|00010nM""], [""MCF7|024h|10000nM"", ""K562|024h|10000nM"", ""MCF7|024h|01000nM"", ""A549|024h|01000nM"", ""K562|024h|01000nM"", ""MCF7|024h|00100nM"", ""A549|024h|00100nM"", ""MCF7|024h|00010nM"", ""K562|024h|00100nM"", ""A549|024h|00010nM"", ""K562|024h|00010nM""]]",True,[],[]
sciplex3_B,0|AG-14361|PARP inhibition|HSP90 inhibition,anchored_permuted,0,AG-14361,SEKJSSBJKFLZIT,skeleton,PARP inhibition,HSP90 inhibition,ReferenceWorld,permuted,belief-planning-1,eliminated,correct,1.0,0.0,0,0.0,2,12.0,1,1.0,1,True,False,False,0.6567901096536737,0.32750276274653567,0.75,2.13596268277885,1.1286623679174603,0.0,1.0,1.0,True,"[""A549|024h|10000nM"", ""MCF7|024h|10000nM""]","[[""MCF7|024h|00010nM"", ""K562|024h|00010nM"", ""K562|024h|10000nM"", ""MCF7|024h|10000nM"", ""A549|024h|00010nM"", ""MCF7|024h|01000nM"", ""A549|024h|01000nM"", ""A549|024h|10000nM"", ""MCF7|024h|00100nM"", ""K562|024h|01000nM"", ""K562|024h|00100nM"", ""A549|024h|00100nM""], [""K562|024h|00010nM"", ""A549|024h|00010nM"", ""MCF7|024h|00010nM"", ""MCF7|024h|10000nM"", ""K562|024h|10000nM"", ""MCF7|024h|01000nM"", ""A549|024h|01000nM"", ""MCF7|024h|00100nM"", ""K562|024h|01000nM"", ""A549|024h|00100nM"", ""K562|024h|00100nM""]]",True,[],[]
sciplex3_B,0|AG-14361|PARP inhibition|Histone methyltransferase inhibition,fixed_none,0,AG-14361,SEKJSSBJKFLZIT,skeleton,PARP inhibition,Histone methyltransferase inhibition,,,,eliminated,correct,1.0,0.0,0,0.0,2,12.0,1,1.0,1,False,False,False,,,,,,,1.0,1.0,False,"[""A549|024h|10000nM"", ""MCF7|024h|10000nM""]","[[], []]",True,[],[]
sciplex3_B,0|AG-14361|PARP inhibition|Histone methyltransferase inhibition,baseline_reference,0,AG-14361,SEKJSSBJKFLZIT,skeleton,PARP inhibition,Histone methyltransferase inhibition,ReferenceWorld,reference,belief-planning-1,eliminated,correct,1.0,0.0,0,0.0,1,6.0,1,1.0,1,True,False,False,0.5035785408239247,0.22278361747855466,0.9166666666666666,0.9497569358567316,0.5515341796507723,1.0,1.0,1.0,True,"[""MCF7|024h|10000nM""]","[[""MCF7|024h|10000nM"", ""A549|024h|10000nM"", ""K562|024h|10000nM"", ""K562|024h|01000nM"", ""A549|024h|01000nM"", ""MCF7|024h|00100nM"", ""MCF7|024h|00010nM"", ""K562|024h|00100nM"", ""A549|024h|00100nM"", ""A549|024h|00010nM"", ""K562|024h|00010nM"", ""MCF7|024h|01000nM""]]",True,[],[]
sciplex3_B,0|AG-14361|PARP inhibition|Histone methyltransferase inhibition,anchored_reference,0,AG-14361,SEKJSSBJKFLZIT,skeleton,PARP inhibition,Histone methyltransferase inhibition,ReferenceWorld,reference,belief-planning-1,eliminated,correct,1.0,0.0,0,0.0,2,12.0,1,1.0,1,True,False,False,0.5035785408239247,0.22278361747855466,0.9166666666666666,1.7288209020636829,0.8707956234603056,0.5,1.0,1.0,True,"[""A549|024h|10000nM"", ""MCF7|024h|10000nM""]","[[""MCF7|024h|10000nM"", ""A549|024h|10000nM"", ""K562|024h|10000nM"", ""K562|024h|01000nM"", ""A549|024h|01000nM"", ""MCF7|024h|00100nM"", ""MCF7|024h|00010nM"", ""K562|024h|00100nM"", ""A549|024h|00100nM"", ""A549|024h|00010nM"", ""K562|024h|00010nM"", ""MCF7|024h|01000nM""], [""MCF7|024h|10000nM"", ""K562|024h|10000nM"", ""A549|024h|01000nM"", ""MCF7|024h|01000nM"", ""K562|024h|01000nM"", ""MCF7|024h|00100nM"", ""A549|024h|00100nM"", ""MCF7|024h|00010nM"", ""K562|024h|00100nM"", ""A549|024h|00010nM"", ""K562|024h|00010nM""]]",True,[],[]
sciplex3_B,0|AG-14361|PARP inhibition|Histone methyltransferase inhibition,anchored_permuted,0,AG-14361,SEKJSSBJKFLZIT,skeleton,PARP inhibition,Histone methyltransferase inhibition,ReferenceWorld,permuted,belief-planning-1,eliminated,correct,1.0,0.0,0,0.0,2,12.0,1,1.0,1,True,False,False,0.6567901096536737,0.32041936422873313,0.75,2.13596268277885,1.1265650552423998,0.0,1.0,1.0,True,"[""A549|024h|10000nM"", ""MCF7|024h|10000nM""]","[[""A549|024h|00010nM"", ""K562|024h|00010nM"", ""MCF7|024h|00010nM"", ""K562|024h|10000nM"", ""A549|024h|10000nM"", ""MCF7|024h|01000nM"", ""MCF7|024h|00100nM"", ""K562|024h|01000nM"", ""A549|024h|01000nM"", ""A549|024h|00100nM"", ""K562|024h|00100nM"", ""MCF7|024h|10000nM""], [""K562|024h|00010nM"", ""A549|024h|00010nM"", ""MCF7|024h|00010nM"", ""MCF7|024h|10000nM"", ""K562|024h|10000nM"", ""MCF7|024h|01000nM"", ""A549|024h|01000nM"", ""MCF7|024h|00100nM"", ""K562|024h|01000nM"", ""A549|024h|00100nM"", ""K562|024h|00100nM""]]",True,[],[]
sciplex3_B,0|AG-14361|PARP inhibition|JAK inhibition,fixed_none,0,AG-14361,SEKJSSBJKFLZIT,skeleton,PARP inhibition,JAK inhibition,,,,eliminated,wrong,0.0,1.0,0,0.0,1,6.0,-2,1.0,1,False,False,False,,,,,,,-2.0,-2.0,False,"[""A549|024h|10000nM""]",[[]],True,[],[]
sciplex3_B,0|AG-14361|PARP inhibition|JAK inhibition,baseline_reference,0,AG-14361,SEKJSSBJKFLZIT,skeleton,PARP inhibition,JAK inhibition,ReferenceWorld,reference,belief-planning-1,eliminated,wrong,0.0,1.0,0,0.0,2,12.0,-2,1.0,1,True,False,False,0.7238710849544915,0.2609208550344489,0.8333333333333334,2.9767079385227673,1.1437226830201115,0.0,-2.0,-2.0,True,"[""MCF7|024h|10000nM"", ""A549|024h|10000nM""]","[[""MCF7|024h|10000nM"", ""A549|024h|10000nM"", ""K562|024h|10000nM"", ""K562|024h|01000nM"", ""A549|024h|01000nM"", ""A549|024h|00100nM"", ""MCF7|024h|00100nM"", ""K562|024h|00100nM"", ""A549|024h|00010nM"", ""MCF7|024h|00010nM"", ""K562|024h|00010nM"", ""MCF7|024h|01000nM""], [""A549|024h|10000nM"", ""K562|024h|10000nM"", ""MCF7|024h|01000nM"", ""A549|024h|01000nM"", ""K562|024h|01000nM"", ""MCF7|024h|00100nM"", ""A549|024h|00100nM"", ""MCF7|024h|00010nM"", ""K562|024h|00100nM"", ""A549|024h|00010nM"", ""K562|024h|00010nM""]]",True,[],[]
sciplex3_B,0|AG-14361|PARP inhibition|JAK inhibition,anchored_reference,0,AG-14361,SEKJSSBJKFLZIT,skeleton,PARP inhibition,JAK inhibition,ReferenceWorld,reference,belief-planning-1,eliminated,wrong,0.0,1.0,0,0.0,1,6.0,-2,1.0,1,True,False,False,0.7238710849544915,0.2609208550344489,0.8333333333333334,4.816138365298552,1.5027048137937724,0.0,-2.0,-2.0,True,"[""A549|024h|10000nM""]","[[""MCF7|024h|10000nM"", ""A549|024h|10000nM"", ""K562|024h|10000nM"", ""K562|024h|01000nM"", ""A549|024h|01000nM"", ""A549|024h|00100nM"", ""MCF7|024h|00100nM"", ""K562|024h|00100nM"", ""A549|024h|00010nM"", ""MCF7|024h|00010nM"", ""K562|024h|00010nM"", ""MCF7|024h|01000nM""]]",True,[],[]
sciplex3_B,0|AG-14361|PARP inhibition|JAK inhibition,anchored_permuted,0,AG-14361,SEKJSSBJKFLZIT,skeleton,PARP inhibition,JAK inhibition,ReferenceWorld,permuted,belief-planning-1,eliminated,wrong,0.0,1.0,0,0.0,1,6.0,-2,1.0,1,True,False,False,0.9699133125013626,0.34873364214264746,0.75,5.833072622952395,1.6550581265566569,0.0,-2.0,-2.0,True,"[""A549|024h|10000nM""]","[[""A549|024h|00010nM"", ""K562|024h|00010nM"", ""MCF7|024h|00010nM"", ""K562|024h|10000nM"", ""A549|024h|10000nM"", ""A549|024h|01000nM"", ""MCF7|024h|01000nM"", ""K562|024h|01000nM"", ""A549|024h|00100nM"", ""MCF7|024h|00100nM"", ""K562|024h|00100nM"", ""MCF7|024h|10000nM""]]",True,[],[]
sciplex3_B,0|AG-14361|MEK/MAPK inhibition|PARP inhibition,fixed_none,0,AG-14361,SEKJSSBJKFLZIT,skeleton,MEK/MAPK inhibition,PARP inhibition,,,,eliminated,correct,1.0,0.0,0,0.0,2,12.0,1,1.0,1,False,False,False,,,,,,,1.0,1.0,False,"[""A549|024h|10000nM"", ""MCF7|024h|10000nM""]","[[], []]",True,[],[]
sciplex3_B,0|AG-14361|MEK/MAPK inhibition|PARP inhibition,baseline_reference,0,AG-14361,SEKJSSBJKFLZIT,skeleton,MEK/MAPK inhibition,PARP inhibition,ReferenceWorld,reference,belief-planning-1,eliminated,correct,1.0,0.0,0,0.0,1,6.0,1,1.0,1,True,False,False,0.48073553402662733,0.2095344839450752,0.9166666666666666,0.6756408542891639,0.3798558355649027,1.0,1.0,1.0,True,"[""MCF7|024h|10000nM""]","[[""MCF7|024h|10000nM"", ""A549|024h|10000nM"", ""A549|024h|01000nM"", ""MCF7|024h|01000nM"", ""K562|024h|10000nM"", ""MCF7|024h|00100nM"", ""K562|024h|01000nM"", ""K562|024h|00100nM"", ""A549|024h|00100nM"", ""MCF7|024h|00010nM"", ""A549|024h|00010nM"", ""K562|024h|00010nM""]]",True,[],[]
sciplex3_B,0|AG-14361|MEK/MAPK inhibition|PARP inhibition,anchored_reference,0,AG-14361,SEKJSSBJKFLZIT,skeleton,MEK/MAPK inhibition,PARP inhibition,ReferenceWorld,reference,belief-planning-1,eliminated,correct,1.0,0.0,0,0.0,2,12.0,1,1.0,1,True,False,False,0.48073553402662733,0.2095344839450752,0.9166666666666666,1.7072742381862493,0.8561391342847534,0.5,1.0,1.0,True,"[""A549|024h|10000nM"", ""MCF7|024h|10000nM""]","[[""MCF7|024h|10000nM"", ""A549|024h|10000nM"", ""A549|024h|01000nM"", ""MCF7|024h|01000nM"", ""K562|024h|10000nM"", ""MCF7|024h|00100nM"", ""K562|024h|01000nM"", ""K562|024h|00100nM"", ""A549|024h|00100nM"", ""MCF7|024h|00010nM"", ""A549|024h|00010nM"", ""K562|024h|00010nM""], [""MCF7|024h|10000nM"", ""K562|024h|10000nM"", ""MCF7|024h|01000nM"", ""A549|024h|01000nM"", ""K562|024h|01000nM"", ""MCF7|024h|00100nM"", ""A549|024h|00100nM"", ""MCF7|024h|00010nM"", ""K562|024h|00100nM"", ""A549|024h|00010nM"", ""K562|024h|00010nM""]]",True,[],[]
sciplex3_B,0|AG-14361|MEK/MAPK inhibition|PARP inhibition,anchored_permuted,0,AG-14361,SEKJSSBJKFLZIT,skeleton,MEK/MAPK inhibition,PARP inhibition,ReferenceWorld,permuted,belief-planning-1,eliminated,correct,1.0,0.0,0,0.0,2,12.0,1,1.0,1,True,False,False,0.6567901096536737,0.32750276274653567,0.75,2.13596268277885,1.1286623679174603,0.0,1.0,1.0,True,"[""A549|024h|10000nM"", ""MCF7|024h|10000nM""]","[[""A549|024h|00010nM"", ""K562|024h|00010nM"", ""A549|024h|10000nM"", ""MCF7|024h|10000nM"", ""MCF7|024h|00010nM"", ""MCF7|024h|01000nM"", ""K562|024h|10000nM"", ""K562|024h|01000nM"", ""A549|024h|01000nM"", ""MCF7|024h|00100nM"", ""A549|024h|00100nM"", ""K562|024h|00100nM""], [""A549|024h|00010nM"", ""K562|024h|00010nM"", ""MCF7|024h|00010nM"", ""MCF7|024h|10000nM"", ""K562|024h|10000nM"", ""MCF7|024h|01000nM"", ""A549|024h|01000nM"", ""MCF7|024h|00100nM"", ""K562|024h|01000nM"", ""A549|024h|00100nM"", ""K562|024h|00100nM""]]",True,[],[]
sciplex3_B,0|AG-14361|PARP inhibition|Nucleotide analog,fixed_none,0,AG-14361,SEKJSSBJKFLZIT,skeleton,PARP inhibition,Nucleotide analog,,,,eliminated,wrong,0.0,1.0,0,0.0,1,6.0,-2,1.0,1,False,False,False,,,,,,,-2.0,-2.0,False,"[""A549|024h|10000nM""]",[[]],True,[],[]
sciplex3_B,0|AG-14361|PARP inhibition|Nucleotide analog,baseline_reference,0,AG-14361,SEKJSSBJKFLZIT,skeleton,PARP inhibition,Nucleotide analog,ReferenceWorld,reference,belief-planning-1,eliminated,correct,1.0,0.0,0,0.0,1,6.0,1,1.0,1,True,False,False,0.6739331435368241,0.2329153653783266,0.9166666666666666,0.9497569358567316,0.5515341796507723,1.0,1.0,1.0,True,"[""MCF7|024h|10000nM""]","[[""MCF7|024h|10000nM"", ""A549|024h|10000nM"", ""MCF7|024h|01000nM"", ""K562|024h|10000nM"", ""A549|024h|01000nM"", ""K562|024h|01000nM"", ""K562|024h|00100nM"", ""MCF7|024h|00100nM"", ""K562|024h|00010nM"", ""A549|024h|00010nM"", ""A549|024h|00100nM"", ""MCF7|024h|00010nM""]]",True,[],[]
sciplex3_B,0|AG-14361|PARP inhibition|Nucleotide analog,anchored_reference,0,AG-14361,SEKJSSBJKFLZIT,skeleton,PARP inhibition,Nucleotide analog,ReferenceWorld,reference,belief-planning-1,eliminated,wrong,0.0,1.0,0,0.0,1,6.0,-2,1.0,1,True,False,False,0.6739331435368241,0.2329153653783266,0.9166666666666666,4.816138365298552,1.5027048137937724,0.0,-2.0,-2.0,True,"[""A549|024h|10000nM""]","[[""MCF7|024h|10000nM"", ""A549|024h|10000nM"", ""MCF7|024h|01000nM"", ""K562|024h|10000nM"", ""A549|024h|01000nM"", ""K562|024h|01000nM"", ""K562|024h|00100nM"", ""MCF7|024h|00100nM"", ""K562|024h|00010nM"", ""A549|024h|00010nM"", ""A549|024h|00100nM"", ""MCF7|024h|00010nM""]]",True,[],[]
sciplex3_B,0|AG-14361|PARP inhibition|Nucleotide analog,anchored_permuted,0,AG-14361,SEKJSSBJKFLZIT,skeleton,PARP inhibition,Nucleotide analog,ReferenceWorld,permuted,belief-planning-1,eliminated,wrong,0.0,1.0,0,0.0,1,6.0,-2,1.0,1,True,False,False,0.8734991646118422,0.3275646162836297,0.75,5.833072622952395,1.6550581265566569,0.0,-2.0,-2.0,True,"[""A549|024h|10000nM""]","[[""A549|024h|00010nM"", ""K562|024h|00010nM"", ""MCF7|024h|10000nM"", ""MCF7|024h|00010nM"", ""A549|024h|10000nM"", ""K562|024h|10000nM"", ""K562|024h|01000nM"", ""MCF7|024h|01000nM"", ""K562|024h|00100nM"", ""A549|024h|00100nM"", ""A549|024h|01000nM"", ""MCF7|024h|00100nM""]]",True,[],[]
l1000_LT,0|BRD-A01643550|EGFR inhibitor|glucocorticoid receptor agonist,fixed_none,0,BRD-A01643550,c:BRD-A01643550,component,EGFR inhibitor,glucocorticoid receptor agonist,,,,measurement_budget_spent,undetermined,0.0,0.0,1,0.0,2,11.25,0,0.0,1,False,False,False,,,,,,,0.0,0.0,False,"[""A549|006h|10000nM"", ""A549|024h|10000nM""]","[[], []]",True,[],[]
l1000_LT,0|BRD-A01643550|EGFR inhibitor|glucocorticoid receptor agonist,baseline_reference,0,BRD-A01643550,c:BRD-A01643550,component,EGFR inhibitor,glucocorticoid receptor agonist,ReferenceWorld,reference,belief-planning-1,registered_validator_cannot_eliminate,deferred,0.0,0.0,0,1.0,0,0.0,0,0.0,0,False,False,False,,,,,,,0.0,0.0,False,[],[[]],True,[],[]
l1000_LT,0|BRD-A01643550|EGFR inhibitor|glucocorticoid receptor agonist,anchored_reference,0,BRD-A01643550,c:BRD-A01643550,component,EGFR inhibitor,glucocorticoid receptor agonist,ReferenceWorld,reference,belief-planning-1,registered_validator_cannot_eliminate,deferred,0.0,0.0,0,1.0,0,0.0,0,0.0,0,False,False,False,,,,,,,0.0,0.0,False,[],[[]],True,[],[]
l1000_LT,0|BRD-A01643550|EGFR inhibitor|glucocorticoid receptor agonist,anchored_permuted,0,BRD-A01643550,c:BRD-A01643550,component,EGFR inhibitor,glucocorticoid receptor agonist,ReferenceWorld,permuted,belief-planning-1,registered_validator_cannot_eliminate,deferred,0.0,0.0,0,1.0,0,0.0,0,0.0,0,False,False,False,,,,,,,0.0,0.0,False,[],[[]],True,[],[]
l1000_LT,1|BRD-A02710418|opioid receptor agonist|EGFR inhibitor,fixed_none,1,BRD-A02710418,c:BRD-A02710418,component,opioid receptor agonist,EGFR inhibitor,,,,measurement_budget_spent,undetermined,0.0,0.0,1,0.0,2,11.25,0,0.0,1,False,False,False,,,,,,,0.0,0.0,False,"[""A549|006h|10000nM"", ""A549|024h|10000nM""]","[[], []]",True,[],[]
l1000_LT,1|BRD-A02710418|opioid receptor agonist|EGFR inhibitor,baseline_reference,1,BRD-A02710418,c:BRD-A02710418,component,opioid receptor agonist,EGFR inhibitor,ReferenceWorld,reference,belief-planning-1,belief_no_positive_value,undetermined,0.0,0.0,1,0.0,1,6.0,0,0.0,1,True,False,False,0.055210285254206556,0.008949004330644219,1.0,0.04847896051844502,0.00344896715176225,1.0,0.0,0.0,True,"[""A549|024h|10000nM""]","[[""A549|024h|10000nM"", ""PC3|024h|10000nM"", ""PC3|006h|10000nM"", ""A549|006h|10000nM"", ""VCAP|024h|10000nM"", ""MCF7|006h|10000nM"", ""MCF7|024h|10000nM"", ""VCAP|006h|10000nM""], [""PC3|024h|10000nM"", ""VCAP|024h|10000nM"", ""MCF7|024h|10000nM""]]",True,[],[]
l1000_LT,1|BRD-A02710418|opioid receptor agonist|EGFR inhibitor,anchored_reference,1,BRD-A02710418,c:BRD-A02710418,component,opioid receptor agonist,EGFR inhibitor,ReferenceWorld,reference,belief-planning-1,measurement_budget_spent,undetermined,0.0,0.0,1,0.0,2,11.25,0,0.0,1,True,False,False,0.055210285254206556,0.008949004330644219,1.0,0.09655236821459334,0.016825347340933904,1.0,0.0,0.0,True,"[""A549|006h|10000nM"", ""A549|024h|10000nM""]","[[""A549|024h|10000nM"", ""PC3|024h|10000nM"", ""PC3|006h|10000nM"", ""A549|006h|10000nM"", ""VCAP|024h|10000nM"", ""MCF7|006h|10000nM"", ""MCF7|024h|10000nM"", ""VCAP|006h|10000nM""], [""A549|024h|10000nM"", ""PC3|024h|10000nM"", ""PC3|006h|10000nM"", ""MCF7|006h|10000nM"", ""VCAP|024h|10000nM"", ""MCF7|024h|10000nM"", ""VCAP|006h|10000nM""]]",True,[],[]
l1000_LT,1|BRD-A02710418|opioid receptor agonist|EGFR inhibitor,anchored_permuted,1,BRD-A02710418,c:BRD-A02710418,component,opioid receptor agonist,EGFR inhibitor,ReferenceWorld,permuted,belief-planning-1,measurement_budget_spent,undetermined,0.0,0.0,1,0.0,2,11.25,0,0.0,1,True,False,False,0.055210285254206556,0.008949004330644219,1.0,0.1531659914152517,0.03459717193166753,1.0,0.0,0.0,True,"[""A549|006h|10000nM"", ""A549|024h|10000nM""]","[[""MCF7|006h|10000nM"", ""VCAP|006h|10000nM"", ""A549|006h|10000nM"", ""PC3|024h|10000nM"", ""A549|024h|10000nM"", ""PC3|006h|10000nM"", ""MCF7|024h|10000nM"", ""VCAP|024h|10000nM""], [""MCF7|006h|10000nM"", ""VCAP|006h|10000nM"", ""PC3|024h|10000nM"", ""A549|024h|10000nM"", ""MCF7|024h|10000nM"", ""PC3|006h|10000nM"", ""VCAP|024h|10000nM""]]",True,[],[]
l1000_LT,1|BRD-A02710418|opioid receptor agonist|HDAC inhibitor,fixed_none,1,BRD-A02710418,c:BRD-A02710418,component,opioid receptor agonist,HDAC inhibitor,,,,measurement_budget_spent,undetermined,0.0,0.0,1,0.0,2,11.25,0,0.0,1,False,False,False,,,,,,,0.0,0.0,False,"[""A549|006h|10000nM"", ""A549|024h|10000nM""]","[[], []]",True,[],[]
l1000_LT,1|BRD-A02710418|opioid receptor agonist|HDAC inhibitor,baseline_reference,1,BRD-A02710418,c:BRD-A02710418,component,opioid receptor agonist,HDAC inhibitor,ReferenceWorld,reference,belief-planning-1,measurement_budget_spent,undetermined,0.0,0.0,1,0.0,2,11.25,0,0.0,1,True,False,False,0.055210285254206556,0.008949004330644219,1.0,0.03297202896980612,0.001970601191434304,1.0,0.0,0.0,True,"[""MCF7|006h|10000nM"", ""A549|024h|10000nM""]","[[""MCF7|006h|10000nM"", ""PC3|006h|10000nM"", ""A549|024h|10000nM"", ""PC3|024h|10000nM"", ""A549|006h|10000nM"", ""MCF7|024h|10000nM"", ""VCAP|024h|10000nM"", ""VCAP|006h|10000nM""], [""A549|024h|10000nM"", ""PC3|006h|10000nM"", ""PC3|024h|10000nM"", ""VCAP|024h|10000nM"", ""A549|006h|10000nM"", ""MCF7|024h|10000nM"", ""VCAP|006h|10000nM""]]",True,[],[]
l1000_LT,1|BRD-A02710418|opioid receptor agonist|HDAC inhibitor,anchored_reference,1,BRD-A02710418,c:BRD-A02710418,component,opioid receptor agonist,HDAC inhibitor,ReferenceWorld,reference,belief-planning-1,measurement_budget_spent,undetermined,0.0,0.0,1,0.0,2,11.25,0,0.0,1,True,False,False,0.055210285254206556,0.008949004330644219,1.0,0.09655236821459334,0.016825347340933904,1.0,0.0,0.0,True,"[""A549|006h|10000nM"", ""A549|024h|10000nM""]","[[""MCF7|006h|10000nM"", ""PC3|006h|10000nM"", ""A549|024h|10000nM"", ""PC3|024h|10000nM"", ""A549|006h|10000nM"", ""MCF7|024h|10000nM"", ""VCAP|024h|10000nM"", ""VCAP|006h|10000nM""], [""PC3|006h|10000nM"", ""MCF7|006h|10000nM"", ""A549|024h|10000nM"", ""PC3|024h|10000nM"", ""MCF7|024h|10000nM"", ""VCAP|024h|10000nM"", ""VCAP|006h|10000nM""]]",True,[],[]
l1000_LT,1|BRD-A02710418|opioid receptor agonist|HDAC inhibitor,anchored_permuted,1,BRD-A02710418,c:BRD-A02710418,component,opioid receptor agonist,HDAC inhibitor,ReferenceWorld,permuted,belief-planning-1,measurement_budget_spent,undetermined,0.0,0.0,1,0.0,2,11.25,0,0.0,1,True,False,False,0.055210285254206556,0.008949004330644219,1.0,0.1531659914152517,0.03459717193166753,1.0,0.0,0.0,True,"[""A549|006h|10000nM"", ""A549|024h|10000nM""]","[[""MCF7|006h|10000nM"", ""MCF7|024h|10000nM"", ""PC3|024h|10000nM"", ""VCAP|006h|10000nM"", ""PC3|006h|10000nM"", ""A549|006h|10000nM"", ""A549|024h|10000nM"", ""VCAP|024h|10000nM""], [""MCF7|024h|10000nM"", ""PC3|024h|10000nM"", ""MCF7|006h|10000nM"", ""VCAP|006h|10000nM"", ""A549|024h|10000nM"", ""PC3|006h|10000nM"", ""VCAP|024h|10000nM""]]",True,[],[]
l1000_LT,1|BRD-A02710418|PI3K inhibitor|opioid receptor agonist,fixed_none,1,BRD-A02710418,c:BRD-A02710418,component,PI3K inhibitor,opioid receptor agonist,,,,measurement_budget_spent,undetermined,0.0,0.0,1,0.0,2,11.25,0,0.0,1,False,False,False,,,,,,,0.0,0.0,False,"[""A549|006h|10000nM"", ""A549|024h|10000nM""]","[[], []]",True,[],[]
l1000_LT,1|BRD-A02710418|PI3K inhibitor|opioid receptor agonist,baseline_reference,1,BRD-A02710418,c:BRD-A02710418,component,PI3K inhibitor,opioid receptor agonist,ReferenceWorld,reference,belief-planning-1,measurement_budget_spent,undetermined,0.0,0.0,1,0.0,2,11.25,0,0.0,1,True,False,False,0.055210285254206556,0.008949004330644219,1.0,0.028382567533616627,0.0013191616214353816,1.0,0.0,0.0,True,"[""PC3|006h|10000nM"", ""PC3|024h|10000nM""]","[[""PC3|006h|10000nM"", ""PC3|024h|10000nM"", ""A549|024h|10000nM"", ""A549|006h|10000nM"", ""MCF7|006h|10000nM"", ""MCF7|024h|10000nM"", ""VCAP|024h|10000nM"", ""VCAP|006h|10000nM""], [""PC3|024h|10000nM"", ""A549|024h|10000nM"", ""A549|006h|10000nM"", ""MCF7|006h|10000nM"", ""VCAP|024h|10000nM"", ""MCF7|024h|10000nM"", ""VCAP|006h|10000nM""]]",True,[],[]
l1000_LT,1|BRD-A02710418|PI3K inhibitor|opioid receptor agonist,anchored_reference,1,BRD-A02710418,c:BRD-A02710418,component,PI3K inhibitor,opioid receptor agonist,ReferenceWorld,reference,belief-planning-1,measurement_budget_spent,undetermined,0.0,0.0,1,0.0,2,11.25,0,0.0,1,True,False,False,0.055210285254206556,0.008949004330644219,1.0,0.09655236821459334,0.016825347340933904,1.0,0.0,0.0,True,"[""A549|006h|10000nM"", ""A549|024h|10000nM""]","[[""PC3|006h|10000nM"", ""PC3|024h|10000nM"", ""A549|024h|10000nM"", ""A549|006h|10000nM"", ""MCF7|006h|10000nM"", ""MCF7|024h|10000nM"", ""VCAP|024h|10000nM"", ""VCAP|006h|10000nM""], [""PC3|024h|10000nM"", ""PC3|006h|10000nM"", ""A549|024h|10000nM"", ""MCF7|006h|10000nM"", ""VCAP|024h|10000nM"", ""MCF7|024h|10000nM"", ""VCAP|006h|10000nM""]]",True,[],[]
l1000_LT,1|BRD-A02710418|PI3K inhibitor|opioid receptor agonist,anchored_permuted,1,BRD-A02710418,c:BRD-A02710418,component,PI3K inhibitor,opioid receptor agonist,ReferenceWorld,permuted,belief-planning-1,measurement_budget_spent,undetermined,0.0,0.0,1,0.0,2,11.25,0,0.0,1,True,False,False,0.055210285254206556,0.008949004330644219,1.0,0.1531659914152517,0.03459717193166753,1.0,0.0,0.0,True,"[""A549|006h|10000nM"", ""A549|024h|10000nM""]","[[""VCAP|006h|10000nM"", ""MCF7|006h|10000nM"", ""PC3|024h|10000nM"", ""A549|024h|10000nM"", ""MCF7|024h|10000nM"", ""PC3|006h|10000nM"", ""A549|006h|10000nM"", ""VCAP|024h|10000nM""], [""VCAP|006h|10000nM"", ""PC3|024h|10000nM"", ""MCF7|006h|10000nM"", ""A549|024h|10000nM"", ""MCF7|024h|10000nM"", ""PC3|006h|10000nM"", ""VCAP|024h|10000nM""]]",True,[],[]
l1000_LT,1|BRD-A02710418|adrenergic receptor agonist|opioid receptor agonist,fixed_none,1,BRD-A02710418,c:BRD-A02710418,component,adrenergic receptor agonist,opioid receptor agonist,,,,measurement_budget_spent,undetermined,0.0,0.0,1,0.0,2,11.25,0,0.0,1,False,False,False,,,,,,,0.0,0.0,False,"[""A549|006h|10000nM"", ""A549|024h|10000nM""]","[[], []]",True,[],[]
l1000_LT,1|BRD-A02710418|adrenergic receptor agonist|opioid receptor agonist,baseline_reference,1,BRD-A02710418,c:BRD-A02710418,component,adrenergic receptor agonist,opioid receptor agonist,ReferenceWorld,reference,belief-planning-1,belief_no_positive_value,undetermined,0.0,0.0,1,0.0,1,6.0,0,0.0,1,True,False,False,0.055210285254206556,0.008557010181299911,1.0,0.04847896051844502,0.00344896715176225,1.0,0.0,0.0,True,"[""A549|024h|10000nM""]","[[""A549|024h|10000nM"", ""PC3|024h|10000nM"", ""PC3|006h|10000nM"", ""A549|006h|10000nM"", ""MCF7|006h|10000nM"", ""MCF7|024h|10000nM"", ""VCAP|006h|10000nM"", ""VCAP|024h|10000nM""], [""PC3|024h|10000nM"", ""MCF7|024h|10000nM"", ""VCAP|024h|10000nM""]]",True,[],[]
l1000_LT,1|BRD-A02710418|adrenergic receptor agonist|opioid receptor agonist,anchored_reference,1,BRD-A02710418,c:BRD-A02710418,component,adrenergic receptor agonist,opioid receptor agonist,ReferenceWorld,reference,belief-planning-1,measurement_budget_spent,undetermined,0.0,0.0,1,0.0,2,11.25,0,0.0,1,True,False,False,0.055210285254206556,0.008557010181299911,1.0,0.09655236821459334,0.016825347340933904,1.0,0.0,0.0,True,"[""A549|006h|10000nM"", ""A549|024h|10000nM""]","[[""A549|024h|10000nM"", ""PC3|024h|10000nM"", ""PC3|006h|10000nM"", ""A549|006h|10000nM"", ""MCF7|006h|10000nM"", ""MCF7|024h|10000nM"", ""VCAP|006h|10000nM"", ""VCAP|024h|10000nM""], [""A549|024h|10000nM"", ""PC3|024h|10000nM"", ""PC3|006h|10000nM"", ""MCF7|006h|10000nM"", ""MCF7|024h|10000nM"", ""VCAP|006h|10000nM"", ""VCAP|024h|10000nM""]]",True,[],[]
l1000_LT,1|BRD-A02710418|adrenergic receptor agonist|opioid receptor agonist,anchored_permuted,1,BRD-A02710418,c:BRD-A02710418,component,adrenergic receptor agonist,opioid receptor agonist,ReferenceWorld,permuted,belief-planning-1,measurement_budget_spent,undetermined,0.0,0.0,1,0.0,2,11.25,0,0.0,1,True,False,False,0.055210285254206556,0.008557010181299911,1.0,0.1531659914152517,0.0330291953342903,1.0,0.0,0.0,True,"[""A549|006h|10000nM"", ""A549|024h|10000nM""]","[[""MCF7|006h|10000nM"", ""VCAP|006h|10000nM"", ""PC3|024h|10000nM"", ""A549|024h|10000nM"", ""MCF7|024h|10000nM"", ""PC3|006h|10000nM"", ""VCAP|024h|10000nM"", ""A549|006h|10000nM""], [""MCF7|006h|10000nM"", ""VCAP|006h|10000nM"", ""PC3|024h|10000nM"", ""A549|024h|10000nM"", ""MCF7|024h|10000nM"", ""PC3|006h|10000nM"", ""VCAP|024h|10000nM""]]",True,[],[]
l1000_LT,1|BRD-A02710418|opioid receptor agonist|cyclooxygenase inhibitor,fixed_none,1,BRD-A02710418,c:BRD-A02710418,component,opioid receptor agonist,cyclooxygenase inhibitor,,,,measurement_budget_spent,undetermined,0.0,0.0,1,0.0,2,11.25,0,0.0,1,False,False,False,,,,,,,0.0,0.0,False,"[""A549|006h|10000nM"", ""A549|024h|10000nM""]","[[], []]",True,[],[]
l1000_LT,1|BRD-A02710418|opioid receptor agonist|cyclooxygenase inhibitor,baseline_reference,1,BRD-A02710418,c:BRD-A02710418,component,opioid receptor agonist,cyclooxygenase inhibitor,ReferenceWorld,reference,belief-planning-1,measurement_budget_spent,undetermined,0.0,0.0,1,0.0,2,12.0,0,0.0,1,True,False,False,0.055210285254206556,0.008949004330644219,1.0,0.10302527801052141,0.01944770645200503,1.0,0.0,0.0,True,"[""VCAP|024h|10000nM"", ""A549|024h|10000nM""]","[[""VCAP|024h|10000nM"", ""A549|024h|10000nM"", ""PC3|024h|10000nM"", ""A549|006h|10000nM"", ""PC3|006h|10000nM"", ""MCF7|006h|10000nM"", ""MCF7|024h|10000nM"", ""VCAP|006h|10000nM""], [""A549|024h|10000nM"", ""PC3|024h|10000nM"", ""MCF7|024h|10000nM""]]",True,[],[]
l1000_LT,1|BRD-A02710418|opioid receptor agonist|cyclooxygenase inhibitor,anchored_reference,1,BRD-A02710418,c:BRD-A02710418,component,opioid receptor agonist,cyclooxygenase inhibitor,ReferenceWorld,reference,belief-planning-1,measurement_budget_spent,undetermined,0.0,0.0,1,0.0,2,11.25,0,0.0,1,True,False,False,0.055210285254206556,0.008949004330644219,1.0,0.09655236821459334,0.016825347340933904,1.0,0.0,0.0,True,"[""A549|006h|10000nM"", ""A549|024h|10000nM""]","[[""VCAP|024h|10000nM"", ""A549|024h|10000nM"", ""PC3|024h|10000nM"", ""A549|006h|10000nM"", ""PC3|006h|10000nM"", ""MCF7|006h|10000nM"", ""MCF7|024h|10000nM"", ""VCAP|006h|10000nM""], [""VCAP|024h|10000nM"", ""A549|024h|10000nM"", ""PC3|024h|10000nM"", ""PC3|006h|10000nM"", ""MCF7|006h|10000nM"", ""MCF7|024h|10000nM"", ""VCAP|006h|10000nM""]]",True,[],[]
l1000_LT,1|BRD-A02710418|opioid receptor agonist|cyclooxygenase inhibitor,anchored_permuted,1,BRD-A02710418,c:BRD-A02710418,component,opioid receptor agonist,cyclooxygenase inhibitor,ReferenceWorld,permuted,belief-planning-1,measurement_budget_spent,undetermined,0.0,0.0,1,0.0,2,11.25,0,0.0,1,True,False,False,0.055210285254206556,0.008949004330644219,1.0,0.1531659914152517,0.03459717193166753,1.0,0.0,0.0,True,"[""A549|006h|10000nM"", ""A549|024h|10000nM""]","[[""A549|006h|10000nM"", ""MCF7|006h|10000nM"", ""VCAP|006h|10000nM"", ""PC3|006h|10000nM"", ""PC3|024h|10000nM"", ""A549|024h|10000nM"", ""MCF7|024h|10000nM"", ""VCAP|024h|10000nM""], [""MCF7|006h|10000nM"", ""VCAP|006h|10000nM"", ""PC3|024h|10000nM"", ""A549|024h|10000nM"", ""MCF7|024h|10000nM"", ""PC3|006h|10000nM"", ""VCAP|024h|10000nM""]]",True,[],[]
l1000_LT,1|BRD-A02710418|opioid receptor agonist|dopamine receptor antagonist,fixed_none,1,BRD-A02710418,c:BRD-A02710418,component,opioid receptor agonist,dopamine receptor antagonist,,,,measurement_budget_spent,undetermined,0.0,0.0,1,0.0,2,11.25,0,0.0,1,False,False,False,,,,,,,0.0,0.0,False,"[""A549|006h|10000nM"", ""A549|024h|10000nM""]","[[], []]",True,[],[]
l1000_LT,1|BRD-A02710418|opioid receptor agonist|dopamine receptor antagonist,baseline_reference,1,BRD-A02710418,c:BRD-A02710418,component,opioid receptor agonist,dopamine receptor antagonist,ReferenceWorld,reference,belief-planning-1,belief_no_positive_value,deferred,0.0,0.0,0,1.0,0,0.0,0,0.0,0,True,False,False,0.055210285254206556,0.008949004330644219,1.0,,,,0.0,0.0,True,[],"[[""A549|024h|10000nM"", ""PC3|024h|10000nM"", ""PC3|006h|10000nM"", ""A549|006h|10000nM"", ""MCF7|006h|10000nM"", ""VCAP|024h|10000nM"", ""MCF7|024h|10000nM"", ""VCAP|006h|10000nM""]]",True,[],[]
l1000_LT,1|BRD-A02710418|opioid receptor agonist|dopamine receptor antagonist,anchored_reference,1,BRD-A02710418,c:BRD-A02710418,component,opioid receptor agonist,dopamine receptor antagonist,ReferenceWorld,reference,belief-planning-1,measurement_budget_spent,undetermined,0.0,0.0,1,0.0,2,11.25,0,0.0,1,True,False,False,0.055210285254206556,0.008949004330644219,1.0,0.09655236821459334,0.016825347340933904,1.0,0.0,0.0,True,"[""A549|006h|10000nM"", ""A549|024h|10000nM""]","[[""A549|024h|10000nM"", ""PC3|024h|10000nM"", ""PC3|006h|10000nM"", ""A549|006h|10000nM"", ""MCF7|006h|10000nM"", ""VCAP|024h|10000nM"", ""MCF7|024h|10000nM"", ""VCAP|006h|10000nM""], [""A549|024h|10000nM"", ""PC3|024h|10000nM"", ""PC3|006h|10000nM"", ""MCF7|006h|10000nM"", ""VCAP|024h|10000nM"", ""MCF7|024h|10000nM"", ""VCAP|006h|10000nM""]]",True,[],[]
l1000_LT,1|BRD-A02710418|opioid receptor agonist|dopamine receptor antagonist,anchored_permuted,1,BRD-A02710418,c:BRD-A02710418,component,opioid receptor agonist,dopamine receptor antagonist,ReferenceWorld,permuted,belief-planning-1,measurement_budget_spent,undetermined,0.0,0.0,1,0.0,2,11.25,0,0.0,1,True,False,False,0.055210285254206556,0.008949004330644219,1.0,0.1531659914152517,0.03459717193166753,1.0,0.0,0.0,True,"[""A549|006h|10000nM"", ""A549|024h|10000nM""]","[[""MCF7|006h|10000nM"", ""VCAP|006h|10000nM"", ""PC3|024h|10000nM"", ""A549|024h|10000nM"", ""MCF7|024h|10000nM"", ""A549|006h|10000nM"", ""PC3|006h|10000nM"", ""VCAP|024h|10000nM""], [""MCF7|006h|10000nM"", ""VCAP|006h|10000nM"", ""PC3|024h|10000nM"", ""A549|024h|10000nM"", ""MCF7|024h|10000nM"", ""PC3|006h|10000nM"", ""VCAP|024h|10000nM""]]",True,[],[]
l1000_LT,1|BRD-A02710418|opioid receptor agonist|glucocorticoid receptor agonist,fixed_none,1,BRD-A02710418,c:BRD-A02710418,component,opioid receptor agonist,glucocorticoid receptor agonist,,,,measurement_budget_spent,undetermined,0.0,0.0,1,0.0,2,11.25,0,0.0,1,False,False,False,,,,,,,0.0,0.0,False,"[""A549|006h|10000nM"", ""A549|024h|10000nM""]","[[], []]",True,[],[]
l1000_LT,1|BRD-A02710418|opioid receptor agonist|glucocorticoid receptor agonist,baseline_reference,1,BRD-A02710418,c:BRD-A02710418,component,opioid receptor agonist,glucocorticoid receptor agonist,ReferenceWorld,reference,belief-planning-1,measurement_budget_spent,undetermined,0.0,0.0,1,0.0,2,11.25,0,0.0,1,True,False,False,0.055210285254206556,0.008557010181299911,1.0,0.09655236821459334,0.016825347340933904,1.0,0.0,0.0,True,"[""A549|006h|10000nM"", ""A549|024h|10000nM""]","[[""A549|006h|10000nM"", ""A549|024h|10000nM"", ""PC3|024h|10000nM"", ""PC3|006h|10000nM"", ""MCF7|006h|10000nM"", ""MCF7|024h|10000nM"", ""VCAP|006h|10000nM"", ""VCAP|024h|10000nM""], [""A549|024h|10000nM"", ""PC3|024h|10000nM"", ""PC3|006h|10000nM"", ""MCF7|006h|10000nM"", ""MCF7|024h|10000nM"", ""VCAP|006h|10000nM"", ""VCAP|024h|10000nM""]]",True,[],[]
l1000_LT,1|BRD-A02710418|opioid receptor agonist|glucocorticoid receptor agonist,anchored_reference,1,BRD-A02710418,c:BRD-A02710418,component,opioid receptor agonist,glucocorticoid receptor agonist,ReferenceWorld,reference,belief-planning-1,measurement_budget_spent,undetermined,0.0,0.0,1,0.0,2,11.25,0,0.0,1,True,False,False,0.055210285254206556,0.008557010181299911,1.0,0.09655236821459334,0.016825347340933904,1.0,0.0,0.0,True,"[""A549|006h|10000nM"", ""A549|024h|10000nM""]","[[""A549|006h|10000nM"", ""A549|024h|10000nM"", ""PC3|024h|10000nM"", ""PC3|006h|10000nM"", ""MCF7|006h|10000nM"", ""MCF7|024h|10000nM"", ""VCAP|006h|10000nM"", ""VCAP|024h|10000nM""], [""A549|024h|10000nM"", ""PC3|024h|10000nM"", ""PC3|006h|10000nM"", ""MCF7|006h|10000nM"", ""MCF7|024h|10000nM"", ""VCAP|006h|10000nM"", ""VCAP|024h|10000nM""]]",True,[],[]
l1000_LT,1|BRD-A02710418|opioid receptor agonist|glucocorticoid receptor agonist,anchored_permuted,1,BRD-A02710418,c:BRD-A02710418,component,opioid receptor agonist,glucocorticoid receptor agonist,ReferenceWorld,permuted,belief-planning-1,measurement_budget_spent,undetermined,0.0,0.0,1,0.0,2,11.25,0,0.0,1,True,False,False,0.055210285254206556,0.008557010181299911,1.0,0.1531659914152517,0.0330291953342903,1.0,0.0,0.0,True,"[""A549|006h|10000nM"", ""A549|024h|10000nM""]","[[""MCF7|006h|10000nM"", ""VCAP|006h|10000nM"", ""PC3|006h|10000nM"", ""A549|024h|10000nM"", ""PC3|024h|10000nM"", ""MCF7|024h|10000nM"", ""VCAP|024h|10000nM"", ""A549|006h|10000nM""], [""MCF7|006h|10000nM"", ""A549|024h|10000nM"", ""VCAP|006h|10000nM"", ""PC3|024h|10000nM"", ""MCF7|024h|10000nM"", ""PC3|006h|10000nM"", ""VCAP|024h|10000nM""]]",True,[],[]
l1000_LT,1|BRD-A02710418|opioid receptor agonist|glutamate receptor antagonist,fixed_none,1,BRD-A02710418,c:BRD-A02710418,component,opioid receptor agonist,glutamate receptor antagonist,,,,measurement_budget_spent,undetermined,0.0,0.0,1,0.0,2,11.25,0,0.0,1,False,False,False,,,,,,,0.0,0.0,False,"[""A549|006h|10000nM"", ""A549|024h|10000nM""]","[[], []]",True,[],[]
l1000_LT,1|BRD-A02710418|opioid receptor agonist|glutamate receptor antagonist,baseline_reference,1,BRD-A02710418,c:BRD-A02710418,component,opioid receptor agonist,glutamate receptor antagonist,ReferenceWorld,reference,belief-planning-1,belief_no_positive_value,undetermined,0.0,0.0,1,0.0,1,6.0,0,0.0,1,True,False,False,0.055210285254206556,0.008949004330644219,1.0,0.04847896051844502,0.00344896715176225,1.0,0.0,0.0,True,"[""A549|024h|10000nM""]","[[""A549|024h|10000nM"", ""PC3|024h|10000nM"", ""PC3|006h|10000nM"", ""A549|006h|10000nM"", ""VCAP|024h|10000nM"", ""MCF7|006h|10000nM"", ""MCF7|024h|10000nM"", ""VCAP|006h|10000nM""], [""PC3|024h|10000nM"", ""VCAP|024h|10000nM"", ""MCF7|024h|10000nM""]]",True,[],[]
l1000_LT,1|BRD-A02710418|opioid receptor agonist|glutamate receptor antagonist,anchored_reference,1,BRD-A02710418,c:BRD-A02710418,component,opioid receptor agonist,glutamate receptor antagonist,ReferenceWorld,reference,belief-planning-1,measurement_budget_spent,undetermined,0.0,0.0,1,0.0,2,11.25,0,0.0,1,True,False,False,0.055210285254206556,0.008949004330644219,1.0,0.09655236821459334,0.016825347340933904,1.0,0.0,0.0,True,"[""A549|006h|10000nM"", ""A549|024h|10000nM""]","[[""A549|024h|10000nM"", ""PC3|024h|10000nM"", ""PC3|006h|10000nM"", ""A549|006h|10000nM"", ""VCAP|024h|10000nM"", ""MCF7|006h|10000nM"", ""MCF7|024h|10000nM"", ""VCAP|006h|10000nM""], [""A549|024h|10000nM"", ""PC3|024h|10000nM"", ""PC3|006h|10000nM"", ""MCF7|006h|10000nM"", ""VCAP|024h|10000nM"", ""MCF7|024h|10000nM"", ""VCAP|006h|10000nM""]]",True,[],[]
l1000_LT,1|BRD-A02710418|opioid receptor agonist|glutamate receptor antagonist,anchored_permuted,1,BRD-A02710418,c:BRD-A02710418,component,opioid receptor agonist,glutamate receptor antagonist,ReferenceWorld,permuted,belief-planning-1,measurement_budget_spent,undetermined,0.0,0.0,1,0.0,2,11.25,0,0.0,1,True,False,False,0.055210285254206556,0.008949004330644219,1.0,0.1531659914152517,0.03459717193166753,1.0,0.0,0.0,True,"[""A549|006h|10000nM"", ""A549|024h|10000nM""]","[[""MCF7|006h|10000nM"", ""VCAP|006h|10000nM"", ""PC3|024h|10000nM"", ""A549|024h|10000nM"", ""A549|006h|10000nM"", ""MCF7|024h|10000nM"", ""PC3|006h|10000nM"", ""VCAP|024h|10000nM""], [""MCF7|006h|10000nM"", ""VCAP|006h|10000nM"", ""PC3|024h|10000nM"", ""A549|024h|10000nM"", ""MCF7|024h|10000nM"", ""PC3|006h|10000nM"", ""VCAP|024h|10000nM""]]",True,[],[]
l1000_LT,1|BRD-A02710418|histamine receptor antagonist|opioid receptor agonist,fixed_none,1,BRD-A02710418,c:BRD-A02710418,component,histamine receptor antagonist,opioid receptor agonist,,,,measurement_budget_spent,undetermined,0.0,0.0,1,0.0,2,11.25,0,0.0,1,False,False,False,,,,,,,0.0,0.0,False,"[""A549|006h|10000nM"", ""A549|024h|10000nM""]","[[], []]",True,[],[]
l1000_LT,1|BRD-A02710418|histamine receptor antagonist|opioid receptor agonist,baseline_reference,1,BRD-A02710418,c:BRD-A02710418,component,histamine receptor antagonist,opioid receptor agonist,ReferenceWorld,reference,belief-planning-1,belief_no_positive_value,undetermined,0.0,0.0,1,0.0,1,6.0,0,0.0,1,True,False,False,0.055210285254206556,0.008733662748985037,1.0,0.04847896051844502,0.00344896715176225,1.0,0.0,0.0,True,"[""A549|024h|10000nM""]","[[""A549|024h|10000nM"", ""PC3|024h|10000nM"", ""PC3|006h|10000nM"", ""MCF7|006h|10000nM"", ""VCAP|024h|10000nM"", ""MCF7|024h|10000nM"", ""VCAP|006h|10000nM"", ""A549|006h|10000nM""], [""PC3|024h|10000nM"", ""VCAP|024h|10000nM"", ""MCF7|024h|10000nM""]]",True,[],[]
l1000_LT,1|BRD-A02710418|histamine receptor antagonist|opioid receptor agonist,anchored_reference,1,BRD-A02710418,c:BRD-A02710418,component,histamine receptor antagonist,opioid receptor agonist,ReferenceWorld,reference,belief-planning-1,measurement_budget_spent,undetermined,0.0,0.0,1,0.0,2,11.25,0,0.0,1,True,False,False,0.055210285254206556,0.008733662748985037,1.0,0.09655236821459334,0.015963981014297177,1.0,0.0,0.0,True,"[""A549|006h|10000nM"", ""A549|024h|10000nM""]","[[""A549|024h|10000nM"", ""PC3|024h|10000nM"", ""PC3|006h|10000nM"", ""MCF7|006h|10000nM"", ""VCAP|024h|10000nM"", ""MCF7|024h|10000nM"", ""VCAP|006h|10000nM"", ""A549|006h|10000nM""], [""A549|024h|10000nM"", ""PC3|024h|10000nM"", ""PC3|006h|10000nM"", ""MCF7|006h|10000nM"", ""VCAP|024h|10000nM"", ""MCF7|024h|10000nM"", ""VCAP|006h|10000nM""]]",True,[],[]
l1000_LT,1|BRD-A02710418|histamine receptor antagonist|opioid receptor agonist,anchored_permuted,1,BRD-A02710418,c:BRD-A02710418,component,histamine receptor antagonist,opioid receptor agonist,ReferenceWorld,permuted,belief-planning-1,measurement_budget_spent,undetermined,0.0,0.0,1,0.0,2,11.25,0,0.0,1,True,False,False,0.055210285254206556,0.008733662748985035,1.0,0.1531659914152517,0.033601257575514534,1.0,0.0,0.0,True,"[""A549|006h|10000nM"", ""A549|024h|10000nM""]","[[""MCF7|006h|10000nM"", ""VCAP|006h|10000nM"", ""PC3|024h|10000nM"", ""A549|006h|10000nM"", ""MCF7|024h|10000nM"", ""PC3|006h|10000nM"", ""VCAP|024h|10000nM"", ""A549|024h|10000nM""], [""MCF7|006h|10000nM"", ""VCAP|006h|10000nM"", ""PC3|024h|10000nM"", ""MCF7|024h|10000nM"", ""PC3|006h|10000nM"", ""VCAP|024h|10000nM"", ""A549|024h|10000nM""]]",True,[],[]
l1000_LT,1|BRD-A02710418|opioid receptor agonist|monoamine oxidase inhibitor,fixed_none,1,BRD-A02710418,c:BRD-A02710418,component,opioid receptor agonist,monoamine oxidase inhibitor,,,,measurement_budget_spent,undetermined,0.0,0.0,1,0.0,2,11.25,0,0.0,1,False,False,False,,,,,,,0.0,0.0,False,"[""A549|006h|10000nM"", ""A549|024h|10000nM""]","[[], []]",True,[],[]
l1000_LT,1|BRD-A02710418|opioid receptor agonist|monoamine oxidase inhibitor,baseline_reference,1,BRD-A02710418,c:BRD-A02710418,component,opioid receptor agonist,monoamine oxidase inhibitor,ReferenceWorld,reference,belief-planning-1,belief_no_positive_value,undetermined,0.0,0.0,1,0.0,1,6.0,0,0.0,1,True,False,False,0.055210285254206556,0.008949004330644219,1.0,0.04847896051844502,0.00344896715176225,1.0,0.0,0.0,True,"[""A549|024h|10000nM""]","[[""A549|024h|10000nM"", ""PC3|024h|10000nM"", ""PC3|006h|10000nM"", ""A549|006h|10000nM"", ""VCAP|024h|10000nM"", ""MCF7|006h|10000nM"", ""MCF7|024h|10000nM"", ""VCAP|006h|10000nM""], [""PC3|024h|10000nM"", ""VCAP|024h|10000nM"", ""MCF7|024h|10000nM""]]",True,[],[]
l1000_LT,1|BRD-A02710418|opioid receptor agonist|monoamine oxidase inhibitor,anchored_reference,1,BRD-A02710418,c:BRD-A02710418,component,opioid receptor agonist,monoamine oxidase inhibitor,ReferenceWorld,reference,belief-planning-1,measurement_budget_spent,undetermined,0.0,0.0,1,0.0,2,11.25,0,0.0,1,True,False,False,0.055210285254206556,0.008949004330644219,1.0,0.09655236821459334,0.016825347340933904,1.0,0.0,0.0,True,"[""A549|006h|10000nM"", ""A549|024h|10000nM""]","[[""A549|024h|10000nM"", ""PC3|024h|10000nM"", ""PC3|006h|10000nM"", ""A549|006h|10000nM"", ""VCAP|024h|10000nM"", ""MCF7|006h|10000nM"", ""MCF7|024h|10000nM"", ""VCAP|006h|10000nM""], [""A549|024h|10000nM"", ""PC3|024h|10000nM"", ""PC3|006h|10000nM"", ""MCF7|006h|10000nM"", ""VCAP|024h|10000nM"", ""MCF7|024h|10000nM"", ""VCAP|006h|10000nM""]]",True,[],[]
l1000_LT,1|BRD-A02710418|opioid receptor agonist|monoamine oxidase inhibitor,anchored_permuted,1,BRD-A02710418,c:BRD-A02710418,component,opioid receptor agonist,monoamine oxidase inhibitor,ReferenceWorld,permuted,belief-planning-1,measurement_budget_spent,undetermined,0.0,0.0,1,0.0,2,11.25,0,0.0,1,True,False,False,0.055210285254206556,0.008949004330644219,1.0,0.1531659914152517,0.03459717193166753,1.0,0.0,0.0,True,"[""A549|006h|10000nM"", ""A549|024h|10000nM""]","[[""MCF7|006h|10000nM"", ""VCAP|006h|10000nM"", ""A549|006h|10000nM"", ""PC3|024h|10000nM"", ""A549|024h|10000nM"", ""PC3|006h|10000nM"", ""MCF7|024h|10000nM"", ""VCAP|024h|10000nM""], [""MCF7|006h|10000nM"", ""VCAP|006h|10000nM"", ""PC3|024h|10000nM"", ""A549|024h|10000nM"", ""MCF7|024h|10000nM"", ""PC3|006h|10000nM"", ""VCAP|024h|10000nM""]]",True,[],[]
l1000_LT,1|BRD-A02710418|p38 MAPK inhibitor|opioid receptor agonist,fixed_none,1,BRD-A02710418,c:BRD-A02710418,component,p38 MAPK inhibitor,opioid receptor agonist,,,,measurement_budget_spent,undetermined,0.0,0.0,1,0.0,2,11.25,0,0.0,1,False,False,False,,,,,,,0.0,0.0,False,"[""A549|006h|10000nM"", ""A549|024h|10000nM""]","[[], []]",True,[],[]
l1000_LT,1|BRD-A02710418|p38 MAPK inhibitor|opioid receptor agonist,baseline_reference,1,BRD-A02710418,c:BRD-A02710418,component,p38 MAPK inhibitor,opioid receptor agonist,ReferenceWorld,reference,belief-planning-1,measurement_budget_spent,undetermined,0.0,0.0,1,0.0,2,12.0,0,0.0,1,True,False,False,0.055210285254206556,0.008949004330644219,1.0,0.04106130225787816,0.002569582049840818,1.0,0.0,0.0,True,"[""PC3|024h|10000nM"", ""A549|024h|10000nM""]","[[""PC3|024h|10000nM"", ""A549|024h|10000nM"", ""PC3|006h|10000nM"", ""A549|006h|10000nM"", ""MCF7|006h|10000nM"", ""VCAP|024h|10000nM"", ""MCF7|024h|10000nM"", ""VCAP|006h|10000nM""], [""A549|024h|10000nM"", ""VCAP|024h|10000nM"", ""MCF7|024h|10000nM""]]",True,[],[]
l1000_LT,1|BRD-A02710418|p38 MAPK inhibitor|opioid receptor agonist,anchored_reference,1,BRD-A02710418,c:BRD-A02710418,component,p38 MAPK inhibitor,opioid receptor agonist,ReferenceWorld,reference,belief-planning-1,measurement_budget_spent,undetermined,0.0,0.0,1,0.0,2,11.25,0,0.0,1,True,False,False,0.055210285254206556,0.008949004330644219,1.0,0.09655236821459334,0.016825347340933904,1.0,0.0,0.0,True,"[""A549|006h|10000nM"", ""A549|024h|10000nM""]","[[""PC3|024h|10000nM"", ""A549|024h|10000nM"", ""PC3|006h|10000nM"", ""A549|006h|10000nM"", ""MCF7|006h|10000nM"", ""VCAP|024h|10000nM"", ""MCF7|024h|10000nM"", ""VCAP|006h|10000nM""], [""A549|024h|10000nM"", ""PC3|024h|10000nM"", ""PC3|006h|10000nM"", ""MCF7|006h|10000nM"", ""VCAP|024h|10000nM"", ""MCF7|024h|10000nM"", ""VCAP|006h|10000nM""]]",True,[],[]
l1000_LT,1|BRD-A02710418|p38 MAPK inhibitor|opioid receptor agonist,anchored_permuted,1,BRD-A02710418,c:BRD-A02710418,component,p38 MAPK inhibitor,opioid receptor agonist,ReferenceWorld,permuted,belief-planning-1,measurement_budget_spent,undetermined,0.0,0.0,1,0.0,2,11.25,0,0.0,1,True,False,False,0.055210285254206556,0.008949004330644219,1.0,0.1531659914152517,0.03459717193166753,1.0,0.0,0.0,True,"[""A549|006h|10000nM"", ""A549|024h|10000nM""]","[[""VCAP|006h|10000nM"", ""MCF7|006h|10000nM"", ""A549|006h|10000nM"", ""PC3|024h|10000nM"", ""A549|024h|10000nM"", ""PC3|006h|10000nM"", ""MCF7|024h|10000nM"", ""VCAP|024h|10000nM""], [""MCF7|006h|10000nM"", ""VCAP|006h|10000nM"", ""PC3|024h|10000nM"", ""A549|024h|10000nM"", ""MCF7|024h|10000nM"", ""PC3|006h|10000nM"", ""VCAP|024h|10000nM""]]",True,[],[]
l1000_LT,1|BRD-A02710418|opioid receptor agonist|serotonin receptor antagonist,fixed_none,1,BRD-A02710418,c:BRD-A02710418,component,opioid receptor agonist,serotonin receptor antagonist,,,,measurement_budget_spent,undetermined,0.0,0.0,1,0.0,2,11.25,0,0.0,1,False,False,False,,,,,,,0.0,0.0,False,"[""A549|006h|10000nM"", ""A549|024h|10000nM""]","[[], []]",True,[],[]
l1000_LT,1|BRD-A02710418|opioid receptor agonist|serotonin receptor antagonist,baseline_reference,1,BRD-A02710418,c:BRD-A02710418,component,opioid receptor agonist,serotonin receptor antagonist,ReferenceWorld,reference,belief-planning-1,belief_no_positive_value,undetermined,0.0,0.0,1,0.0,1,6.0,0,0.0,1,True,False,False,0.055210285254206556,0.008949004330644219,1.0,0.04847896051844502,0.00344896715176225,1.0,0.0,0.0,True,"[""A549|024h|10000nM""]","[[""A549|024h|10000nM"", ""PC3|024h|10000nM"", ""PC3|006h|10000nM"", ""A549|006h|10000nM"", ""MCF7|006h|10000nM"", ""VCAP|024h|10000nM"", ""MCF7|024h|10000nM"", ""VCAP|006h|10000nM""], [""PC3|024h|10000nM"", ""VCAP|024h|10000nM"", ""MCF7|024h|10000nM""]]",True,[],[]
l1000_LT,1|BRD-A02710418|opioid receptor agonist|serotonin receptor antagonist,anchored_reference,1,BRD-A02710418,c:BRD-A02710418,component,opioid receptor agonist,serotonin receptor antagonist,ReferenceWorld,reference,belief-planning-1,measurement_budget_spent,undetermined,0.0,0.0,1,0.0,2,11.25,0,0.0,1,True,False,False,0.055210285254206556,0.008949004330644219,1.0,0.09655236821459334,0.016825347340933904,1.0,0.0,0.0,True,"[""A549|006h|10000nM"", ""A549|024h|10000nM""]","[[""A549|024h|10000nM"", ""PC3|024h|10000nM"", ""PC3|006h|10000nM"", ""A549|006h|10000nM"", ""MCF7|006h|10000nM"", ""VCAP|024h|10000nM"", ""MCF7|024h|10000nM"", ""VCAP|006h|10000nM""], [""A549|024h|10000nM"", ""PC3|024h|10000nM"", ""PC3|006h|10000nM"", ""MCF7|006h|10000nM"", ""VCAP|024h|10000nM"", ""MCF7|024h|10000nM"", ""VCAP|006h|10000nM""]]",True,[],[]
l1000_LT,1|BRD-A02710418|opioid receptor agonist|serotonin receptor antagonist,anchored_permuted,1,BRD-A02710418,c:BRD-A02710418,component,opioid receptor agonist,serotonin receptor antagonist,ReferenceWorld,permuted,belief-planning-1,measurement_budget_spent,undetermined,0.0,0.0,1,0.0,2,11.25,0,0.0,1,True,False,False,0.055210285254206556,0.008949004330644219,1.0,0.1531659914152517,0.03459717193166753,1.0,0.0,0.0,True,"[""A549|006h|10000nM"", ""A549|024h|10000nM""]","[[""MCF7|006h|10000nM"", ""VCAP|006h|10000nM"", ""PC3|024h|10000nM"", ""A549|024h|10000nM"", ""A549|006h|10000nM"", ""MCF7|024h|10000nM"", ""PC3|006h|10000nM"", ""VCAP|024h|10000nM""], [""MCF7|006h|10000nM"", ""VCAP|006h|10000nM"", ""PC3|024h|10000nM"", ""A549|024h|10000nM"", ""MCF7|024h|10000nM"", ""PC3|006h|10000nM"", ""VCAP|024h|10000nM""]]",True,[],[]
