condition_id,drug,dose_uM,chemical_group,plate,cell,time_hours,assay,readout,split,label,n_cells
9ebe770d0361f75f74c8,Levobupivacaine (hydrochloride),0.05,LEBVLXFERQHONN,plate7,NCI-H596,24.0,single_cell_RNA,X_hvg_native_shift,train,"[('Levobupivacaine (hydrochloride)', 0.05, 'uM')]",26
f9c0afc53256657e93a9,Levobupivacaine (hydrochloride),0.5,LEBVLXFERQHONN,plate8,NCI-H596,24.0,single_cell_RNA,X_hvg_native_shift,train,"[('Levobupivacaine (hydrochloride)', 0.5, 'uM')]",30
8502a1966f2c38109b15,Levobupivacaine (hydrochloride),5.0,LEBVLXFERQHONN,plate9,NCI-H596,24.0,single_cell_RNA,X_hvg_native_shift,train,"[('Levobupivacaine (hydrochloride)', 5.0, 'uM')]",20
fa0c5b2f5f7ff6d210bd,Menadione,0.05,MJVAVZPDRWSRRC,plate7,NCI-H596,24.0,single_cell_RNA,X_hvg_native_shift,train,"[('Menadione', 0.05, 'uM')]",19
2f7697c49e6dc09776e4,Menadione,0.5,MJVAVZPDRWSRRC,plate8,NCI-H596,24.0,single_cell_RNA,X_hvg_native_shift,train,"[('Menadione', 0.5, 'uM')]",9
cf08b1aa3be4e261149d,Menadione,5.0,MJVAVZPDRWSRRC,plate9,NCI-H596,24.0,single_cell_RNA,X_hvg_native_shift,train,"[('Menadione', 5.0, 'uM')]",8
052dc3de4f517e68b641,Lenalidomide (hemihydrate),0.05,GOTYRUGSSMKFNF,plate4,NCI-H596,24.0,single_cell_RNA,X_hvg_native_shift,train,"[('Lenalidomide (hemihydrate)', 0.05, 'uM')]",16
6710a55ba348c2a07ca4,Lenalidomide (hemihydrate),0.5,GOTYRUGSSMKFNF,plate5,NCI-H596,24.0,single_cell_RNA,X_hvg_native_shift,train,"[('Lenalidomide (hemihydrate)', 0.5, 'uM')]",34
cc022cdffbe6c622407b,Lenalidomide (hemihydrate),5.0,GOTYRUGSSMKFNF,plate14,NCI-H596,24.0,single_cell_RNA,X_hvg_native_shift,train,"[('Lenalidomide (hemihydrate)', 5.0, 'uM')]",25
7d336b9f3609df91ac4b,Ixazomib,0.05,MXAYKZJJDUDWDS,plate1,NCI-H596,24.0,single_cell_RNA,X_hvg_native_shift,train,"[('Ixazomib', 0.05, 'uM')]",7
d3e3dfece152d6539a9e,Ixazomib,0.5,MXAYKZJJDUDWDS,plate2,NCI-H596,24.0,single_cell_RNA,X_hvg_native_shift,train,"[('Ixazomib', 0.5, 'uM')]",15
ac037dd91f4ff1df1539,Ixazomib,5.0,MXAYKZJJDUDWDS,plate3,NCI-H596,24.0,single_cell_RNA,X_hvg_native_shift,train,"[('Ixazomib', 5.0, 'uM')]",30
fc967c85bcb1ecee6618,Nafamostat (mesylate),0.05,MQQNFDZXWVTQEH,plate10,NCI-H596,24.0,single_cell_RNA,X_hvg_native_shift,train,"[('Nafamostat (mesylate)', 0.05, 'uM')]",19
82540826fc8ef205631c,Nafamostat (mesylate),0.5,MQQNFDZXWVTQEH,plate11,NCI-H596,24.0,single_cell_RNA,X_hvg_native_shift,train,"[('Nafamostat (mesylate)', 0.5, 'uM')]",27
d8217167de1335d3ef2c,Nafamostat (mesylate),5.0,MQQNFDZXWVTQEH,plate12,NCI-H596,24.0,single_cell_RNA,X_hvg_native_shift,train,"[('Nafamostat (mesylate)', 5.0, 'uM')]",43
d03d1215a4e810c54a9c,Delamanid,0.05,XDAOLTSRNUSPPH,plate10,NCI-H596,24.0,single_cell_RNA,X_hvg_native_shift,train,"[('Delamanid', 0.05, 'uM')]",16
da6406f29e25261bb208,Delamanid,0.5,XDAOLTSRNUSPPH,plate11,NCI-H596,24.0,single_cell_RNA,X_hvg_native_shift,train,"[('Delamanid', 0.5, 'uM')]",25
d85e4af516e0e6663e33,Delamanid,5.0,XDAOLTSRNUSPPH,plate12,NCI-H596,24.0,single_cell_RNA,X_hvg_native_shift,train,"[('Delamanid', 5.0, 'uM')]",28
68d68e161a53c389c90c,Fulvestrant,0.05,VWUXBMIQPBEWFH,plate10,NCI-H596,24.0,single_cell_RNA,X_hvg_native_shift,train,"[('Fulvestrant', 0.05, 'uM')]",13
6a561462c5e41fc9cbdb,Fulvestrant,0.5,VWUXBMIQPBEWFH,plate11,NCI-H596,24.0,single_cell_RNA,X_hvg_native_shift,train,"[('Fulvestrant', 0.5, 'uM')]",13
7e3d0c55bae5c2cf778c,Fulvestrant,5.0,VWUXBMIQPBEWFH,plate12,NCI-H596,24.0,single_cell_RNA,X_hvg_native_shift,train,"[('Fulvestrant', 5.0, 'uM')]",32
ef3a6d038e3b799b0dfc,Phenylephrine (hydrochloride),0.05,SONNWYBIRXJNDC,plate10,NCI-H596,24.0,single_cell_RNA,X_hvg_native_shift,train,"[('Phenylephrine (hydrochloride)', 0.05, 'uM')]",20
48832df781f4f320e258,Phenylephrine (hydrochloride),0.5,SONNWYBIRXJNDC,plate11,NCI-H596,24.0,single_cell_RNA,X_hvg_native_shift,train,"[('Phenylephrine (hydrochloride)', 0.5, 'uM')]",37
9381449eefe8ecb55a93,Phenylephrine (hydrochloride),5.0,SONNWYBIRXJNDC,plate12,NCI-H596,24.0,single_cell_RNA,X_hvg_native_shift,train,"[('Phenylephrine (hydrochloride)', 5.0, 'uM')]",16
084ecd1225f5fc097bbe,Topotecan (hydrochloride),0.05,UCFGDBYHRUNTLO,plate13,NCI-H596,24.0,single_cell_RNA,X_hvg_native_shift,train,"[('Topotecan (hydrochloride)', 0.05, 'uM')]",23
2620b77ddb0d28d9d550,Topotecan (hydrochloride),0.5,UCFGDBYHRUNTLO,plate8,NCI-H596,24.0,single_cell_RNA,X_hvg_native_shift,train,"[('Topotecan (hydrochloride)', 0.5, 'uM')]",21
d27488c962bc113a59eb,Topotecan (hydrochloride),5.0,UCFGDBYHRUNTLO,plate9,NCI-H596,24.0,single_cell_RNA,X_hvg_native_shift,train,"[('Topotecan (hydrochloride)', 5.0, 'uM')]",28
f738b3535c5252d59a8d,Naproxen,0.05,CMWTZPSULFXXJA,plate13,NCI-H596,24.0,single_cell_RNA,X_hvg_native_shift,train,"[('Naproxen', 0.05, 'uM')]",45
0cd2970400657232f3e5,Naproxen,0.5,CMWTZPSULFXXJA,plate13,NCI-H596,24.0,single_cell_RNA,X_hvg_native_shift,train,"[('Naproxen', 0.5, 'uM')]",48
60403cd8f5a0d491f20a,Naproxen,5.0,CMWTZPSULFXXJA,plate9,NCI-H596,24.0,single_cell_RNA,X_hvg_native_shift,train,"[('Naproxen', 5.0, 'uM')]",25
e0881de58ce52e5d1380,Posaconazole,0.05,RAGOYPUPXAKGKH,plate7,NCI-H596,24.0,single_cell_RNA,X_hvg_native_shift,train,"[('Posaconazole', 0.05, 'uM')]",16
e7962835c3fa98bbbd14,Posaconazole,0.5,RAGOYPUPXAKGKH,plate8,NCI-H596,24.0,single_cell_RNA,X_hvg_native_shift,train,"[('Posaconazole', 0.5, 'uM')]",43
75c0b9710e2591e79710,Posaconazole,5.0,RAGOYPUPXAKGKH,plate9,NCI-H596,24.0,single_cell_RNA,X_hvg_native_shift,train,"[('Posaconazole', 5.0, 'uM')]",24
53a69f206f5c629ca005,Nevirapine,0.05,NQDJXKOVJZTUJA,plate7,NCI-H596,24.0,single_cell_RNA,X_hvg_native_shift,train,"[('Nevirapine', 0.05, 'uM')]",23
f6d230b6d49d02df42e6,Nevirapine,0.5,NQDJXKOVJZTUJA,plate8,NCI-H596,24.0,single_cell_RNA,X_hvg_native_shift,train,"[('Nevirapine', 0.5, 'uM')]",24
52a17bd3ccdcde389ac6,Nevirapine,5.0,NQDJXKOVJZTUJA,plate9,NCI-H596,24.0,single_cell_RNA,X_hvg_native_shift,train,"[('Nevirapine', 5.0, 'uM')]",29
dd882de36730f696202f,Bimiralisib,0.05,ADGGYDAFIHSYFI,plate1,NCI-H596,24.0,single_cell_RNA,X_hvg_native_shift,train,"[('Bimiralisib', 0.05, 'uM')]",16
18472be4b04d935caaa2,Bimiralisib,0.5,ADGGYDAFIHSYFI,plate2,NCI-H596,24.0,single_cell_RNA,X_hvg_native_shift,train,"[('Bimiralisib', 0.5, 'uM')]",15
9174165c9b3748157afa,Bimiralisib,5.0,ADGGYDAFIHSYFI,plate3,NCI-H596,24.0,single_cell_RNA,X_hvg_native_shift,train,"[('Bimiralisib', 5.0, 'uM')]",51
34e9e4684372c8760a0b,Dihydroartemisinin,0.05,BJDCWCLMFKKGEE,plate10,NCI-H596,24.0,single_cell_RNA,X_hvg_native_shift,train,"[('Dihydroartemisinin', 0.05, 'uM')]",8
47977d3f052f333bd9db,Dihydroartemisinin,0.5,BJDCWCLMFKKGEE,plate11,NCI-H596,24.0,single_cell_RNA,X_hvg_native_shift,train,"[('Dihydroartemisinin', 0.5, 'uM')]",29
4c8ca3c0c93e47586320,Dihydroartemisinin,5.0,BJDCWCLMFKKGEE,plate12,NCI-H596,24.0,single_cell_RNA,X_hvg_native_shift,train,"[('Dihydroartemisinin', 5.0, 'uM')]",7
ed5cda8a5501b17a89f8,Quinestrol,0.05,PWZUUYSISTUNDW,plate4,NCI-H596,24.0,single_cell_RNA,X_hvg_native_shift,train,"[('Quinestrol', 0.05, 'uM')]",22
0abf6eddf8e720d42f64,Quinestrol,0.5,PWZUUYSISTUNDW,plate5,NCI-H596,24.0,single_cell_RNA,X_hvg_native_shift,train,"[('Quinestrol', 0.5, 'uM')]",38
e55b211e661885a0eb2b,Quinestrol,5.0,PWZUUYSISTUNDW,plate6,NCI-H596,24.0,single_cell_RNA,X_hvg_native_shift,train,"[('Quinestrol', 5.0, 'uM')]",21
b8c54ae111af5f0d438b,Neratinib,0.05,JWNPDZNEKVCWMY,plate10,NCI-H596,24.0,single_cell_RNA,X_hvg_native_shift,train,"[('Neratinib', 0.05, 'uM')]",12
d617e586aef56cbf0676,Neratinib,0.5,JWNPDZNEKVCWMY,plate11,NCI-H596,24.0,single_cell_RNA,X_hvg_native_shift,train,"[('Neratinib', 0.5, 'uM')]",35
caee165ec794e1e43613,Neratinib,5.0,JWNPDZNEKVCWMY,plate12,NCI-H596,24.0,single_cell_RNA,X_hvg_native_shift,train,"[('Neratinib', 5.0, 'uM')]",22
613bf220fc6d3e54a414,Dapagliflozin,0.05,JVHXJTBJCFBINQ,plate10,NCI-H596,24.0,single_cell_RNA,X_hvg_native_shift,train,"[('Dapagliflozin', 0.05, 'uM')]",12
8293a5c0702aa6c7a70f,Dapagliflozin,0.5,JVHXJTBJCFBINQ,plate11,NCI-H596,24.0,single_cell_RNA,X_hvg_native_shift,train,"[('Dapagliflozin', 0.5, 'uM')]",22
cba2ec389b59ab3057ca,Dapagliflozin,5.0,JVHXJTBJCFBINQ,plate12,NCI-H596,24.0,single_cell_RNA,X_hvg_native_shift,train,"[('Dapagliflozin', 5.0, 'uM')]",18
9eda28a02a12645eefed,Lipoic acid,0.05,AGBQKNBQESQNJD,plate4,NCI-H596,24.0,single_cell_RNA,X_hvg_native_shift,train,"[('Lipoic acid', 0.05, 'uM')]",32
25b6e88dc5845e98b7d2,Lipoic acid,0.5,AGBQKNBQESQNJD,plate5,NCI-H596,24.0,single_cell_RNA,X_hvg_native_shift,train,"[('Lipoic acid', 0.5, 'uM')]",23
ff589cb2c34ee437f74a,Lipoic acid,5.0,AGBQKNBQESQNJD,plate14,NCI-H596,24.0,single_cell_RNA,X_hvg_native_shift,train,"[('Lipoic acid', 5.0, 'uM')]",22
6fccc3fbde0387b4ca2d,Vortioxetine,0.05,YQNWZWMKLDQSAC,plate10,NCI-H596,24.0,single_cell_RNA,X_hvg_native_shift,train,"[('Vortioxetine', 0.05, 'uM')]",8
7f5af3a4e8b03af9c786,Vortioxetine,0.5,YQNWZWMKLDQSAC,plate11,NCI-H596,24.0,single_cell_RNA,X_hvg_native_shift,train,"[('Vortioxetine', 0.5, 'uM')]",26
69156700701e663c4706,Vortioxetine,5.0,YQNWZWMKLDQSAC,plate12,NCI-H596,24.0,single_cell_RNA,X_hvg_native_shift,train,"[('Vortioxetine', 5.0, 'uM')]",8
a923cebd82e01d31eb36,Selinexor ,0.05,DEVSOMFAQLZNKR,plate4,NCI-H596,24.0,single_cell_RNA,X_hvg_native_shift,train,"[('Selinexor ', 0.05, 'uM')]",26
43d44ce42870f8d66891,Selinexor ,0.5,DEVSOMFAQLZNKR,plate5,NCI-H596,24.0,single_cell_RNA,X_hvg_native_shift,train,"[('Selinexor ', 0.5, 'uM')]",21
68440997733afd608a47,Selinexor ,5.0,DEVSOMFAQLZNKR,plate6,NCI-H596,24.0,single_cell_RNA,X_hvg_native_shift,train,"[('Selinexor ', 5.0, 'uM')]",35
0d3b91081d6d34817c91,Ornidazole,0.05,IPWKIXLWTCNBKN,plate13,NCI-H596,24.0,single_cell_RNA,X_hvg_native_shift,train,"[('Ornidazole', 0.05, 'uM')]",26
c327bd1f45a062f2c039,Ornidazole,0.5,IPWKIXLWTCNBKN,plate13,NCI-H596,24.0,single_cell_RNA,X_hvg_native_shift,train,"[('Ornidazole', 0.5, 'uM')]",21
d6b233f9616a4a9cecfd,Ornidazole,5.0,IPWKIXLWTCNBKN,plate13,NCI-H596,24.0,single_cell_RNA,X_hvg_native_shift,train,"[('Ornidazole', 5.0, 'uM')]",30
15765af53f4cefb40837,Methyl aminolevulinate (hydrochloride),0.05,YUUAYBAIHCDHHD,plate10,NCI-H596,24.0,single_cell_RNA,X_hvg_native_shift,train,"[('Methyl aminolevulinate (hydrochloride)', 0.05, 'uM')]",11
61f10c4347efbd3f7124,Methyl aminolevulinate (hydrochloride),0.5,YUUAYBAIHCDHHD,plate11,NCI-H596,24.0,single_cell_RNA,X_hvg_native_shift,train,"[('Methyl aminolevulinate (hydrochloride)', 0.5, 'uM')]",22
336521f1dc0b82223c08,Methyl aminolevulinate (hydrochloride),5.0,YUUAYBAIHCDHHD,plate12,NCI-H596,24.0,single_cell_RNA,X_hvg_native_shift,train,"[('Methyl aminolevulinate (hydrochloride)', 5.0, 'uM')]",21
34fbdb4a60616c72e109,Budesonide,0.05,VOVIALXJUBGFJZ,plate10,NCI-H596,24.0,single_cell_RNA,X_hvg_native_shift,train,"[('Budesonide', 0.05, 'uM')]",25
7d7b0f5e141034dc6ce3,Budesonide,0.5,VOVIALXJUBGFJZ,plate11,NCI-H596,24.0,single_cell_RNA,X_hvg_native_shift,train,"[('Budesonide', 0.5, 'uM')]",28
f1accecf5c5bf1c47532,Budesonide,5.0,VOVIALXJUBGFJZ,plate12,NCI-H596,24.0,single_cell_RNA,X_hvg_native_shift,train,"[('Budesonide', 5.0, 'uM')]",19
284545ef6abc675246b5,Docetaxel (Trihydrate),0.05,ZDZOTLJHXYCWBA,plate7,NCI-H596,24.0,single_cell_RNA,X_hvg_native_shift,train,"[('Docetaxel (Trihydrate)', 0.05, 'uM')]",30
37684c128b1bc875cc58,Docetaxel (Trihydrate),0.5,ZDZOTLJHXYCWBA,plate8,NCI-H596,24.0,single_cell_RNA,X_hvg_native_shift,train,"[('Docetaxel (Trihydrate)', 0.5, 'uM')]",49
b0f7676ecdc1cdc3f797,Docetaxel (Trihydrate),5.0,ZDZOTLJHXYCWBA,plate9,NCI-H596,24.0,single_cell_RNA,X_hvg_native_shift,train,"[('Docetaxel (Trihydrate)', 5.0, 'uM')]",22
5384a6602378a557fe01,Valdecoxib,0.05,LNPDTQAFDNKSHK,plate10,NCI-H596,24.0,single_cell_RNA,X_hvg_native_shift,development,"[('Valdecoxib', 0.05, 'uM')]",7
20d6f8188a6d039781e4,Valdecoxib,0.5,LNPDTQAFDNKSHK,plate11,NCI-H596,24.0,single_cell_RNA,X_hvg_native_shift,development,"[('Valdecoxib', 0.5, 'uM')]",17
2143c675cb7af1ee94ee,Valdecoxib,5.0,LNPDTQAFDNKSHK,plate12,NCI-H596,24.0,single_cell_RNA,X_hvg_native_shift,development,"[('Valdecoxib', 5.0, 'uM')]",10
67fa8bb93f5df1dbef37,Clofarabine,0.05,WDDPHFBMKLOVOX,plate7,NCI-H596,24.0,single_cell_RNA,X_hvg_native_shift,development,"[('Clofarabine', 0.05, 'uM')]",25
e41cf64a099ad0417829,Clofarabine,0.5,WDDPHFBMKLOVOX,plate8,NCI-H596,24.0,single_cell_RNA,X_hvg_native_shift,development,"[('Clofarabine', 0.5, 'uM')]",6
0dfb4aea8639f6383fe5,Clofarabine,5.0,WDDPHFBMKLOVOX,plate9,NCI-H596,24.0,single_cell_RNA,X_hvg_native_shift,development,"[('Clofarabine', 5.0, 'uM')]",5
6f5872042aa628f18867,Vilanterol,0.05,DAFYYTQWSAWIGS,plate4,NCI-H596,24.0,single_cell_RNA,X_hvg_native_shift,development,"[('Vilanterol', 0.05, 'uM')]",8
3ff1880482f57767aff4,Vilanterol,0.5,DAFYYTQWSAWIGS,plate5,NCI-H596,24.0,single_cell_RNA,X_hvg_native_shift,development,"[('Vilanterol', 0.5, 'uM')]",19
cc108b9634f12eeb0742,Vilanterol,5.0,DAFYYTQWSAWIGS,plate14,NCI-H596,24.0,single_cell_RNA,X_hvg_native_shift,development,"[('Vilanterol', 5.0, 'uM')]",40
fbf2da4ad100e005031f,Raltitrexed,0.05,IVTVGDXNLFLDRM,plate4,NCI-H596,24.0,single_cell_RNA,X_hvg_native_shift,development,"[('Raltitrexed', 0.05, 'uM')]",15
e99904e509b10223ace3,Raltitrexed,0.5,IVTVGDXNLFLDRM,plate5,NCI-H596,24.0,single_cell_RNA,X_hvg_native_shift,development,"[('Raltitrexed', 0.5, 'uM')]",16
3cfe03160326230efebf,Raltitrexed,5.0,IVTVGDXNLFLDRM,plate14,NCI-H596,24.0,single_cell_RNA,X_hvg_native_shift,development,"[('Raltitrexed', 5.0, 'uM')]",23
194e63d7d73a646278f2,Tazarotene,0.05,OGQICQVSFDPSEI,plate10,NCI-H596,24.0,single_cell_RNA,X_hvg_native_shift,development,"[('Tazarotene', 0.05, 'uM')]",30
30f3a4d98c49a19330f0,Tazarotene,0.5,OGQICQVSFDPSEI,plate11,NCI-H596,24.0,single_cell_RNA,X_hvg_native_shift,development,"[('Tazarotene', 0.5, 'uM')]",49
57941ef89895321c4236,Tazarotene,5.0,OGQICQVSFDPSEI,plate12,NCI-H596,24.0,single_cell_RNA,X_hvg_native_shift,development,"[('Tazarotene', 5.0, 'uM')]",29
10cd7afda7771af1bdbc,Crizotinib (hydrochloride),0.05,KTEIFNKAUNYNJU,plate10,NCI-H596,24.0,single_cell_RNA,X_hvg_native_shift,development,"[('Crizotinib (hydrochloride)', 0.05, 'uM')]",14
1c58a3bdceb56288f647,Crizotinib (hydrochloride),0.5,KTEIFNKAUNYNJU,plate11,NCI-H596,24.0,single_cell_RNA,X_hvg_native_shift,development,"[('Crizotinib (hydrochloride)', 0.5, 'uM')]",20
398f4d7eda8912825367,Crizotinib (hydrochloride),5.0,KTEIFNKAUNYNJU,plate12,NCI-H596,24.0,single_cell_RNA,X_hvg_native_shift,development,"[('Crizotinib (hydrochloride)', 5.0, 'uM')]",35
5cb1b4b5543d3ba4ea28,Volasertib,0.05,SXNJFOWDRLKDSF,plate1,NCI-H596,24.0,single_cell_RNA,X_hvg_native_shift,calibration,"[('Volasertib', 0.05, 'uM')]",17
55619fb367cd50b09735,Volasertib,0.5,SXNJFOWDRLKDSF,plate2,NCI-H596,24.0,single_cell_RNA,X_hvg_native_shift,calibration,"[('Volasertib', 0.5, 'uM')]",7
902e5fb222eb37041682,Volasertib,5.0,SXNJFOWDRLKDSF,plate3,NCI-H596,24.0,single_cell_RNA,X_hvg_native_shift,calibration,"[('Volasertib', 5.0, 'uM')]",23
1ad05f5dfda9b24b4e69,Acetohexamide,0.05,VGZSUPCWNCWDAN,plate4,NCI-H596,24.0,single_cell_RNA,X_hvg_native_shift,calibration,"[('Acetohexamide', 0.05, 'uM')]",24
35455c055a418a736f9e,Acetohexamide,0.5,VGZSUPCWNCWDAN,plate5,NCI-H596,24.0,single_cell_RNA,X_hvg_native_shift,calibration,"[('Acetohexamide', 0.5, 'uM')]",21
814a09bd3c1ec48af8d3,Acetohexamide,5.0,VGZSUPCWNCWDAN,plate14,NCI-H596,24.0,single_cell_RNA,X_hvg_native_shift,calibration,"[('Acetohexamide', 5.0, 'uM')]",29
5e99618e47d7943d6fe0,Afatinib,0.05,ULXXDDBFHOBEHA,plate7,NCI-H596,24.0,single_cell_RNA,X_hvg_native_shift,calibration,"[('Afatinib', 0.05, 'uM')]",36
12639c5c64c3640c5173,Afatinib,0.5,ULXXDDBFHOBEHA,plate8,NCI-H596,24.0,single_cell_RNA,X_hvg_native_shift,calibration,"[('Afatinib', 0.5, 'uM')]",41
9cc1bf327d132aa53db6,Afatinib,5.0,ULXXDDBFHOBEHA,plate3,NCI-H596,24.0,single_cell_RNA,X_hvg_native_shift,calibration,"[('Afatinib', 5.0, 'uM')]",28
ab32dd9f52a83d3c13f3,ML264,0.05,AJCDZIDKYKCOMZ,plate1,NCI-H596,24.0,single_cell_RNA,X_hvg_native_shift,calibration,"[('ML264', 0.05, 'uM')]",18
e809db37899795b18f48,ML264,0.5,AJCDZIDKYKCOMZ,plate2,NCI-H596,24.0,single_cell_RNA,X_hvg_native_shift,calibration,"[('ML264', 0.5, 'uM')]",36
b6db7d0d57fbc6de9d22,ML264,5.0,AJCDZIDKYKCOMZ,plate3,NCI-H596,24.0,single_cell_RNA,X_hvg_native_shift,calibration,"[('ML264', 5.0, 'uM')]",25
eab7ad812c061a0e27b4,IQ 1,0.05,ALJIEVIJBAJISI,plate1,NCI-H596,24.0,single_cell_RNA,X_hvg_native_shift,calibration,"[('IQ 1', 0.05, 'uM')]",14
9f3c6bce544cab3e5e65,IQ 1,0.5,ALJIEVIJBAJISI,plate2,NCI-H596,24.0,single_cell_RNA,X_hvg_native_shift,calibration,"[('IQ 1', 0.5, 'uM')]",12
3a781340f98a92ab7723,IQ 1,5.0,ALJIEVIJBAJISI,plate3,NCI-H596,24.0,single_cell_RNA,X_hvg_native_shift,calibration,"[('IQ 1', 5.0, 'uM')]",19
fd5185f8e8dd7cc4bbdc,Temsirolimus,0.05,CBPNZQVSJQDFBE,plate4,NCI-H596,24.0,single_cell_RNA,X_hvg_native_shift,calibration,"[('Temsirolimus', 0.05, 'uM')]",17
237ecaf6ab334107d920,Temsirolimus,0.5,CBPNZQVSJQDFBE,plate5,NCI-H596,24.0,single_cell_RNA,X_hvg_native_shift,calibration,"[('Temsirolimus', 0.5, 'uM')]",27
6176e44166af45ae321f,Temsirolimus,5.0,CBPNZQVSJQDFBE,plate14,NCI-H596,24.0,single_cell_RNA,X_hvg_native_shift,calibration,"[('Temsirolimus', 5.0, 'uM')]",40
29db0c03e7a0100c99a9,Penfluridol,0.05,MDLAAYDRRZXJIF,plate7,NCI-H596,24.0,single_cell_RNA,X_hvg_native_shift,evaluation,"[('Penfluridol', 0.05, 'uM')]",41
17052b27251416946fa9,Penfluridol,0.5,MDLAAYDRRZXJIF,plate8,NCI-H596,24.0,single_cell_RNA,X_hvg_native_shift,evaluation,"[('Penfluridol', 0.5, 'uM')]",10
7ced180236e54f7383b2,Penfluridol,5.0,MDLAAYDRRZXJIF,plate9,NCI-H596,24.0,single_cell_RNA,X_hvg_native_shift,evaluation,"[('Penfluridol', 5.0, 'uM')]",10
28041348951a1d9d0349,L-Eflornithine (monohydrochloride),0.05,VLCYCQAOQCDTCN,plate10,NCI-H596,24.0,single_cell_RNA,X_hvg_native_shift,evaluation,"[('L-Eflornithine (monohydrochloride)', 0.05, 'uM')]",60
f1b350617c8352ae8292,L-Eflornithine (monohydrochloride),0.5,VLCYCQAOQCDTCN,plate11,NCI-H596,24.0,single_cell_RNA,X_hvg_native_shift,evaluation,"[('L-Eflornithine (monohydrochloride)', 0.5, 'uM')]",32
8ba852bb3f6e6269f212,L-Eflornithine (monohydrochloride),5.0,VLCYCQAOQCDTCN,plate12,NCI-H596,24.0,single_cell_RNA,X_hvg_native_shift,evaluation,"[('L-Eflornithine (monohydrochloride)', 5.0, 'uM')]",17
26f0de8edd8499cff060,Carbamazepine,0.05,FFGPTBGBLSHEPO,plate10,NCI-H596,24.0,single_cell_RNA,X_hvg_native_shift,evaluation,"[('Carbamazepine', 0.05, 'uM')]",14
30c6d68428d199ef14e5,Carbamazepine,0.5,FFGPTBGBLSHEPO,plate11,NCI-H596,24.0,single_cell_RNA,X_hvg_native_shift,evaluation,"[('Carbamazepine', 0.5, 'uM')]",25
31622d8c164db556cb31,Carbamazepine,5.0,FFGPTBGBLSHEPO,plate12,NCI-H596,24.0,single_cell_RNA,X_hvg_native_shift,evaluation,"[('Carbamazepine', 5.0, 'uM')]",10
f7a39e931eeae86f891d,GSK1059615,0.05,QDITZBLZQQZVEE,plate1,NCI-H596,24.0,single_cell_RNA,X_hvg_native_shift,evaluation,"[('GSK1059615', 0.05, 'uM')]",30
a6af377fe9a54333cca3,GSK1059615,0.5,QDITZBLZQQZVEE,plate2,NCI-H596,24.0,single_cell_RNA,X_hvg_native_shift,evaluation,"[('GSK1059615', 0.5, 'uM')]",27
2746d4ee029de809dda5,GSK1059615,5.0,QDITZBLZQQZVEE,plate3,NCI-H596,24.0,single_cell_RNA,X_hvg_native_shift,evaluation,"[('GSK1059615', 5.0, 'uM')]",27
4ccd54dc7d68659e79e9,Diammonium Glycyrrhizinate,0.05,LPLVUJXQOOQHMX,plate4,NCI-H596,24.0,single_cell_RNA,X_hvg_native_shift,evaluation,"[('Diammonium Glycyrrhizinate', 0.05, 'uM')]",33
4b33c6a067dd88f7cd40,Diammonium Glycyrrhizinate,0.5,LPLVUJXQOOQHMX,plate5,NCI-H596,24.0,single_cell_RNA,X_hvg_native_shift,evaluation,"[('Diammonium Glycyrrhizinate', 0.5, 'uM')]",32
d92da96a2b1d56eba61c,Diammonium Glycyrrhizinate,5.0,LPLVUJXQOOQHMX,plate14,NCI-H596,24.0,single_cell_RNA,X_hvg_native_shift,evaluation,"[('Diammonium Glycyrrhizinate', 5.0, 'uM')]",38
708bc12940e3c311b7ba,Dexamethasone,0.05,UREBDLICKHMUKA,plate10,NCI-H596,24.0,single_cell_RNA,X_hvg_native_shift,evaluation,"[('Dexamethasone', 0.05, 'uM')]",10
ca69a1d674ee22437173,Dexamethasone,0.5,UREBDLICKHMUKA,plate11,NCI-H596,24.0,single_cell_RNA,X_hvg_native_shift,evaluation,"[('Dexamethasone', 0.5, 'uM')]",16
26a2b2c307be273cbe62,Dexamethasone,5.0,UREBDLICKHMUKA,plate12,NCI-H596,24.0,single_cell_RNA,X_hvg_native_shift,evaluation,"[('Dexamethasone', 5.0, 'uM')]",10
270705de50301e893512,Sodium Salicylate,0.05,YGSDEFSMJLZEOE,plate4,NCI-H596,24.0,single_cell_RNA,X_hvg_native_shift,evaluation,"[('Sodium Salicylate', 0.05, 'uM')]",21
9d5274394957817cbfaf,Sodium Salicylate,0.5,YGSDEFSMJLZEOE,plate5,NCI-H596,24.0,single_cell_RNA,X_hvg_native_shift,evaluation,"[('Sodium Salicylate', 0.5, 'uM')]",40
2c896e4f0effdb0af462,Sodium Salicylate,5.0,YGSDEFSMJLZEOE,plate14,NCI-H596,24.0,single_cell_RNA,X_hvg_native_shift,evaluation,"[('Sodium Salicylate', 5.0, 'uM')]",36
0b31bc709d2109ef4fe0,Fluvoxamine (maleate),0.05,CJOFXWAVKWHTFT,plate4,NCI-H596,24.0,single_cell_RNA,X_hvg_native_shift,evaluation,"[('Fluvoxamine (maleate)', 0.05, 'uM')]",12
fdb3dfaea17bce77ef19,Fluvoxamine (maleate),0.5,CJOFXWAVKWHTFT,plate5,NCI-H596,24.0,single_cell_RNA,X_hvg_native_shift,evaluation,"[('Fluvoxamine (maleate)', 0.5, 'uM')]",22
11758545fa04e05fb39c,Fluvoxamine (maleate),5.0,CJOFXWAVKWHTFT,plate14,NCI-H596,24.0,single_cell_RNA,X_hvg_native_shift,evaluation,"[('Fluvoxamine (maleate)', 5.0, 'uM')]",20
ff9679313ec746beea14,Bendamustine,0.05,YTKUWDBFDASYHO,plate7,NCI-H596,24.0,single_cell_RNA,X_hvg_native_shift,evaluation,"[('Bendamustine', 0.05, 'uM')]",20
9a76960fc92b34706523,Bendamustine,0.5,YTKUWDBFDASYHO,plate8,NCI-H596,24.0,single_cell_RNA,X_hvg_native_shift,evaluation,"[('Bendamustine', 0.5, 'uM')]",14
62887783c43ef7eee4a0,Bendamustine,5.0,YTKUWDBFDASYHO,plate9,NCI-H596,24.0,single_cell_RNA,X_hvg_native_shift,evaluation,"[('Bendamustine', 5.0, 'uM')]",19
e3356a09356232af6d78,Entrectinib,0.05,HAYYBYPASCDWEQ,plate10,NCI-H596,24.0,single_cell_RNA,X_hvg_native_shift,evaluation,"[('Entrectinib', 0.05, 'uM')]",12
db1557f6282268e15fb5,Entrectinib,0.5,HAYYBYPASCDWEQ,plate11,NCI-H596,24.0,single_cell_RNA,X_hvg_native_shift,evaluation,"[('Entrectinib', 0.5, 'uM')]",41
85f930fc8f9f04704749,Entrectinib,5.0,HAYYBYPASCDWEQ,plate12,NCI-H596,24.0,single_cell_RNA,X_hvg_native_shift,evaluation,"[('Entrectinib', 5.0, 'uM')]",15
2da74a809c18e7014e74,Dorzolamide (hydrochloride),0.05,IAVUPMFITXYVAF,plate7,NCI-H596,24.0,single_cell_RNA,X_hvg_native_shift,evaluation,"[('Dorzolamide (hydrochloride)', 0.05, 'uM')]",53
d470fb3d0f53a9e370af,Dorzolamide (hydrochloride),0.5,IAVUPMFITXYVAF,plate8,NCI-H596,24.0,single_cell_RNA,X_hvg_native_shift,evaluation,"[('Dorzolamide (hydrochloride)', 0.5, 'uM')]",40
60223a4616dabb2c71e1,Dorzolamide (hydrochloride),5.0,IAVUPMFITXYVAF,plate9,NCI-H596,24.0,single_cell_RNA,X_hvg_native_shift,evaluation,"[('Dorzolamide (hydrochloride)', 5.0, 'uM')]",21
7141b697a57a5d04bb97,Mitoxantrone (dihydrochloride),0.05,KKZJGLLVHKMTCM,plate4,NCI-H596,24.0,single_cell_RNA,X_hvg_native_shift,evaluation,"[('Mitoxantrone (dihydrochloride)', 0.05, 'uM')]",13
8c2d3a72a4c9292e0808,Mitoxantrone (dihydrochloride),0.5,KKZJGLLVHKMTCM,plate5,NCI-H596,24.0,single_cell_RNA,X_hvg_native_shift,evaluation,"[('Mitoxantrone (dihydrochloride)', 0.5, 'uM')]",25
7d1b06da5ac8d1f9dd54,Mitoxantrone (dihydrochloride),5.0,KKZJGLLVHKMTCM,plate14,NCI-H596,24.0,single_cell_RNA,X_hvg_native_shift,evaluation,"[('Mitoxantrone (dihydrochloride)', 5.0, 'uM')]",14
