condition_id,drug,dose_uM,chemical_group,plate,cell,time_hours,assay,readout,split,label,n_cells,world_reference,world_state,observed_magnitude
9ebe770d0361f75f74c8,Levobupivacaine (hydrochloride),0.05,LEBVLXFERQHONN,plate7,NCI-H596,24.0,single_cell_RNA,X_hvg_native_shift,train,"[('Levobupivacaine (hydrochloride)', 0.05, 'uM')]",26,0.09352020786322006,0.09224701193151187,0.09243101626634598
f9c0afc53256657e93a9,Levobupivacaine (hydrochloride),0.5,LEBVLXFERQHONN,plate8,NCI-H596,24.0,single_cell_RNA,X_hvg_native_shift,train,"[('Levobupivacaine (hydrochloride)', 0.5, 'uM')]",30,0.08535149615677598,0.08206091295158985,0.08235599100589752
8502a1966f2c38109b15,Levobupivacaine (hydrochloride),5.0,LEBVLXFERQHONN,plate9,NCI-H596,24.0,single_cell_RNA,X_hvg_native_shift,train,"[('Levobupivacaine (hydrochloride)', 5.0, 'uM')]",20,0.09142799735626869,0.08447656947727239,0.08330275863409042
fa0c5b2f5f7ff6d210bd,Menadione,0.05,MJVAVZPDRWSRRC,plate7,NCI-H596,24.0,single_cell_RNA,X_hvg_native_shift,train,"[('Menadione', 0.05, 'uM')]",19,0.10447965759465312,0.10258760302683168,0.09548082947731018
2f7697c49e6dc09776e4,Menadione,0.5,MJVAVZPDRWSRRC,plate8,NCI-H596,24.0,single_cell_RNA,X_hvg_native_shift,train,"[('Menadione', 0.5, 'uM')]",9,0.09631094588820906,0.09954769480416581,0.10492406785488129
cf08b1aa3be4e261149d,Menadione,5.0,MJVAVZPDRWSRRC,plate9,NCI-H596,24.0,single_cell_RNA,X_hvg_native_shift,train,"[('Menadione', 5.0, 'uM')]",8,0.10238744708770176,0.10712124437622488,0.1151185929775238
052dc3de4f517e68b641,Lenalidomide (hemihydrate),0.05,GOTYRUGSSMKFNF,plate4,NCI-H596,24.0,single_cell_RNA,X_hvg_native_shift,train,"[('Lenalidomide (hemihydrate)', 0.05, 'uM')]",16,0.10347459406560876,0.10232425817859556,0.11140438914299011
6710a55ba348c2a07ca4,Lenalidomide (hemihydrate),0.5,GOTYRUGSSMKFNF,plate5,NCI-H596,24.0,single_cell_RNA,X_hvg_native_shift,train,"[('Lenalidomide (hemihydrate)', 0.5, 'uM')]",34,0.09530588235916468,0.09426061523612146,0.08391876518726349
cc022cdffbe6c622407b,Lenalidomide (hemihydrate),5.0,GOTYRUGSSMKFNF,plate14,NCI-H596,24.0,single_cell_RNA,X_hvg_native_shift,train,"[('Lenalidomide (hemihydrate)', 5.0, 'uM')]",25,0.10138238355865738,0.10782506096976524,0.10909214615821838
7d336b9f3609df91ac4b,Ixazomib,0.05,MXAYKZJJDUDWDS,plate1,NCI-H596,24.0,single_cell_RNA,X_hvg_native_shift,train,"[('Ixazomib', 0.05, 'uM')]",7,0.11184861135138811,0.1306709037535633,0.14125114679336548
d3e3dfece152d6539a9e,Ixazomib,0.5,MXAYKZJJDUDWDS,plate2,NCI-H596,24.0,single_cell_RNA,X_hvg_native_shift,train,"[('Ixazomib', 0.5, 'uM')]",15,0.10367989964494405,0.11960920904444691,0.11632071435451508
ac037dd91f4ff1df1539,Ixazomib,5.0,MXAYKZJJDUDWDS,plate3,NCI-H596,24.0,single_cell_RNA,X_hvg_native_shift,train,"[('Ixazomib', 5.0, 'uM')]",30,0.10975640084443675,0.08994800829639292,0.0849401205778122
fc967c85bcb1ecee6618,Nafamostat (mesylate),0.05,MQQNFDZXWVTQEH,plate10,NCI-H596,24.0,single_cell_RNA,X_hvg_native_shift,train,"[('Nafamostat (mesylate)', 0.05, 'uM')]",19,0.09681554935919687,0.09293603593485518,0.08772414177656174
82540826fc8ef205631c,Nafamostat (mesylate),0.5,MQQNFDZXWVTQEH,plate11,NCI-H596,24.0,single_cell_RNA,X_hvg_native_shift,train,"[('Nafamostat (mesylate)', 0.5, 'uM')]",27,0.0886468376527528,0.08158143471701762,0.08512487262487411
d8217167de1335d3ef2c,Nafamostat (mesylate),5.0,MQQNFDZXWVTQEH,plate12,NCI-H596,24.0,single_cell_RNA,X_hvg_native_shift,train,"[('Nafamostat (mesylate)', 5.0, 'uM')]",43,0.09472333885224551,0.09649735466756351,0.09323747456073761
d03d1215a4e810c54a9c,Delamanid,0.05,XDAOLTSRNUSPPH,plate10,NCI-H596,24.0,single_cell_RNA,X_hvg_native_shift,train,"[('Delamanid', 0.05, 'uM')]",16,0.10129781203867598,0.10447356522305885,0.10896557569503784
da6406f29e25261bb208,Delamanid,0.5,XDAOLTSRNUSPPH,plate11,NCI-H596,24.0,single_cell_RNA,X_hvg_native_shift,train,"[('Delamanid', 0.5, 'uM')]",25,0.09312910033223191,0.08942725339631179,0.08970873802900314
d85e4af516e0e6663e33,Delamanid,5.0,XDAOLTSRNUSPPH,plate12,NCI-H596,24.0,single_cell_RNA,X_hvg_native_shift,train,"[('Delamanid', 5.0, 'uM')]",28,0.09920560153172463,0.10305472724785826,0.09892917424440384
68d68e161a53c389c90c,Fulvestrant,0.05,VWUXBMIQPBEWFH,plate10,NCI-H596,24.0,single_cell_RNA,X_hvg_native_shift,train,"[('Fulvestrant', 0.05, 'uM')]",13,0.10285636846841441,0.10206663506323821,0.09826450049877167
6a561462c5e41fc9cbdb,Fulvestrant,0.5,VWUXBMIQPBEWFH,plate11,NCI-H596,24.0,single_cell_RNA,X_hvg_native_shift,train,"[('Fulvestrant', 0.5, 'uM')]",13,0.09468765676197034,0.0958985974196975,0.10635244101285934
7e3d0c55bae5c2cf778c,Fulvestrant,5.0,VWUXBMIQPBEWFH,plate12,NCI-H596,24.0,single_cell_RNA,X_hvg_native_shift,train,"[('Fulvestrant', 5.0, 'uM')]",32,0.10076415796146304,0.10257932227867962,0.09598062932491302
ef3a6d038e3b799b0dfc,Phenylephrine (hydrochloride),0.05,SONNWYBIRXJNDC,plate10,NCI-H596,24.0,single_cell_RNA,X_hvg_native_shift,train,"[('Phenylephrine (hydrochloride)', 0.05, 'uM')]",20,0.09967585308548113,0.09581242629089429,0.09141051024198532
48832df781f4f320e258,Phenylephrine (hydrochloride),0.5,SONNWYBIRXJNDC,plate11,NCI-H596,24.0,single_cell_RNA,X_hvg_native_shift,train,"[('Phenylephrine (hydrochloride)', 0.5, 'uM')]",37,0.09150714137903707,0.08484885192109691,0.08248811215162277
9381449eefe8ecb55a93,Phenylephrine (hydrochloride),5.0,SONNWYBIRXJNDC,plate12,NCI-H596,24.0,single_cell_RNA,X_hvg_native_shift,train,"[('Phenylephrine (hydrochloride)', 5.0, 'uM')]",16,0.09758364257852978,0.10720471482854609,0.11252596974372864
084ecd1225f5fc097bbe,Topotecan (hydrochloride),0.05,UCFGDBYHRUNTLO,plate13,NCI-H596,24.0,single_cell_RNA,X_hvg_native_shift,train,"[('Topotecan (hydrochloride)', 0.05, 'uM')]",23,0.09649660713290589,0.10318784371716741,0.10573360323905945
2620b77ddb0d28d9d550,Topotecan (hydrochloride),0.5,UCFGDBYHRUNTLO,plate8,NCI-H596,24.0,single_cell_RNA,X_hvg_native_shift,train,"[('Topotecan (hydrochloride)', 0.5, 'uM')]",21,0.08832789542646183,0.08253280824224521,0.0831080749630928
d27488c962bc113a59eb,Topotecan (hydrochloride),5.0,UCFGDBYHRUNTLO,plate9,NCI-H596,24.0,single_cell_RNA,X_hvg_native_shift,train,"[('Topotecan (hydrochloride)', 5.0, 'uM')]",28,0.09440439662595454,0.0886709153189088,0.08532164245843887
f738b3535c5252d59a8d,Naproxen,0.05,CMWTZPSULFXXJA,plate13,NCI-H596,24.0,single_cell_RNA,X_hvg_native_shift,train,"[('Naproxen', 0.05, 'uM')]",45,0.09437349381305171,0.09331344839796532,0.09237567335367203
0cd2970400657232f3e5,Naproxen,0.5,CMWTZPSULFXXJA,plate13,NCI-H596,24.0,single_cell_RNA,X_hvg_native_shift,train,"[('Naproxen', 0.5, 'uM')]",48,0.08620478210660763,0.0910424633954809,0.09135023504495621
60403cd8f5a0d491f20a,Naproxen,5.0,CMWTZPSULFXXJA,plate9,NCI-H596,24.0,single_cell_RNA,X_hvg_native_shift,train,"[('Naproxen', 5.0, 'uM')]",25,0.09228128330610035,0.07985218027567417,0.077846460044384
e0881de58ce52e5d1380,Posaconazole,0.05,RAGOYPUPXAKGKH,plate7,NCI-H596,24.0,single_cell_RNA,X_hvg_native_shift,train,"[('Posaconazole', 0.05, 'uM')]",16,0.09471510001303453,0.09206599797921525,0.09846675395965576
e7962835c3fa98bbbd14,Posaconazole,0.5,RAGOYPUPXAKGKH,plate8,NCI-H596,24.0,single_cell_RNA,X_hvg_native_shift,train,"[('Posaconazole', 0.5, 'uM')]",43,0.08654638830659046,0.077566899906093,0.07040435075759888
75c0b9710e2591e79710,Posaconazole,5.0,RAGOYPUPXAKGKH,plate9,NCI-H596,24.0,single_cell_RNA,X_hvg_native_shift,train,"[('Posaconazole', 5.0, 'uM')]",24,0.09262288950608316,0.08433555022614457,0.08325263112783432
53a69f206f5c629ca005,Nevirapine,0.05,NQDJXKOVJZTUJA,plate7,NCI-H596,24.0,single_cell_RNA,X_hvg_native_shift,train,"[('Nevirapine', 0.05, 'uM')]",23,0.09471595830379052,0.08829915004229527,0.0888366848230362
f6d230b6d49d02df42e6,Nevirapine,0.5,NQDJXKOVJZTUJA,plate8,NCI-H596,24.0,single_cell_RNA,X_hvg_native_shift,train,"[('Nevirapine', 0.5, 'uM')]",24,0.08654724659734646,0.07951275424847609,0.08247639238834381
52a17bd3ccdcde389ac6,Nevirapine,5.0,NQDJXKOVJZTUJA,plate9,NCI-H596,24.0,single_cell_RNA,X_hvg_native_shift,train,"[('Nevirapine', 5.0, 'uM')]",29,0.09262374779683916,0.0846344926488857,0.07849336415529251
dd882de36730f696202f,Bimiralisib,0.05,ADGGYDAFIHSYFI,plate1,NCI-H596,24.0,single_cell_RNA,X_hvg_native_shift,train,"[('Bimiralisib', 0.05, 'uM')]",16,0.10710808050249006,0.11301820258065666,0.10466429591178894
18472be4b04d935caaa2,Bimiralisib,0.5,ADGGYDAFIHSYFI,plate2,NCI-H596,24.0,single_cell_RNA,X_hvg_native_shift,train,"[('Bimiralisib', 0.5, 'uM')]",15,0.09893936879604599,0.12023264339962618,0.12925662100315094
9174165c9b3748157afa,Bimiralisib,5.0,ADGGYDAFIHSYFI,plate3,NCI-H596,24.0,single_cell_RNA,X_hvg_native_shift,train,"[('Bimiralisib', 5.0, 'uM')]",51,0.10501586999553869,0.08605644121680062,0.08536302298307419
34e9e4684372c8760a0b,Dihydroartemisinin,0.05,BJDCWCLMFKKGEE,plate10,NCI-H596,24.0,single_cell_RNA,X_hvg_native_shift,train,"[('Dihydroartemisinin', 0.05, 'uM')]",8,0.10738742660000068,0.11238440970462223,0.1159946396946907
47977d3f052f333bd9db,Dihydroartemisinin,0.5,BJDCWCLMFKKGEE,plate11,NCI-H596,24.0,single_cell_RNA,X_hvg_native_shift,train,"[('Dihydroartemisinin', 0.5, 'uM')]",29,0.0992187148935566,0.0953423703466088,0.08823619037866592
4c8ca3c0c93e47586320,Dihydroartemisinin,5.0,BJDCWCLMFKKGEE,plate12,NCI-H596,24.0,single_cell_RNA,X_hvg_native_shift,train,"[('Dihydroartemisinin', 5.0, 'uM')]",7,0.10529521609304933,0.11952575639277806,0.1277533322572708
ed5cda8a5501b17a89f8,Quinestrol,0.05,PWZUUYSISTUNDW,plate4,NCI-H596,24.0,single_cell_RNA,X_hvg_native_shift,train,"[('Quinestrol', 0.05, 'uM')]",22,0.10079839296020367,0.09949122506526702,0.10118988156318665
0abf6eddf8e720d42f64,Quinestrol,0.5,PWZUUYSISTUNDW,plate5,NCI-H596,24.0,single_cell_RNA,X_hvg_native_shift,train,"[('Quinestrol', 0.5, 'uM')]",38,0.0926296812537596,0.09233088212381026,0.0887482613325119
e55b211e661885a0eb2b,Quinestrol,5.0,PWZUUYSISTUNDW,plate6,NCI-H596,24.0,single_cell_RNA,X_hvg_native_shift,train,"[('Quinestrol', 5.0, 'uM')]",21,0.0987061824532523,0.10119415569575863,0.10226935148239136
b8c54ae111af5f0d438b,Neratinib,0.05,JWNPDZNEKVCWMY,plate10,NCI-H596,24.0,single_cell_RNA,X_hvg_native_shift,train,"[('Neratinib', 0.05, 'uM')]",12,0.09899958274851808,0.09839503948757256,0.10117212682962418
d617e586aef56cbf0676,Neratinib,0.5,JWNPDZNEKVCWMY,plate11,NCI-H596,24.0,single_cell_RNA,X_hvg_native_shift,train,"[('Neratinib', 0.5, 'uM')]",35,0.09083087104207402,0.08644249320829238,0.08227656781673431
caee165ec794e1e43613,Neratinib,5.0,JWNPDZNEKVCWMY,plate12,NCI-H596,24.0,single_cell_RNA,X_hvg_native_shift,train,"[('Neratinib', 5.0, 'uM')]",22,0.09690737224156672,0.10042260851034077,0.10059084743261337
613bf220fc6d3e54a414,Dapagliflozin,0.05,JVHXJTBJCFBINQ,plate10,NCI-H596,24.0,single_cell_RNA,X_hvg_native_shift,train,"[('Dapagliflozin', 0.05, 'uM')]",12,0.10442978893129176,0.10819495636204718,0.11021310091018677
8293a5c0702aa6c7a70f,Dapagliflozin,0.5,JVHXJTBJCFBINQ,plate11,NCI-H596,24.0,single_cell_RNA,X_hvg_native_shift,train,"[('Dapagliflozin', 0.5, 'uM')]",22,0.0962610772248477,0.09461722120966476,0.09541665017604828
cba2ec389b59ab3057ca,Dapagliflozin,5.0,JVHXJTBJCFBINQ,plate12,NCI-H596,24.0,single_cell_RNA,X_hvg_native_shift,train,"[('Dapagliflozin', 5.0, 'uM')]",18,0.1023375784243404,0.1056982869685896,0.10343155264854431
9eda28a02a12645eefed,Lipoic acid,0.05,AGBQKNBQESQNJD,plate4,NCI-H596,24.0,single_cell_RNA,X_hvg_native_shift,train,"[('Lipoic acid', 0.05, 'uM')]",32,0.10302107575596495,0.09957999299195089,0.09150633215904236
25b6e88dc5845e98b7d2,Lipoic acid,0.5,AGBQKNBQESQNJD,plate5,NCI-H596,24.0,single_cell_RNA,X_hvg_native_shift,train,"[('Lipoic acid', 0.5, 'uM')]",23,0.09485236404952088,0.09804198467831231,0.10627428442239761
ff589cb2c34ee437f74a,Lipoic acid,5.0,AGBQKNBQESQNJD,plate14,NCI-H596,24.0,single_cell_RNA,X_hvg_native_shift,train,"[('Lipoic acid', 5.0, 'uM')]",22,0.10092886524901358,0.10633477382153245,0.10651511698961258
6fccc3fbde0387b4ca2d,Vortioxetine,0.05,YQNWZWMKLDQSAC,plate10,NCI-H596,24.0,single_cell_RNA,X_hvg_native_shift,train,"[('Vortioxetine', 0.05, 'uM')]",8,0.11140919854772817,0.11326914289054879,0.11457715928554535
7f5af3a4e8b03af9c786,Vortioxetine,0.5,YQNWZWMKLDQSAC,plate11,NCI-H596,24.0,single_cell_RNA,X_hvg_native_shift,train,"[('Vortioxetine', 0.5, 'uM')]",26,0.1032404868412841,0.09733405069029527,0.08915644139051437
69156700701e663c4706,Vortioxetine,5.0,YQNWZWMKLDQSAC,plate12,NCI-H596,24.0,single_cell_RNA,X_hvg_native_shift,train,"[('Vortioxetine', 5.0, 'uM')]",8,0.1093169880407768,0.12702164929059512,0.13668137788772583
a923cebd82e01d31eb36,Selinexor ,0.05,DEVSOMFAQLZNKR,plate4,NCI-H596,24.0,single_cell_RNA,X_hvg_native_shift,train,"[('Selinexor ', 0.05, 'uM')]",26,0.10406747008253593,0.09948891179755459,0.0954475924372673
43d44ce42870f8d66891,Selinexor ,0.5,DEVSOMFAQLZNKR,plate5,NCI-H596,24.0,single_cell_RNA,X_hvg_native_shift,train,"[('Selinexor ', 0.5, 'uM')]",21,0.09589875837609187,0.1010445479775184,0.10572148114442825
68440997733afd608a47,Selinexor ,5.0,DEVSOMFAQLZNKR,plate6,NCI-H596,24.0,single_cell_RNA,X_hvg_native_shift,train,"[('Selinexor ', 5.0, 'uM')]",35,0.10197525957558458,0.10532111189816282,0.10566027462482452
0d3b91081d6d34817c91,Ornidazole,0.05,IPWKIXLWTCNBKN,plate13,NCI-H596,24.0,single_cell_RNA,X_hvg_native_shift,train,"[('Ornidazole', 0.05, 'uM')]",26,0.10395495144411249,0.10385271997046103,0.1036461815237999
c327bd1f45a062f2c039,Ornidazole,0.5,IPWKIXLWTCNBKN,plate13,NCI-H596,24.0,single_cell_RNA,X_hvg_native_shift,train,"[('Ornidazole', 0.5, 'uM')]",21,0.09578623973766842,0.10408235371027348,0.10456370562314987
d6b233f9616a4a9cecfd,Ornidazole,5.0,IPWKIXLWTCNBKN,plate13,NCI-H596,24.0,single_cell_RNA,X_hvg_native_shift,train,"[('Ornidazole', 5.0, 'uM')]",30,0.10186274093716112,0.10157432205676543,0.10136597603559494
15765af53f4cefb40837,Methyl aminolevulinate (hydrochloride),0.05,YUUAYBAIHCDHHD,plate10,NCI-H596,24.0,single_cell_RNA,X_hvg_native_shift,train,"[('Methyl aminolevulinate (hydrochloride)', 0.05, 'uM')]",11,0.10390743540934873,0.10795452889245102,0.11269621551036835
61f10c4347efbd3f7124,Methyl aminolevulinate (hydrochloride),0.5,YUUAYBAIHCDHHD,plate11,NCI-H596,24.0,single_cell_RNA,X_hvg_native_shift,train,"[('Methyl aminolevulinate (hydrochloride)', 0.5, 'uM')]",22,0.09573872370290466,0.09172677977600668,0.09470020234584808
336521f1dc0b82223c08,Methyl aminolevulinate (hydrochloride),5.0,YUUAYBAIHCDHHD,plate12,NCI-H596,24.0,single_cell_RNA,X_hvg_native_shift,train,"[('Methyl aminolevulinate (hydrochloride)', 5.0, 'uM')]",21,0.10181522490239736,0.10847467696842078,0.10326327383518219
34fbdb4a60616c72e109,Budesonide,0.05,VOVIALXJUBGFJZ,plate10,NCI-H596,24.0,single_cell_RNA,X_hvg_native_shift,train,"[('Budesonide', 0.05, 'uM')]",25,0.09877273484496757,0.09724750020298172,0.09106748551130295
7d7b0f5e141034dc6ce3,Budesonide,0.5,VOVIALXJUBGFJZ,plate11,NCI-H596,24.0,single_cell_RNA,X_hvg_native_shift,train,"[('Budesonide', 0.5, 'uM')]",28,0.0906040231385235,0.083992213074176,0.08624701201915741
f1accecf5c5bf1c47532,Budesonide,5.0,VOVIALXJUBGFJZ,plate12,NCI-H596,24.0,single_cell_RNA,X_hvg_native_shift,train,"[('Budesonide', 5.0, 'uM')]",19,0.09668052433801622,0.10278078013997935,0.10513351857662201
284545ef6abc675246b5,Docetaxel (Trihydrate),0.05,ZDZOTLJHXYCWBA,plate7,NCI-H596,24.0,single_cell_RNA,X_hvg_native_shift,train,"[('Docetaxel (Trihydrate)', 0.05, 'uM')]",30,0.0906527769019295,0.08614011045204564,0.08610272407531738
37684c128b1bc875cc58,Docetaxel (Trihydrate),0.5,ZDZOTLJHXYCWBA,plate8,NCI-H596,24.0,single_cell_RNA,X_hvg_native_shift,train,"[('Docetaxel (Trihydrate)', 0.5, 'uM')]",49,0.08248406519548543,0.07722183872069718,0.07093717157840729
b0f7676ecdc1cdc3f797,Docetaxel (Trihydrate),5.0,ZDZOTLJHXYCWBA,plate9,NCI-H596,24.0,single_cell_RNA,X_hvg_native_shift,train,"[('Docetaxel (Trihydrate)', 5.0, 'uM')]",22,0.08856056639497813,0.08368484124616922,0.0880642682313919
5384a6602378a557fe01,Valdecoxib,0.05,LNPDTQAFDNKSHK,plate10,NCI-H596,24.0,single_cell_RNA,X_hvg_native_shift,development,"[('Valdecoxib', 0.05, 'uM')]",7,0.10092270055023789,0.10655610177764059,0.13086962699890137
20d6f8188a6d039781e4,Valdecoxib,0.5,LNPDTQAFDNKSHK,plate11,NCI-H596,24.0,single_cell_RNA,X_hvg_native_shift,development,"[('Valdecoxib', 0.5, 'uM')]",17,0.09275398884379382,0.0926566803851552,0.09774763137102127
2143c675cb7af1ee94ee,Valdecoxib,5.0,LNPDTQAFDNKSHK,plate12,NCI-H596,24.0,single_cell_RNA,X_hvg_native_shift,development,"[('Valdecoxib', 5.0, 'uM')]",10,0.09883049004328652,0.10649642405180727,0.11524169892072678
67fa8bb93f5df1dbef37,Clofarabine,0.05,WDDPHFBMKLOVOX,plate7,NCI-H596,24.0,single_cell_RNA,X_hvg_native_shift,development,"[('Clofarabine', 0.05, 'uM')]",25,0.10197327404797041,0.09405556861596474,0.08761171996593475
e41cf64a099ad0417829,Clofarabine,0.5,WDDPHFBMKLOVOX,plate8,NCI-H596,24.0,single_cell_RNA,X_hvg_native_shift,development,"[('Clofarabine', 0.5, 'uM')]",6,0.09380456234152634,0.08426994394922362,0.14704439043998718
0dfb4aea8639f6383fe5,Clofarabine,5.0,WDDPHFBMKLOVOX,plate9,NCI-H596,24.0,single_cell_RNA,X_hvg_native_shift,development,"[('Clofarabine', 5.0, 'uM')]",5,0.09988106354101906,0.09349048669842842,0.13915278017520905
6f5872042aa628f18867,Vilanterol,0.05,DAFYYTQWSAWIGS,plate4,NCI-H596,24.0,single_cell_RNA,X_hvg_native_shift,development,"[('Vilanterol', 0.05, 'uM')]",8,0.1009278169283712,0.09955255565516814,0.14017967879772186
3ff1880482f57767aff4,Vilanterol,0.5,DAFYYTQWSAWIGS,plate5,NCI-H596,24.0,single_cell_RNA,X_hvg_native_shift,development,"[('Vilanterol', 0.5, 'uM')]",19,0.09275910522192714,0.09370717338189502,0.1005978062748909
cc108b9634f12eeb0742,Vilanterol,5.0,DAFYYTQWSAWIGS,plate14,NCI-H596,24.0,single_cell_RNA,X_hvg_native_shift,development,"[('Vilanterol', 5.0, 'uM')]",40,0.09883560642141984,0.10354135082552375,0.10495017468929291
fbf2da4ad100e005031f,Raltitrexed,0.05,IVTVGDXNLFLDRM,plate4,NCI-H596,24.0,single_cell_RNA,X_hvg_native_shift,development,"[('Raltitrexed', 0.05, 'uM')]",15,0.10092578295283929,0.10329092782949427,0.11076788604259491
e99904e509b10223ace3,Raltitrexed,0.5,IVTVGDXNLFLDRM,plate5,NCI-H596,24.0,single_cell_RNA,X_hvg_native_shift,development,"[('Raltitrexed', 0.5, 'uM')]",16,0.09275707124639522,0.09711545351511656,0.11054874956607819
3cfe03160326230efebf,Raltitrexed,5.0,IVTVGDXNLFLDRM,plate14,NCI-H596,24.0,single_cell_RNA,X_hvg_native_shift,development,"[('Raltitrexed', 5.0, 'uM')]",23,0.09883357244588793,0.10774662718808768,0.10849211364984512
194e63d7d73a646278f2,Tazarotene,0.05,OGQICQVSFDPSEI,plate10,NCI-H596,24.0,single_cell_RNA,X_hvg_native_shift,development,"[('Tazarotene', 0.05, 'uM')]",30,0.10079603059735348,0.10247070995110966,0.08543853461742401
30f3a4d98c49a19330f0,Tazarotene,0.5,OGQICQVSFDPSEI,plate11,NCI-H596,24.0,single_cell_RNA,X_hvg_native_shift,development,"[('Tazarotene', 0.5, 'uM')]",49,0.0926273188909094,0.0869102223641019,0.08157635480165482
57941ef89895321c4236,Tazarotene,5.0,OGQICQVSFDPSEI,plate12,NCI-H596,24.0,single_cell_RNA,X_hvg_native_shift,development,"[('Tazarotene', 5.0, 'uM')]",29,0.09870382009040211,0.10361491816706452,0.09452264755964279
10cd7afda7771af1bdbc,Crizotinib (hydrochloride),0.05,KTEIFNKAUNYNJU,plate10,NCI-H596,24.0,single_cell_RNA,X_hvg_native_shift,development,"[('Crizotinib (hydrochloride)', 0.05, 'uM')]",14,0.10111152100489502,0.10338006823410964,0.0995105728507042
1c58a3bdceb56288f647,Crizotinib (hydrochloride),0.5,KTEIFNKAUNYNJU,plate11,NCI-H596,24.0,single_cell_RNA,X_hvg_native_shift,development,"[('Crizotinib (hydrochloride)', 0.5, 'uM')]",20,0.09294280929845096,0.08895434830392157,0.0901818498969078
398f4d7eda8912825367,Crizotinib (hydrochloride),5.0,KTEIFNKAUNYNJU,plate12,NCI-H596,24.0,single_cell_RNA,X_hvg_native_shift,development,"[('Crizotinib (hydrochloride)', 5.0, 'uM')]",35,0.09901931049794367,0.1035680809769987,0.09694527834653854
5cb1b4b5543d3ba4ea28,Volasertib,0.05,SXNJFOWDRLKDSF,plate1,NCI-H596,24.0,single_cell_RNA,X_hvg_native_shift,calibration,"[('Volasertib', 0.05, 'uM')]",17,0.10004858272441694,0.11642230860611055,0.10178117454051971
55619fb367cd50b09735,Volasertib,0.5,SXNJFOWDRLKDSF,plate2,NCI-H596,24.0,single_cell_RNA,X_hvg_native_shift,calibration,"[('Volasertib', 0.5, 'uM')]",7,0.09187987101797288,0.1157192737554597,0.1488306075334549
902e5fb222eb37041682,Volasertib,5.0,SXNJFOWDRLKDSF,plate3,NCI-H596,24.0,single_cell_RNA,X_hvg_native_shift,calibration,"[('Volasertib', 5.0, 'uM')]",23,0.09795637221746557,0.08276753360721617,0.09408308565616608
1ad05f5dfda9b24b4e69,Acetohexamide,0.05,VGZSUPCWNCWDAN,plate4,NCI-H596,24.0,single_cell_RNA,X_hvg_native_shift,calibration,"[('Acetohexamide', 0.05, 'uM')]",24,0.10064343505789722,0.10189728867167694,0.08936024457216263
35455c055a418a736f9e,Acetohexamide,0.5,VGZSUPCWNCWDAN,plate5,NCI-H596,24.0,single_cell_RNA,X_hvg_native_shift,calibration,"[('Acetohexamide', 0.5, 'uM')]",21,0.09247472335145315,0.095735289969573,0.1020815521478653
814a09bd3c1ec48af8d3,Acetohexamide,5.0,VGZSUPCWNCWDAN,plate14,NCI-H596,24.0,single_cell_RNA,X_hvg_native_shift,calibration,"[('Acetohexamide', 5.0, 'uM')]",29,0.09855122455094585,0.10901557447570412,0.10592696070671082
5e99618e47d7943d6fe0,Afatinib,0.05,ULXXDDBFHOBEHA,plate7,NCI-H596,24.0,single_cell_RNA,X_hvg_native_shift,calibration,"[('Afatinib', 0.05, 'uM')]",36,0.09957287212097635,0.08992532665214432,0.08581908047199249
12639c5c64c3640c5173,Afatinib,0.5,ULXXDDBFHOBEHA,plate8,NCI-H596,24.0,single_cell_RNA,X_hvg_native_shift,calibration,"[('Afatinib', 0.5, 'uM')]",41,0.09140416041453228,0.07979880900368559,0.07941129058599472
9cc1bf327d132aa53db6,Afatinib,5.0,ULXXDDBFHOBEHA,plate3,NCI-H596,24.0,single_cell_RNA,X_hvg_native_shift,calibration,"[('Afatinib', 5.0, 'uM')]",28,0.09748066161402498,0.07942659310436119,0.08762023597955704
ab32dd9f52a83d3c13f3,ML264,0.05,AJCDZIDKYKCOMZ,plate1,NCI-H596,24.0,single_cell_RNA,X_hvg_native_shift,calibration,"[('ML264', 0.05, 'uM')]",18,0.10118526401536788,0.11590091725535114,0.10355090349912643
e809db37899795b18f48,ML264,0.5,AJCDZIDKYKCOMZ,plate2,NCI-H596,24.0,single_cell_RNA,X_hvg_native_shift,calibration,"[('ML264', 0.5, 'uM')]",36,0.09301655230892382,0.11304988756174932,0.10227302461862564
b6db7d0d57fbc6de9d22,ML264,5.0,AJCDZIDKYKCOMZ,plate3,NCI-H596,24.0,single_cell_RNA,X_hvg_native_shift,calibration,"[('ML264', 5.0, 'uM')]",25,0.09909305350841652,0.08488299772254929,0.0899229496717453
eab7ad812c061a0e27b4,IQ 1,0.05,ALJIEVIJBAJISI,plate1,NCI-H596,24.0,single_cell_RNA,X_hvg_native_shift,calibration,"[('IQ 1', 0.05, 'uM')]",14,0.10111837075228858,0.11729698300646957,0.11147712916135788
9f3c6bce544cab3e5e65,IQ 1,0.5,ALJIEVIJBAJISI,plate2,NCI-H596,24.0,single_cell_RNA,X_hvg_native_shift,calibration,"[('IQ 1', 0.5, 'uM')]",12,0.09294965904584451,0.11491498675448546,0.12210451066493988
3a781340f98a92ab7723,IQ 1,5.0,ALJIEVIJBAJISI,plate3,NCI-H596,24.0,single_cell_RNA,X_hvg_native_shift,calibration,"[('IQ 1', 5.0, 'uM')]",19,0.09902616024533721,0.08320680162671235,0.09110134840011597
fd5185f8e8dd7cc4bbdc,Temsirolimus,0.05,CBPNZQVSJQDFBE,plate4,NCI-H596,24.0,single_cell_RNA,X_hvg_native_shift,calibration,"[('Temsirolimus', 0.05, 'uM')]",17,0.10033031618087553,0.09736644459000979,0.10278504341840744
237ecaf6ab334107d920,Temsirolimus,0.5,CBPNZQVSJQDFBE,plate5,NCI-H596,24.0,single_cell_RNA,X_hvg_native_shift,calibration,"[('Temsirolimus', 0.5, 'uM')]",27,0.09216160447443145,0.09610424876906615,0.11188606172800064
6176e44166af45ae321f,Temsirolimus,5.0,CBPNZQVSJQDFBE,plate14,NCI-H596,24.0,single_cell_RNA,X_hvg_native_shift,calibration,"[('Temsirolimus', 5.0, 'uM')]",40,0.09823810567392416,0.10948918055074987,0.09768037497997284
29db0c03e7a0100c99a9,Penfluridol,0.05,MDLAAYDRRZXJIF,plate7,NCI-H596,24.0,single_cell_RNA,X_hvg_native_shift,evaluation,"[('Penfluridol', 0.05, 'uM')]",41,0.10108936021526523,0.09272382886317637,0.07912486046552658
17052b27251416946fa9,Penfluridol,0.5,MDLAAYDRRZXJIF,plate8,NCI-H596,24.0,single_cell_RNA,X_hvg_native_shift,evaluation,"[('Penfluridol', 0.5, 'uM')]",10,0.09292064850882115,0.08188448568596783,0.10169848799705505
7ced180236e54f7383b2,Penfluridol,5.0,MDLAAYDRRZXJIF,plate9,NCI-H596,24.0,single_cell_RNA,X_hvg_native_shift,evaluation,"[('Penfluridol', 5.0, 'uM')]",10,0.09899714970831386,0.09128284114450003,0.11149304360151291
28041348951a1d9d0349,L-Eflornithine (monohydrochloride),0.05,VLCYCQAOQCDTCN,plate10,NCI-H596,24.0,single_cell_RNA,X_hvg_native_shift,evaluation,"[('L-Eflornithine (monohydrochloride)', 0.05, 'uM')]",60,0.10235581671224012,0.10412002179007578,0.07958157360553741
f1b350617c8352ae8292,L-Eflornithine (monohydrochloride),0.5,VLCYCQAOQCDTCN,plate11,NCI-H596,24.0,single_cell_RNA,X_hvg_native_shift,evaluation,"[('L-Eflornithine (monohydrochloride)', 0.5, 'uM')]",32,0.09418710500579605,0.08972996600475518,0.09060721099376678
8ba852bb3f6e6269f212,L-Eflornithine (monohydrochloride),5.0,VLCYCQAOQCDTCN,plate12,NCI-H596,24.0,single_cell_RNA,X_hvg_native_shift,evaluation,"[('L-Eflornithine (monohydrochloride)', 5.0, 'uM')]",17,0.10026360620528876,0.1082893135959999,0.11752767115831375
26f0de8edd8499cff060,Carbamazepine,0.05,FFGPTBGBLSHEPO,plate10,NCI-H596,24.0,single_cell_RNA,X_hvg_native_shift,evaluation,"[('Carbamazepine', 0.05, 'uM')]",14,0.1018244952687402,0.1046250944937141,0.10241996496915817
30c6d68428d199ef14e5,Carbamazepine,0.5,FFGPTBGBLSHEPO,plate11,NCI-H596,24.0,single_cell_RNA,X_hvg_native_shift,evaluation,"[('Carbamazepine', 0.5, 'uM')]",25,0.09365578356229612,0.089445669878261,0.0862199142575264
31622d8c164db556cb31,Carbamazepine,5.0,FFGPTBGBLSHEPO,plate12,NCI-H596,24.0,single_cell_RNA,X_hvg_native_shift,evaluation,"[('Carbamazepine', 5.0, 'uM')]",10,0.09973228476178883,0.10658663480961356,0.1306789517402649
f7a39e931eeae86f891d,GSK1059615,0.05,QDITZBLZQQZVEE,plate1,NCI-H596,24.0,single_cell_RNA,X_hvg_native_shift,evaluation,"[('GSK1059615', 0.05, 'uM')]",30,0.10228005922100555,0.11693529453852537,0.09409727156162262
a6af377fe9a54333cca3,GSK1059615,0.5,QDITZBLZQQZVEE,plate2,NCI-H596,24.0,single_cell_RNA,X_hvg_native_shift,evaluation,"[('GSK1059615', 0.5, 'uM')]",27,0.09411134751456149,0.11267855120697737,0.1165633499622345
2746d4ee029de809dda5,GSK1059615,5.0,QDITZBLZQQZVEE,plate3,NCI-H596,24.0,single_cell_RNA,X_hvg_native_shift,evaluation,"[('GSK1059615', 5.0, 'uM')]",27,0.10018784871405419,0.08314202153815214,0.08162754029035568
4ccd54dc7d68659e79e9,Diammonium Glycyrrhizinate,0.05,LPLVUJXQOOQHMX,plate4,NCI-H596,24.0,single_cell_RNA,X_hvg_native_shift,evaluation,"[('Diammonium Glycyrrhizinate', 0.05, 'uM')]",33,0.10100055070763714,0.10443457016245064,0.08668120205402374
4b33c6a067dd88f7cd40,Diammonium Glycyrrhizinate,0.5,LPLVUJXQOOQHMX,plate5,NCI-H596,24.0,single_cell_RNA,X_hvg_native_shift,evaluation,"[('Diammonium Glycyrrhizinate', 0.5, 'uM')]",32,0.09283183900119306,0.09561288008067642,0.09822052717208862
d92da96a2b1d56eba61c,Diammonium Glycyrrhizinate,5.0,LPLVUJXQOOQHMX,plate14,NCI-H596,24.0,single_cell_RNA,X_hvg_native_shift,evaluation,"[('Diammonium Glycyrrhizinate', 5.0, 'uM')]",38,0.09890834020068576,0.10856583211441373,0.10136480629444122
708bc12940e3c311b7ba,Dexamethasone,0.05,UREBDLICKHMUKA,plate10,NCI-H596,24.0,single_cell_RNA,X_hvg_native_shift,evaluation,"[('Dexamethasone', 0.05, 'uM')]",10,0.09940986867795812,0.1010655207634355,0.11522141844034195
ca69a1d674ee22437173,Dexamethasone,0.5,UREBDLICKHMUKA,plate11,NCI-H596,24.0,single_cell_RNA,X_hvg_native_shift,evaluation,"[('Dexamethasone', 0.5, 'uM')]",16,0.09124115697151405,0.08935715833002361,0.1026310995221138
26a2b2c307be273cbe62,Dexamethasone,5.0,UREBDLICKHMUKA,plate12,NCI-H596,24.0,single_cell_RNA,X_hvg_native_shift,evaluation,"[('Dexamethasone', 5.0, 'uM')]",10,0.09731765817100677,0.10850704665964492,0.12974831461906433
270705de50301e893512,Sodium Salicylate,0.05,YGSDEFSMJLZEOE,plate4,NCI-H596,24.0,single_cell_RNA,X_hvg_native_shift,evaluation,"[('Sodium Salicylate', 0.05, 'uM')]",21,0.10158758464309353,0.09965947917322678,0.09512465447187424
9d5274394957817cbfaf,Sodium Salicylate,0.5,YGSDEFSMJLZEOE,plate5,NCI-H596,24.0,single_cell_RNA,X_hvg_native_shift,evaluation,"[('Sodium Salicylate', 0.5, 'uM')]",40,0.09341887293664945,0.09511222245805047,0.09908400475978851
2c896e4f0effdb0af462,Sodium Salicylate,5.0,YGSDEFSMJLZEOE,plate14,NCI-H596,24.0,single_cell_RNA,X_hvg_native_shift,evaluation,"[('Sodium Salicylate', 5.0, 'uM')]",36,0.09949537413614218,0.10654902632395546,0.10607495903968811
0b31bc709d2109ef4fe0,Fluvoxamine (maleate),0.05,CJOFXWAVKWHTFT,plate4,NCI-H596,24.0,single_cell_RNA,X_hvg_native_shift,evaluation,"[('Fluvoxamine (maleate)', 0.05, 'uM')]",12,0.10126131325877281,0.09570965587720257,0.12248867005109787
fdb3dfaea17bce77ef19,Fluvoxamine (maleate),0.5,CJOFXWAVKWHTFT,plate5,NCI-H596,24.0,single_cell_RNA,X_hvg_native_shift,evaluation,"[('Fluvoxamine (maleate)', 0.5, 'uM')]",22,0.09309260155232875,0.09444825492058098,0.09717424213886261
11758545fa04e05fb39c,Fluvoxamine (maleate),5.0,CJOFXWAVKWHTFT,plate14,NCI-H596,24.0,single_cell_RNA,X_hvg_native_shift,evaluation,"[('Fluvoxamine (maleate)', 5.0, 'uM')]",20,0.09916910275182145,0.10548522156066067,0.11236109584569931
ff9679313ec746beea14,Bendamustine,0.05,YTKUWDBFDASYHO,plate7,NCI-H596,24.0,single_cell_RNA,X_hvg_native_shift,evaluation,"[('Bendamustine', 0.05, 'uM')]",20,0.10118454636159871,0.09056631434340764,0.09970497339963913
9a76960fc92b34706523,Bendamustine,0.5,YTKUWDBFDASYHO,plate8,NCI-H596,24.0,single_cell_RNA,X_hvg_native_shift,evaluation,"[('Bendamustine', 0.5, 'uM')]",14,0.09301583465515464,0.08354754747486116,0.08586640655994415
62887783c43ef7eee4a0,Bendamustine,5.0,YTKUWDBFDASYHO,plate9,NCI-H596,24.0,single_cell_RNA,X_hvg_native_shift,evaluation,"[('Bendamustine', 5.0, 'uM')]",19,0.09909233585464734,0.09029657678183924,0.08411511033773422
e3356a09356232af6d78,Entrectinib,0.05,HAYYBYPASCDWEQ,plate10,NCI-H596,24.0,single_cell_RNA,X_hvg_native_shift,evaluation,"[('Entrectinib', 0.05, 'uM')]",12,0.10066090587817059,0.09998966106007692,0.10809984058141708
db1557f6282268e15fb5,Entrectinib,0.5,HAYYBYPASCDWEQ,plate11,NCI-H596,24.0,single_cell_RNA,X_hvg_native_shift,evaluation,"[('Entrectinib', 0.5, 'uM')]",41,0.09249219417172651,0.08966008303048423,0.07976626604795456
85f930fc8f9f04704749,Entrectinib,5.0,HAYYBYPASCDWEQ,plate12,NCI-H596,24.0,single_cell_RNA,X_hvg_native_shift,evaluation,"[('Entrectinib', 5.0, 'uM')]",15,0.0985686953712192,0.10828172275098824,0.1078035905957222
2da74a809c18e7014e74,Dorzolamide (hydrochloride),0.05,IAVUPMFITXYVAF,plate7,NCI-H596,24.0,single_cell_RNA,X_hvg_native_shift,evaluation,"[('Dorzolamide (hydrochloride)', 0.05, 'uM')]",53,0.10126538841195887,0.09127291010255181,0.07553162425756454
d470fb3d0f53a9e370af,Dorzolamide (hydrochloride),0.5,IAVUPMFITXYVAF,plate8,NCI-H596,24.0,single_cell_RNA,X_hvg_native_shift,evaluation,"[('Dorzolamide (hydrochloride)', 0.5, 'uM')]",40,0.0930966767055148,0.085292050233237,0.07554429024457932
60223a4616dabb2c71e1,Dorzolamide (hydrochloride),5.0,IAVUPMFITXYVAF,plate9,NCI-H596,24.0,single_cell_RNA,X_hvg_native_shift,evaluation,"[('Dorzolamide (hydrochloride)', 5.0, 'uM')]",21,0.0991731779050075,0.08994858718135787,0.0866580605506897
7141b697a57a5d04bb97,Mitoxantrone (dihydrochloride),0.05,KKZJGLLVHKMTCM,plate4,NCI-H596,24.0,single_cell_RNA,X_hvg_native_shift,evaluation,"[('Mitoxantrone (dihydrochloride)', 0.05, 'uM')]",13,0.10112080806862453,0.09821701397686262,0.11010076850652695
8c2d3a72a4c9292e0808,Mitoxantrone (dihydrochloride),0.5,KKZJGLLVHKMTCM,plate5,NCI-H596,24.0,single_cell_RNA,X_hvg_native_shift,evaluation,"[('Mitoxantrone (dihydrochloride)', 0.5, 'uM')]",25,0.09295209636218046,0.09988775916359535,0.09955759346485138
7d1b06da5ac8d1f9dd54,Mitoxantrone (dihydrochloride),5.0,KKZJGLLVHKMTCM,plate14,NCI-H596,24.0,single_cell_RNA,X_hvg_native_shift,evaluation,"[('Mitoxantrone (dihydrochloride)', 5.0, 'uM')]",14,0.09902859756167316,0.1073945996580084,0.12387335300445557
