chemical_group,no_change,raw_STATE,dose_mean,M1,M2,metadata_only,basal_only,missingness_only,permuted_STATE
CJOFXWAVKWHTFT,0.012357106841244428,0.02466164471511956,0.012130550092368303,0.007880670698801918,0.00781664017488441,0.011970491321834203,0.007502375185671751,0.0120696420768929,0.00804734558312928
FFGPTBGBLSHEPO,0.011666903603967388,0.021275182148544857,0.008710347710640855,0.006920540665231551,0.00692338917304298,0.008871942945829435,0.006921597082827388,0.008916020886986398,0.006986341836089322
HAYYBYPASCDWEQ,0.009889949327780161,0.021054397232615055,0.0071218125641765,0.0055287400613977375,0.005686764952884462,0.0071910706964850865,0.005537763604604816,0.007237748011854744,0.005530777715644935
IAVUPMFITXYVAF,0.006307195199525855,0.014711608342797819,0.005805598039600866,0.003472043577344038,0.003448934540554341,0.005793311036580974,0.003336167336829425,0.005854437955277812,0.003521865203888731
KKZJGLLVHKMTCM,0.01245950050751732,0.027893656296654096,0.012297375589093962,0.007822358383917724,0.007886480746382008,0.01223940732387503,0.007674902252028184,0.012353892829690889,0.008099140699305658
LPLVUJXQOOQHMX,0.009145241844547335,0.028884918967114065,0.00899967644619776,0.004753470705798137,0.005039550017151972,0.008844463387226454,0.004531957725305315,0.00895697878440606,0.004962337819636368
MDLAAYDRRZXJIF,0.00967800800571402,0.017933349311698987,0.009351677258471415,0.007130812973816294,0.007071631130827508,0.009197134940143625,0.007093457774514304,0.009431347014272241,0.007084388216847759
QDITZBLZQQZVEE,0.009701455394762162,0.01967514817539719,0.010344157221386012,0.006255846770507316,0.006256582844492403,0.00941715927977198,0.006715547421806379,0.01008788945664403,0.006632818311861858
UREBDLICKHMUKA,0.013547912626106759,0.025475907344282053,0.011032115389298311,0.00925112959692656,0.009386030639851826,0.010704519102647895,0.00894418773146021,0.011071697698648025,0.009142202064703276
VLCYCQAOQCDTCN,0.009451882889478796,0.0213160379486006,0.006606680792119583,0.00451931270614473,0.004333560577360176,0.0066443720823659526,0.004420521409172641,0.0066949085833969205,0.00463304306289975
YGSDEFSMJLZEOE,0.010039412148175568,0.024066776337570563,0.009694315698570334,0.0050118872177226026,0.004977329231189222,0.009638133083866381,0.004774496567935261,0.009782887992099955,0.005270157882958817
YTKUWDBFDASYHO,0.008129824694213736,0.016164558762790084,0.007707067003478447,0.005585889029281953,0.005568452820489931,0.007687462512195683,0.005350319479290375,0.007780536273035421,0.005495009183570117
