BARCODE,unit,date_cluster,tissue,growth,medium,log2_density,unit_weight,fixed_action,fixed_utility,C_action,C_utility,CS_action,CS_utility,shuffle_action,shuffle_utility,CS-C,CS-C_weighted_contribution,CS-C_switched,CS-fixed,CS-fixed_weighted_contribution,CS-fixed_switched,C-fixed,C-fixed_weighted_contribution,C-fixed_switched,CS-shuffle,CS-shuffle_weighted_contribution,CS-shuffle_switched
10461,SIDP00265,2015-10-22,lung_NSCLC,Adherent,D/F12,10.287712379549449,0.004672897196261682,0,-0.0718338939105207,2,-0.0290315108079934,0,-0.0718338939105207,2,-0.0290315108079934,-0.04280238310252729,-0.00020001113599311818,True,0.0,0.0,False,0.04280238310252729,0.00020001113599311818,True,-0.04280238310252729,-0.00020001113599311818,True
10467,SIDP00834,2015-10-22,pancreas,Adherent,R,9.287712379549449,0.004672897196261682,0,-0.0120043929448077,2,0.5087600777781291,0,-0.0120043929448077,2,0.5087600777781291,-0.5207644707229369,-0.00243347883515391,True,0.0,0.0,False,0.5207644707229369,0.00243347883515391,True,-0.5207644707229369,-0.00243347883515391,True
10657,SIDP00332,2015-10-28,leukemia,Suspension,R,9.287712379549449,0.004672897196261682,0,0.4101962370252394,0,0.4101962370252394,2,-0.0081240697148878,0,0.4101962370252394,-0.4183203067401272,-0.001954767788505267,True,-0.4183203067401272,-0.001954767788505267,True,0.0,0.0,False,-0.4183203067401272,-0.001954767788505267,True
10711,SIDP01005,2015-11-01,leukemia,Suspension,R,9.287712379549449,0.004672897196261682,0,0.5020005109277355,0,0.5020005109277355,2,0.785517767348542,0,0.5020005109277355,0.2835172564208065,0.001324846992620591,True,0.2835172564208065,0.001324846992620591,True,0.0,0.0,False,0.2835172564208065,0.001324846992620591,True
10738,SIDP00366,2015-11-01,urogenital_system,Adherent,D/F12,10.287712379549449,0.004672897196261682,0,0.1683843860154007,2,0.0450734914324221,0,0.1683843860154007,2,0.0450734914324221,0.12331089458297861,0.0005762191335653206,True,0.0,0.0,False,-0.12331089458297861,-0.0005762191335653206,True,0.12331089458297861,0.0005762191335653206,True
10991,SIDP00818,2015-11-12,leukemia,Suspension,R,9.287712379549449,0.004672897196261682,0,0.4029720341356877,0,0.4029720341356877,2,0.5955558175406996,0,0.4029720341356877,0.19258378340501192,0.0008999242215187472,True,0.19258378340501192,0.0008999242215187472,True,0.0,0.0,False,0.19258378340501192,0.0008999242215187472,True
11135,SIDP00896,2015-11-18,neuroblastoma,Adherent,R,10.287712379549449,0.004672897196261682,0,0.0868225315821364,2,0.2968139071618405,0,0.0868225315821364,0,0.0868225315821364,-0.20999137557970407,-0.000981268110185533,True,0.0,0.0,False,0.20999137557970407,0.000981268110185533,True,0.0,0.0,False
11236,SIDP00972,2015-11-22,lung_NSCLC,Adherent,D/F12,9.965784284662089,0.004672897196261682,0,-0.1069861562259346,2,0.0526035996697121,0,-0.1069861562259346,2,0.0526035996697121,-0.1595897558956467,-0.0007457465228768536,True,0.0,0.0,False,0.1595897558956467,0.0007457465228768536,True,-0.1595897558956467,-0.0007457465228768536,True
11320,SIDP01061,2015-11-25,leukemia,Suspension,R,8.643856189774725,0.004672897196261682,0,0.4586241075765469,0,0.4586241075765469,2,-0.0913356357256367,2,-0.0913356357256367,-0.5499597433021837,-0.0025699053425335683,True,-0.5499597433021837,-0.0025699053425335683,True,0.0,0.0,False,0.0,0.0,False
11364,SIDP01012,2015-11-29,leukemia,Suspension,R,9.287712379549449,0.004672897196261682,0,0.2716584526851928,0,0.2716584526851928,2,0.1113949257054004,0,0.2716584526851928,-0.1602635269797924,-0.0007488949858868803,True,-0.1602635269797924,-0.0007488949858868803,True,0.0,0.0,False,-0.1602635269797924,-0.0007488949858868803,True
11839,SIDP00983,2015-12-13,leukemia,Suspension,R,9.287712379549449,0.004672897196261682,0,0.5658001107890172,0,0.5658001107890172,2,0.7812027759608474,0,0.5658001107890172,0.21540266517183027,0.0010065545101487394,True,0.21540266517183027,0.0010065545101487394,True,0.0,0.0,False,0.21540266517183027,0.0010065545101487394,True
12003,SIDP00207,2015-12-16,lung_NSCLC,Adherent,D/F12,9.813781191217036,0.004672897196261682,0,0.3603285580851505,2,0.2174975963899031,0,0.3603285580851505,2,0.2174975963899031,0.14283096169524742,0.0006674344004450813,True,0.0,0.0,False,-0.14283096169524742,-0.0006674344004450813,True,0.14283096169524742,0.0006674344004450813,True
