Tissue,SIDM,role,scale,n,pearson,spearman,residual_shared,residual_split
Breast,SIDM00332,SV,raw_y,142,0.38384304171491385,0.399217504102131,0.2777933053308822,0.2295943317206793
Breast,SIDM00332,VS,raw_y,152,0.565866671250415,0.5329485576035922,0.4084214877579053,0.3806598380822726
Breast,SIDM00874,SV,raw_y,154,0.5444237693576934,0.2954483846324453,0.43418449015996197,0.40775772552004264
Breast,SIDM00874,VS,raw_y,154,0.4964723998857496,0.38766028405497094,0.3507485573857252,0.3158980271378428
Breast,SIDM00898,SV,raw_y,143,0.35212958787620413,0.30401112971535504,0.36392844574293254,0.32345086436125964
Breast,SIDM00898,VS,raw_y,152,0.709488526160673,0.6968951400706676,0.6267013446763826,0.5901592539013285
Breast,SIDM00928,SV,raw_y,153,0.4078003502140615,0.28807982523152803,0.1983338636725917,0.17728865992985038
Breast,SIDM00928,VS,raw_y,154,0.24622169172901331,0.2734567140639247,-0.014681193963165855,-0.0387693544259236
Breast,SIDM00963,SV,raw_y,154,0.43381414380608807,0.3400494508653901,0.3119311718591454,0.2701256617430495
Breast,SIDM00963,VS,raw_y,154,0.4137304237916724,0.34205377165528966,0.21468903712208806,0.166804128596271
Colon,SIDM00136,SV,raw_y,156,0.6310926573157473,0.5712759400041093,0.5417262369177824,0.504625080570974
Colon,SIDM00136,VS,raw_y,156,0.7887077095365772,0.7662467797253086,0.5805198046222965,0.5514540513264766
Colon,SIDM00789,SV,raw_y,156,0.4434938767540903,0.45549461838757094,0.32179710812351314,0.30050512132214835
Colon,SIDM00789,VS,raw_y,156,0.6806956585093327,0.6620062904016057,0.5611533683456578,0.5453398046707454
Colon,SIDM00841,SV,raw_y,155,0.62823837420425,0.5815055911830105,0.4953861137443584,0.454152259400005
Colon,SIDM00841,VS,raw_y,143,0.8286515159300848,0.7666289109951082,0.7264987085224722,0.6819591164859395
Colon,SIDM01096,SV,raw_y,156,0.6479606741742845,0.6451581293167485,0.5253716046716916,0.474582167990967
Colon,SIDM01096,VS,raw_y,156,0.7821418304936266,0.7692528962715937,0.6153356828187483,0.5755265601311146
Pancreas,SIDM00053,SV,raw_y,168,0.5431668238235283,0.5658480165619733,0.39302465585248575,0.3460580737387714
Pancreas,SIDM00053,VS,raw_y,168,0.6511716978397695,0.5212972195929358,0.4215470936018064,0.385250909589812
Pancreas,SIDM00301,SV,raw_y,168,0.6855685624439479,0.6358972671731769,0.3783608496349299,0.3603289156527843
Pancreas,SIDM00301,VS,raw_y,168,0.7043486641093818,0.6193428865008782,0.4595791885749305,0.4158523768559912
Pancreas,SIDM00371,SV,raw_y,168,0.6507467661280981,0.6399036247032562,0.36380918673376067,0.3328162010904402
Pancreas,SIDM00371,VS,raw_y,168,0.6557849516922168,0.6496727592996594,0.506676688622489,0.46175643667915695
Pancreas,SIDM00453,SV,raw_y,168,0.6971351990500776,0.5991212840591007,0.421679421343296,0.401174756675592
Pancreas,SIDM00453,VS,raw_y,167,0.6605198180539996,0.4937130901707772,0.40044102738335513,0.3840169824030296
Pancreas,SIDM00583,SV,raw_y,167,0.5756683673817752,0.4344924608614097,0.3587327490144755,0.3306859664307113
Pancreas,SIDM00583,VS,raw_y,168,0.531589102154831,0.5120013565430424,0.3162259020757748,0.28005005073399236
Breast,SIDM00332,SV,mixed_control_y,142,0.3826833217574104,0.40114126209421386,0.2755802256002843,0.22756321182808206
Breast,SIDM00332,VS,mixed_control_y,152,0.5639455550156425,0.5290700455853307,0.4060007313882548,0.37841835664522283
Breast,SIDM00874,SV,mixed_control_y,154,0.540333308136189,0.28782867985904037,0.4280919087639854,0.4013428601656158
Breast,SIDM00874,VS,mixed_control_y,154,0.4967782944226536,0.38769314177283815,0.35034910701631733,0.3153215412796031
Breast,SIDM00898,SV,mixed_control_y,143,0.351658075881551,0.30446255622311963,0.36425143556805784,0.3233500904533506
Breast,SIDM00898,VS,mixed_control_y,152,0.7084301323109975,0.6944142592554624,0.6248450619259087,0.5880749295679257
Breast,SIDM00928,SV,mixed_control_y,153,0.4083323894837232,0.29441920308793373,0.19985586553067475,0.17881158438961886
Breast,SIDM00928,VS,mixed_control_y,154,0.24515376873562797,0.27188282937808556,-0.015717112992829112,-0.03970337422576361
Breast,SIDM00963,SV,mixed_control_y,154,0.43256086964256835,0.33923457946228347,0.31141660933848725,0.2696135640988158
Breast,SIDM00963,VS,mixed_control_y,154,0.41389641236843555,0.3422344891035593,0.21468372049390091,0.1668215771230341
Colon,SIDM00136,SV,mixed_control_y,156,0.6299705862783963,0.5687755843909532,0.5402497326965808,0.5032984006460473
Colon,SIDM00136,VS,mixed_control_y,156,0.7881208402487948,0.7669137519558724,0.5785602764338927,0.5491629382827086
Colon,SIDM00789,SV,mixed_control_y,156,0.44565636200163794,0.46059648180050894,0.3252769931463957,0.3039873695653351
Colon,SIDM00789,VS,mixed_control_y,156,0.6808215997531913,0.6617692149642016,0.560732072303735,0.5448488656237644
Colon,SIDM00841,SV,mixed_control_y,155,0.6272587522249489,0.5804711417614643,0.4951242207231418,0.4538972846048946
Colon,SIDM00841,VS,mixed_control_y,143,0.8277682998910575,0.7676630880856233,0.7256008349681539,0.6807991577263981
Colon,SIDM01096,SV,mixed_control_y,156,0.6496320755954488,0.647396121445844,0.5268721475839575,0.4762902409291567
Colon,SIDM01096,VS,mixed_control_y,156,0.7831397743033045,0.7704382734586145,0.6170111965449013,0.5770758541447998
Pancreas,SIDM00053,SV,mixed_control_y,168,0.5422457763990045,0.5653469055127277,0.39129597987661247,0.34460155081169397
Pancreas,SIDM00053,VS,mixed_control_y,168,0.650009592181615,0.5206645036216663,0.4204248941530586,0.383996401820529
Pancreas,SIDM00301,SV,mixed_control_y,168,0.6841787416993506,0.6330905391246248,0.3761683627891507,0.3583938238566287
Pancreas,SIDM00301,VS,mixed_control_y,168,0.7032320204331618,0.6184165903189395,0.45899717830366626,0.41544165929065907
Pancreas,SIDM00371,SV,mixed_control_y,168,0.6508476462342342,0.6396176370842424,0.3654269352594644,0.33471674086143494
Pancreas,SIDM00371,VS,mixed_control_y,168,0.654737517321744,0.6468938707538431,0.5057888910972859,0.46095164021182605
Pancreas,SIDM00453,SV,mixed_control_y,168,0.6978375071859418,0.6006625801651135,0.4225145030749522,0.4018204308600307
Pancreas,SIDM00453,VS,mixed_control_y,167,0.6592149825635041,0.49305347995918664,0.3984131864904146,0.38192622538568577
Pancreas,SIDM00583,SV,mixed_control_y,167,0.5757130619128166,0.4346934358477537,0.3579973386407927,0.32986013224025623
Pancreas,SIDM00583,VS,mixed_control_y,168,0.5312071359198642,0.514144998253704,0.3150813764872948,0.2788490067306669
