BARCODE,DRUGSET_ID,actions
10000,159.0,3
10001,217.0,1
10003,217.0,1
10008,217.0,1
10017,217.0,1
10019,159.0,3
10020,217.0,1
10022,159.0,3
10023,217.0,1
10025,159.0,3
10026,217.0,1
10028,159.0,3
10029,217.0,1
10031,159.0,3
10032,217.0,1
10034,159.0,3
10035,217.0,1
10037,159.0,3
10038,217.0,1
10040,159.0,3
10041,217.0,1
10043,159.0,3
10044,217.0,1
10046,159.0,3
10047,217.0,1
10049,159.0,3
10051,159.0,3
10052,217.0,1
10054,159.0,3
10055,217.0,1
10059,217.0,1
10061,159.0,3
10062,217.0,1
10067,217.0,1
10069,159.0,3
10070,217.0,1
10077,159.0,3
10078,217.0,1
10082,159.0,3
10083,217.0,1
10085,159.0,3
10088,159.0,3
10089,217.0,1
10100,159.0,3
10101,217.0,1
10103,159.0,3
10104,217.0,1
10106,159.0,3
10107,217.0,1
10112,159.0,3
10113,217.0,1
10115,159.0,3
10116,217.0,1
10121,159.0,3
10122,217.0,1
10124,159.0,3
10125,217.0,1
10129,159.0,3
10135,159.0,3
10136,217.0,1
10138,159.0,3
10139,217.0,1
10146,159.0,3
10147,217.0,1
10149,159.0,3
10150,217.0,1
10158,217.0,1
10160,159.0,3
10161,217.0,1
10163,159.0,3
10164,217.0,1
10168,159.0,3
10169,217.0,1
10171,217.0,1
10173,159.0,3
10174,217.0,1
10176,159.0,3
10177,217.0,1
10179,159.0,3
10182,159.0,3
10183,217.0,1
10185,159.0,3
10186,217.0,1
10188,159.0,3
10189,217.0,1
10191,159.0,3
10192,217.0,1
10194,159.0,3
10195,217.0,1
10197,159.0,3
10198,217.0,1
10200,159.0,3
10201,217.0,1
10203,159.0,3
10204,217.0,1
10206,159.0,3
10209,159.0,3
10210,217.0,1
10212,159.0,3
10213,217.0,1
10217,159.0,3
10218,217.0,1
10232,217.0,1
10237,159.0,3
10239,159.0,3
10240,217.0,1
10242,159.0,3
10243,217.0,1
10245,159.0,3
10248,159.0,3
10249,217.0,1
10251,159.0,3
10252,217.0,1
10254,159.0,3
10256,159.0,3
10257,217.0,1
10259,217.0,1
10261,159.0,3
10262,217.0,1
10264,159.0,3
10265,217.0,1
10267,159.0,3
10268,217.0,1
10270,159.0,3
10271,217.0,1
10275,159.0,3
10276,217.0,1
10281,217.0,1
10283,159.0,3
10284,217.0,1
10289,159.0,3
10290,217.0,1
10292,159.0,3
10293,217.0,1
10295,159.0,3
10296,217.0,1
10298,159.0,3
10299,217.0,1
10305,217.0,1
10307,159.0,3
10308,217.0,1
10311,159.0,3
10312,217.0,1
10314,159.0,3
10315,217.0,1
10317,159.0,3
10318,217.0,1
10321,159.0,3
10322,217.0,1
10326,159.0,3
10327,217.0,1
10330,217.0,1
10336,217.0,1
10338,159.0,3
10339,217.0,1
10351,159.0,3
10352,217.0,1
10354,159.0,3
10355,217.0,1
10363,159.0,3
10366,159.0,3
10367,217.0,1
10369,159.0,3
10370,217.0,1
10372,159.0,3
10373,217.0,1
10378,159.0,3
10379,217.0,1
10381,159.0,3
10382,217.0,1
10414,217.0,1
10416,159.0,3
10417,217.0,1
10419,159.0,3
10420,217.0,1
10422,159.0,3
10423,217.0,1
10425,159.0,3
10426,217.0,1
10431,159.0,3
10432,217.0,1
10434,159.0,3
10435,217.0,1
10437,159.0,3
10438,217.0,1
10440,159.0,3
10441,217.0,1
10443,159.0,3
10444,217.0,1
10446,159.0,3
10447,217.0,1
10449,159.0,3
10455,159.0,3
10456,217.0,1
10458,159.0,3
10459,217.0,1
10461,159.0,3
10462,217.0,1
10464,159.0,3
10465,217.0,1
10467,159.0,3
10468,217.0,1
10473,159.0,3
10474,217.0,1
10477,217.0,1
10479,159.0,3
10480,217.0,1
10485,159.0,3
10486,217.0,1
10488,159.0,3
10489,217.0,1
10491,159.0,3
10493,159.0,3
10494,217.0,1
10500,159.0,3
10501,217.0,1
10503,159.0,3
10504,217.0,1
10506,159.0,3
10507,217.0,1
10514,159.0,3
10515,217.0,1
10517,159.0,3
10518,217.0,1
10523,159.0,3
10529,159.0,3
10530,217.0,1
10532,159.0,3
10533,217.0,1
10537,159.0,3
10538,217.0,1
10540,159.0,3
10541,217.0,1
10543,159.0,3
10544,217.0,1
10546,159.0,3
10547,217.0,1
10549,159.0,3
10550,217.0,1
10552,159.0,3
10553,217.0,1
10555,159.0,3
10556,217.0,1
10561,159.0,3
10562,217.0,1
10564,159.0,3
10565,217.0,1
10567,159.0,3
10568,217.0,1
10571,217.0,1
10573,159.0,3
10574,217.0,1
10582,217.0,1
10584,159.0,3
10588,217.0,1
10592,159.0,3
10593,217.0,1
10595,159.0,3
10596,217.0,1
10598,217.0,1
10601,159.0,3
10602,217.0,1
10615,159.0,3
10616,217.0,1
10618,159.0,3
10619,217.0,1
10621,159.0,3
10627,159.0,3
10628,217.0,1
10630,159.0,3
10631,217.0,1
10633,159.0,3
10634,217.0,1
10636,159.0,3
10637,217.0,1
10639,159.0,3
10640,217.0,1
10642,159.0,3
10643,217.0,1
10645,159.0,3
10646,217.0,1
10648,159.0,3
10649,217.0,1
10651,159.0,3
10652,217.0,1
10657,159.0,3
10658,217.0,1
10660,159.0,3
10661,217.0,1
10663,159.0,3
10664,217.0,1
10669,217.0,1
10672,159.0,3
10675,159.0,3
10678,159.0,3
10679,217.0,1
10682,159.0,3
10683,217.0,1
10686,159.0,3
10687,217.0,1
10689,159.0,3
10691,159.0,3
10692,217.0,1
10696,159.0,3
10697,217.0,1
10699,159.0,3
10700,217.0,1
10706,217.0,1
10708,159.0,3
10709,217.0,1
10711,159.0,3
10712,217.0,1
10714,159.0,3
10715,217.0,1
10717,159.0,3
10718,217.0,1
10723,159.0,3
10724,217.0,1
10730,159.0,3
10731,217.0,1
10735,159.0,3
10736,217.0,1
10738,159.0,3
10739,217.0,1
10742,217.0,1
10794,217.0,1
10798,159.0,3
10799,217.0,1
10801,159.0,3
10802,217.0,1
10807,159.0,3
10808,217.0,1
10810,159.0,3
10811,217.0,1
10813,217.0,1
10815,159.0,3
10816,217.0,1
10818,159.0,3
10819,217.0,1
10821,159.0,3
10822,217.0,1
10824,159.0,3
10825,217.0,1
10827,159.0,3
10828,217.0,1
10830,159.0,3
10831,217.0,1
10833,159.0,3
10834,217.0,1
10836,159.0,3
10838,159.0,3
10839,217.0,1
10841,159.0,3
10842,217.0,1
10844,159.0,3
10846,159.0,3
10847,217.0,1
10849,159.0,3
10850,217.0,1
10852,159.0,3
10853,217.0,1
10855,159.0,3
10856,217.0,1
10859,159.0,3
10860,159.0,3
10861,217.0,1
10862,217.0,1
10863,217.0,1
10872,159.0,3
10873,159.0,3
10874,159.0,3
10875,217.0,1
10876,217.0,1
10877,217.0,1
10879,159.0,3
10880,159.0,3
10881,159.0,3
10883,217.0,1
10886,159.0,3
10887,159.0,3
10888,159.0,3
10889,217.0,1
10890,217.0,1
10891,217.0,1
10893,159.0,3
10894,159.0,3
10895,159.0,3
10896,217.0,1
10897,217.0,1
10898,217.0,1
10900,159.0,3
10901,159.0,3
10902,159.0,3
10903,217.0,1
10904,217.0,1
10905,217.0,1
10907,159.0,3
10908,159.0,3
10909,159.0,3
10910,217.0,1
10911,217.0,1
10912,217.0,1
10914,159.0,3
10915,159.0,3
10916,159.0,3
10917,217.0,1
10918,217.0,1
10919,217.0,1
10921,159.0,3
10922,159.0,3
10923,159.0,3
10924,217.0,1
10925,217.0,1
10926,217.0,1
10928,159.0,3
10929,159.0,3
10930,159.0,3
10931,217.0,1
10932,217.0,1
10933,217.0,1
10944,159.0,3
10945,217.0,1
10984,217.0,1
10989,217.0,1
10991,159.0,3
10993,159.0,3
10997,159.0,3
10998,217.0,1
11000,159.0,3
11001,217.0,1
11003,159.0,3
11004,217.0,1
11006,159.0,3
11007,217.0,1
11009,159.0,3
11010,217.0,1
11012,159.0,3
11013,217.0,1
11015,159.0,3
11016,217.0,1
11029,159.0,3
11030,217.0,1
11032,159.0,3
11033,217.0,1
11038,159.0,3
11039,217.0,1
11041,159.0,3
11042,217.0,1
11045,217.0,1
11050,159.0,3
11051,217.0,1
11053,159.0,3
11054,217.0,1
11056,159.0,3
11057,217.0,1
11059,159.0,3
11060,217.0,1
11062,159.0,3
11063,217.0,1
11065,159.0,3
11066,217.0,1
11080,217.0,1
11085,217.0,1
11092,159.0,3
11093,217.0,1
11120,159.0,3
11121,217.0,1
11123,217.0,1
11132,159.0,3
11133,217.0,1
11135,159.0,3
11136,217.0,1
11141,159.0,3
11142,217.0,1
11178,217.0,1
11180,159.0,3
11181,217.0,1
11186,159.0,3
11192,159.0,3
11195,159.0,3
11198,159.0,3
11199,217.0,1
11204,159.0,3
11205,217.0,1
11210,159.0,3
11211,217.0,1
11213,159.0,3
11214,217.0,1
11222,159.0,3
11223,217.0,1
11225,159.0,3
11226,217.0,1
11228,159.0,3
11229,217.0,1
11231,159.0,3
11232,217.0,1
11234,217.0,1
11236,159.0,3
11239,159.0,3
11240,159.0,3
11241,159.0,3
11242,217.0,1
11243,217.0,1
11244,217.0,1
11249,217.0,1
11250,217.0,1
11251,217.0,1
11256,217.0,1
11257,217.0,1
11258,217.0,1
11261,159.0,3
11263,217.0,1
11264,217.0,1
11265,217.0,1
11267,159.0,3
11268,217.0,1
11281,159.0,3
11282,217.0,1
11284,217.0,1
11286,159.0,3
11287,217.0,1
11289,159.0,3
11290,217.0,1
11292,159.0,3
11293,217.0,1
11295,159.0,3
11296,217.0,1
11298,159.0,3
11299,217.0,1
11301,159.0,3
11302,217.0,1
11304,159.0,3
11305,217.0,1
11312,159.0,3
11313,217.0,1
11315,159.0,3
11316,217.0,1
11318,159.0,3
11320,159.0,3
11326,159.0,3
11327,217.0,1
11335,159.0,3
11336,217.0,1
11338,159.0,3
11343,159.0,3
11344,217.0,1
11354,159.0,3
11355,217.0,1
11359,159.0,3
11362,217.0,1
11364,159.0,3
11365,217.0,1
11367,159.0,3
11368,217.0,1
11370,159.0,3
11371,217.0,1
11373,159.0,3
11374,217.0,1
11376,159.0,3
11377,217.0,1
11396,159.0,3
11399,159.0,3
11400,217.0,1
11402,159.0,3
11403,217.0,1
11405,217.0,1
11406,217.0,1
11410,159.0,3
11411,217.0,1
11413,159.0,3
11414,217.0,1
11422,159.0,3
11423,217.0,1
11425,159.0,3
11426,217.0,1
11428,159.0,3
11429,217.0,1
11431,217.0,1
11433,159.0,3
11434,217.0,1
11439,159.0,3
11440,217.0,1
11451,159.0,3
11452,217.0,1
11454,159.0,3
11455,217.0,1
11458,159.0,3
11459,217.0,1
11461,217.0,1
11463,159.0,3
11464,217.0,1
11472,159.0,3
11473,217.0,1
11480,159.0,3
11481,159.0,3
11482,159.0,3
11483,217.0,1
11484,217.0,1
11485,217.0,1
11491,159.0,3
11492,159.0,3
11493,159.0,3
11494,217.0,1
11495,217.0,1
11496,217.0,1
11502,159.0,3
11503,159.0,3
11504,159.0,3
11505,217.0,1
11506,217.0,1
11507,217.0,1
11514,159.0,3
11515,159.0,3
11516,217.0,1
11517,217.0,1
11518,217.0,1
11524,159.0,3
11525,159.0,3
11526,159.0,3
11527,217.0,1
11528,217.0,1
11529,217.0,1
11535,159.0,3
11536,159.0,3
11537,159.0,3
11538,217.0,1
11539,217.0,1
11540,217.0,1
11546,159.0,3
11547,159.0,3
11548,159.0,3
11549,217.0,1
11550,217.0,1
11551,217.0,1
11557,159.0,3
11558,159.0,3
11559,159.0,3
11560,217.0,1
11561,217.0,1
11562,217.0,1
11568,159.0,3
11569,159.0,3
11570,159.0,3
11571,217.0,1
11572,217.0,1
11573,217.0,1
11579,159.0,3
11580,159.0,3
11581,159.0,3
11582,217.0,1
11583,217.0,1
11584,217.0,1
11590,159.0,3
11591,159.0,3
11592,159.0,3
11593,217.0,1
11594,217.0,1
11595,217.0,1
11608,217.0,1
11610,159.0,3
11611,217.0,1
11621,159.0,3
11622,217.0,1
11624,159.0,3
11625,217.0,1
11635,159.0,3
11636,217.0,1
11639,159.0,3
11640,217.0,1
11642,159.0,3
11643,217.0,1
11645,159.0,3
11646,217.0,1
11654,159.0,3
11655,217.0,1
11663,159.0,3
11664,217.0,1
11669,159.0,3
11670,217.0,1
11679,159.0,3
11680,217.0,1
11686,217.0,1
11690,159.0,3
11763,159.0,3
11764,217.0,1
11766,159.0,3
11767,217.0,1
11771,159.0,3
11772,217.0,1
11786,159.0,3
11787,217.0,1
11792,159.0,3
11793,217.0,1
11798,159.0,3
11799,217.0,1
11801,159.0,3
11802,217.0,1
11804,159.0,3
11807,159.0,3
11813,159.0,3
11814,217.0,1
11816,159.0,3
11817,217.0,1
11819,159.0,3
11820,217.0,1
11822,159.0,3
11823,217.0,1
11831,217.0,1
11839,159.0,3
11844,159.0,3
11845,217.0,1
11853,217.0,1
11857,159.0,3
11865,159.0,3
11866,217.0,1
11871,159.0,3
11872,217.0,1
11877,159.0,3
11878,217.0,1
11880,159.0,3
11881,217.0,1
11883,159.0,3
11884,217.0,1
11925,217.0,1
11927,159.0,3
11928,217.0,1
11930,159.0,3
11931,217.0,1
11940,217.0,1
11951,159.0,3
11952,217.0,1
11955,217.0,1
11957,159.0,3
11986,217.0,1
11987,217.0,1
11988,159.0,3
11989,159.0,3
11991,217.0,1
11992,159.0,3
12002,217.0,1
12003,159.0,3
12005,217.0,1
12006,217.0,1
12007,159.0,3
12008,159.0,3
12010,217.0,1
12011,217.0,1
12013,217.0,1
12014,159.0,3
12033,217.0,1
12034,217.0,1
12035,159.0,3
12036,159.0,3
12082,217.0,1
12083,159.0,3
12085,217.0,1
12086,159.0,3
12088,217.0,1
12089,159.0,3
12091,217.0,1
12092,159.0,3
12094,217.0,1
12095,159.0,3
12098,159.0,3
12100,217.0,1
12101,159.0,3
12106,217.0,1
12107,159.0,3
12125,159.0,3
12148,217.0,1
12149,159.0,3
3230,159.0,3
3236,159.0,3
3242,159.0,3
3266,159.0,3
3277,158.0,1
3278,159.0,3
3338,158.0,1
3339,159.0,3
3341,158.0,1
3347,158.0,1
3348,159.0,3
3350,158.0,1
3351,159.0,3
3356,158.0,1
3357,159.0,3
3360,159.0,3
3365,158.0,1
3366,159.0,3
3368,158.0,1
3383,158.0,1
3384,159.0,3
3386,158.0,1
3480,158.0,1
3481,159.0,3
3483,158.0,1
3484,159.0,3
3486,158.0,1
3487,159.0,3
3489,158.0,1
3490,159.0,3
3492,158.0,1
3493,159.0,3
3495,158.0,1
3496,159.0,3
3498,158.0,1
3499,159.0,3
3501,158.0,1
3502,159.0,3
3504,158.0,1
3505,159.0,3
3507,158.0,1
3508,159.0,3
3510,158.0,1
3511,159.0,3
3513,158.0,1
3535,159.0,3
3538,159.0,3
3549,158.0,1
3550,159.0,3
3552,158.0,1
3553,159.0,3
3555,158.0,1
3556,159.0,3
3562,159.0,3
3564,158.0,1
3565,159.0,3
3567,158.0,1
3568,159.0,3
3570,158.0,1
3571,159.0,3
3688,158.0,1
3689,159.0,3
3691,158.0,1
3692,159.0,3
3694,158.0,1
3695,159.0,3
3703,158.0,1
3704,159.0,3
3713,158.0,1
3714,159.0,3
3734,158.0,1
3735,159.0,3
3737,158.0,1
3738,159.0,3
3935,158.0,1
3944,158.0,1
3945,159.0,3
3950,158.0,1
3954,159.0,3
3959,158.0,1
3960,159.0,3
3966,159.0,3
3968,158.0,1
3969,159.0,3
3972,159.0,3
3974,158.0,1
3975,159.0,3
3978,159.0,3
3980,158.0,1
3981,159.0,3
3983,158.0,1
3987,159.0,3
3992,158.0,1
3993,159.0,3
3995,158.0,1
3996,159.0,3
3999,159.0,3
4002,159.0,3
4005,159.0,3
4008,159.0,3
4013,158.0,1
4015,158.0,1
4019,158.0,1
4023,158.0,1
4091,158.0,1
4092,158.0,1
4093,158.0,1
4094,159.0,3
4095,159.0,3
4096,159.0,3
4112,158.0,1
4113,158.0,1
4114,158.0,1
4115,159.0,3
4116,159.0,3
4117,159.0,3
4119,158.0,1
4120,158.0,1
4121,158.0,1
4122,159.0,3
4123,159.0,3
4124,159.0,3
4126,158.0,1
4127,158.0,1
4128,158.0,1
4129,159.0,3
4130,159.0,3
4131,159.0,3
4143,159.0,3
4144,159.0,3
4145,159.0,3
4147,158.0,1
4148,158.0,1
4149,158.0,1
4150,159.0,3
4151,159.0,3
4152,159.0,3
4157,159.0,3
4158,159.0,3
4159,159.0,3
4161,158.0,1
4162,158.0,1
4163,158.0,1
4164,159.0,3
4165,159.0,3
4166,159.0,3
4168,158.0,1
4169,158.0,1
4170,158.0,1
4171,159.0,3
4172,159.0,3
4177,159.0,3
4179,158.0,1
4180,159.0,3
4186,159.0,3
4191,158.0,1
4192,159.0,3
4197,158.0,1
4201,159.0,3
4203,158.0,1
4204,159.0,3
4206,158.0,1
4207,159.0,3
4212,158.0,1
4213,159.0,3
4218,158.0,1
4219,159.0,3
4228,159.0,3
4231,159.0,3
4306,158.0,1
4308,158.0,1
4309,158.0,1
4602,159.0,3
4608,159.0,3
4622,158.0,1
4623,159.0,3
4628,158.0,1
4629,159.0,3
4632,159.0,3
4634,158.0,1
4635,159.0,3
4638,159.0,3
4640,158.0,1
4641,159.0,3
4695,158.0,1
4696,159.0,3
4701,158.0,1
4707,158.0,1
4708,159.0,3
4710,158.0,1
4711,159.0,3
4714,159.0,3
4716,158.0,1
4717,159.0,3
4719,158.0,1
4720,159.0,3
4725,158.0,1
4726,159.0,3
4732,158.0,1
4738,158.0,1
4739,159.0,3
4741,158.0,1
4742,159.0,3
4747,158.0,1
4753,158.0,1
4768,158.0,1
4769,159.0,3
4771,158.0,1
4772,159.0,3
4780,158.0,1
4781,159.0,3
4797,158.0,1
4798,159.0,3
4800,158.0,1
4801,159.0,3
4803,158.0,1
4804,159.0,3
4810,159.0,3
4815,158.0,1
4816,159.0,3
4821,158.0,1
4822,159.0,3
4824,158.0,1
4825,159.0,3
4863,158.0,1
4864,159.0,3
4866,158.0,1
4867,159.0,3
4889,158.0,1
4890,159.0,3
4899,159.0,3
4901,158.0,1
4902,159.0,3
5094,158.0,1
5095,159.0,3
5101,159.0,3
5103,158.0,1
5115,158.0,1
5116,159.0,3
5154,158.0,1
5155,159.0,3
5164,159.0,3
5269,158.0,1
5270,159.0,3
5279,159.0,3
5281,158.0,1
5282,159.0,3
5284,158.0,1
5285,159.0,3
5288,159.0,3
5290,158.0,1
5291,159.0,3
5294,159.0,3
5297,159.0,3
5300,159.0,3
5302,158.0,1
5303,159.0,3
5305,158.0,1
5306,159.0,3
5311,158.0,1
5312,159.0,3
5317,158.0,1
5318,159.0,3
5320,158.0,1
5321,159.0,3
5327,159.0,3
5329,158.0,1
5330,159.0,3
5424,159.0,3
5427,159.0,3
5432,158.0,1
5433,159.0,3
5516,158.0,1
5517,159.0,3
5519,158.0,1
5520,159.0,3
5522,158.0,1
5523,159.0,3
5525,158.0,1
5526,159.0,3
5528,158.0,1
5529,159.0,3
5534,158.0,1
5540,158.0,1
5541,159.0,3
5543,158.0,1
5544,159.0,3
5546,158.0,1
5547,159.0,3
5550,159.0,3
5552,158.0,1
5555,158.0,1
5561,158.0,1
5562,159.0,3
5564,158.0,1
5565,159.0,3
5567,158.0,1
5570,158.0,1
5571,159.0,3
5731,158.0,1
5732,159.0,3
5738,159.0,3
5740,158.0,1
5741,159.0,3
5743,158.0,1
5744,159.0,3
5746,158.0,1
5747,159.0,3
5749,158.0,1
5750,159.0,3
5752,158.0,1
5753,159.0,3
5972,159.0,3
5974,158.0,1
5975,159.0,3
5980,158.0,1
5981,159.0,3
5983,158.0,1
5986,158.0,1
5992,158.0,1
5993,159.0,3
5996,159.0,3
5999,159.0,3
6002,159.0,3
6005,159.0,3
6007,158.0,1
6008,159.0,3
6010,158.0,1
6011,159.0,3
6013,158.0,1
6014,159.0,3
6016,158.0,1
6017,159.0,3
6019,158.0,1
6020,159.0,3
6022,158.0,1
6023,159.0,3
6025,158.0,1
6237,158.0,1
6238,159.0,3
6250,159.0,3
6252,158.0,1
6255,158.0,1
6256,159.0,3
6261,158.0,1
6262,159.0,3
6288,158.0,1
6289,159.0,3
6297,158.0,1
6298,159.0,3
6312,158.0,1
6313,159.0,3
6357,158.0,1
6369,158.0,1
6372,158.0,1
6387,158.0,1
6390,158.0,1
6393,158.0,1
6396,158.0,1
6403,159.0,3
6408,158.0,1
6415,159.0,3
6587,158.0,1
6605,158.0,1
6617,158.0,1
6620,158.0,1
6632,158.0,1
6828,158.0,1
6829,159.0,3
6834,158.0,1
6837,158.0,1
6838,159.0,3
6840,158.0,1
6841,159.0,3
6843,158.0,1
6849,158.0,1
6855,158.0,1
6856,159.0,3
6858,158.0,1
6864,158.0,1
6867,158.0,1
6873,158.0,1
6876,158.0,1
6882,158.0,1
6885,158.0,1
6891,158.0,1
6892,159.0,3
6894,158.0,1
6903,158.0,1
6912,158.0,1
6913,159.0,3
6915,158.0,1
6916,159.0,3
6918,158.0,1
6921,158.0,1
6924,158.0,1
6931,159.0,3
6945,158.0,1
6948,158.0,1
6951,158.0,1
6952,159.0,3
6954,158.0,1
7007,159.0,3
7027,158.0,1
7028,159.0,3
7030,158.0,1
7031,159.0,3
7033,158.0,1
7034,159.0,3
7039,158.0,1
7040,159.0,3
7042,158.0,1
7043,159.0,3
7045,158.0,1
7046,159.0,3
7048,158.0,1
7049,159.0,3
7052,159.0,3
7054,158.0,1
7055,159.0,3
7193,158.0,1
7194,159.0,3
7196,158.0,1
7197,159.0,3
7199,158.0,1
7200,159.0,3
7208,158.0,1
7209,159.0,3
7211,158.0,1
7212,159.0,3
7214,158.0,1
7215,159.0,3
7217,158.0,1
7218,159.0,3
7226,158.0,1
7227,159.0,3
7229,158.0,1
7230,159.0,3
7235,158.0,1
7236,159.0,3
7238,158.0,1
7239,159.0,3
7244,158.0,1
7245,159.0,3
7247,158.0,1
7248,159.0,3
7250,158.0,1
7251,159.0,3
7259,158.0,1
7260,159.0,3
7265,158.0,1
7266,159.0,3
7268,158.0,1
7269,159.0,3
7292,158.0,1
7293,159.0,3
7295,158.0,1
7296,159.0,3
7298,158.0,1
7299,159.0,3
7301,158.0,1
7302,159.0,3
7334,158.0,1
7335,159.0,3
7340,158.0,1
7341,159.0,3
7353,159.0,3
7355,158.0,1
7356,159.0,3
7358,158.0,1
7359,159.0,3
7361,158.0,1
7362,159.0,3
7370,158.0,1
7371,159.0,3
7392,158.0,1
7393,159.0,3
7395,158.0,1
7396,159.0,3
7404,158.0,1
7405,159.0,3
7407,158.0,1
7408,159.0,3
7428,158.0,1
7429,159.0,3
7431,158.0,1
7437,158.0,1
7438,159.0,3
7440,158.0,1
7441,159.0,3
7443,158.0,1
7444,159.0,3
7449,158.0,1
7455,158.0,1
7456,159.0,3
7461,158.0,1
7462,159.0,3
7470,158.0,1
7471,159.0,3
7580,158.0,1
7581,159.0,3
7583,158.0,1
7584,159.0,3
7595,158.0,1
7596,159.0,3
7598,158.0,1
7599,159.0,3
7604,158.0,1
7605,159.0,3
7613,158.0,1
7614,159.0,3
7619,158.0,1
7620,159.0,3
7622,158.0,1
7623,159.0,3
7637,158.0,1
7638,159.0,3
7640,158.0,1
7641,159.0,3
7659,159.0,3
7661,158.0,1
7664,158.0,1
7665,159.0,3
7667,158.0,1
7668,159.0,3
7765,158.0,1
7766,159.0,3
7780,158.0,1
7781,159.0,3
7783,158.0,1
7784,159.0,3
7787,159.0,3
7790,159.0,3
7792,158.0,1
7793,159.0,3
7799,159.0,3
7801,158.0,1
7802,159.0,3
7804,158.0,1
7805,159.0,3
7808,159.0,3
7810,158.0,1
7811,159.0,3
7813,158.0,1
7814,159.0,3
7816,158.0,1
7817,159.0,3
7820,159.0,3
7989,158.0,1
7990,159.0,3
7992,158.0,1
7993,159.0,3
7995,158.0,1
7996,159.0,3
7998,158.0,1
7999,159.0,3
8001,158.0,1
8002,159.0,3
8010,158.0,1
8011,159.0,3
8013,158.0,1
8014,159.0,3
8016,158.0,1
8017,159.0,3
8028,158.0,1
8031,158.0,1
8032,159.0,3
8034,158.0,1
8035,159.0,3
8037,158.0,1
8038,159.0,3
8040,158.0,1
8041,159.0,3
8046,158.0,1
8047,159.0,3
8049,158.0,1
8050,159.0,3
8055,158.0,1
8056,159.0,3
8058,159.0,3
8062,159.0,3
8066,158.0,1
8067,159.0,3
8069,158.0,1
8070,159.0,3
8072,158.0,1
8073,159.0,3
8742,159.0,3
8744,159.0,3
8746,159.0,3
8748,159.0,3
8750,159.0,3
8756,159.0,3
8758,159.0,3
8760,159.0,3
8766,159.0,3
8770,159.0,3
8772,159.0,3
8774,159.0,3
8778,159.0,3
8780,159.0,3
8782,159.0,3
8784,159.0,3
8786,159.0,3
8788,159.0,3
8790,159.0,3
8792,159.0,3
8796,159.0,3
8798,159.0,3
8800,159.0,3
8802,159.0,3
8804,159.0,3
8806,159.0,3
8808,159.0,3
8810,159.0,3
8812,159.0,3
8814,159.0,3
8816,159.0,3
8818,159.0,3
8820,159.0,3
8824,159.0,3
8826,159.0,3
8830,159.0,3
8832,159.0,3
8834,159.0,3
8836,159.0,3
8838,159.0,3
8840,159.0,3
8844,159.0,3
8846,159.0,3
8852,159.0,3
8854,159.0,3
8856,159.0,3
8860,159.0,3
8864,159.0,3
8866,159.0,3
8872,159.0,3
8874,159.0,3
8876,159.0,3
8878,159.0,3
8880,159.0,3
8882,159.0,3
8884,159.0,3
8886,159.0,3
8888,159.0,3
8890,159.0,3
8892,159.0,3
8894,159.0,3
8896,159.0,3
8898,159.0,3
8900,159.0,3
8902,159.0,3
8904,159.0,3
8908,159.0,3
8910,159.0,3
8912,159.0,3
8914,159.0,3
8918,159.0,3
8920,159.0,3
8922,159.0,3
8928,159.0,3
8932,159.0,3
8963,159.0,3
8965,159.0,3
8967,159.0,3
8969,159.0,3
8971,159.0,3
8973,159.0,3
8975,159.0,3
8977,159.0,3
8979,159.0,3
8981,159.0,3
8983,159.0,3
8985,159.0,3
8987,159.0,3
8989,159.0,3
8991,159.0,3
8995,159.0,3
8997,159.0,3
9003,159.0,3
9011,159.0,3
9016,217.0,1
9020,217.0,1
9022,217.0,1
9028,217.0,1
9030,217.0,1
9034,217.0,1
9036,217.0,1
9048,217.0,1
9054,217.0,1
9056,217.0,1
9058,217.0,1
9060,217.0,1
9062,217.0,1
9064,217.0,1
9066,217.0,1
9068,217.0,1
9070,217.0,1
9074,217.0,1
9076,217.0,1
9078,217.0,1
9080,217.0,1
9082,217.0,1
9084,217.0,1
9086,217.0,1
9088,217.0,1
9090,217.0,1
9092,217.0,1
9096,217.0,1
9098,217.0,1
9100,217.0,1
9102,217.0,1
9108,217.0,1
9112,217.0,1
9114,217.0,1
9122,217.0,1
9128,217.0,1
9130,217.0,1
9132,217.0,1
9138,217.0,1
9140,217.0,1
9142,217.0,1
9144,217.0,1
9150,217.0,1
9152,217.0,1
9155,217.0,1
9160,217.0,1
9164,217.0,1
9166,217.0,1
9170,217.0,1
9172,217.0,1
9176,217.0,1
9178,217.0,1
9182,217.0,1
9184,217.0,1
9188,217.0,1
9190,217.0,1
9192,217.0,1
9194,217.0,1
9236,217.0,1
9248,217.0,1
9250,217.0,1
9252,217.0,1
9254,217.0,1
9256,217.0,1
9258,217.0,1
9270,217.0,1
9274,217.0,1
9276,159.0,3
9277,217.0,1
9282,159.0,3
9283,217.0,1
9285,159.0,3
9286,217.0,1
9294,159.0,3
9295,217.0,1
9303,159.0,3
9304,217.0,1
9312,159.0,3
9313,217.0,1
9318,159.0,3
9319,217.0,1
9321,159.0,3
9322,217.0,1
9324,159.0,3
9325,217.0,1
9345,159.0,3
9346,217.0,1
9348,159.0,3
9349,217.0,1
9351,159.0,3
9352,217.0,1
9354,159.0,3
9355,217.0,1
9357,159.0,3
9358,217.0,1
9360,159.0,3
9361,217.0,1
9363,159.0,3
9364,217.0,1
9369,159.0,3
9370,217.0,1
9373,159.0,3
9374,159.0,3
9375,159.0,3
9376,217.0,1
9377,217.0,1
9378,217.0,1
9380,159.0,3
9381,159.0,3
9382,159.0,3
9383,217.0,1
9384,217.0,1
9385,217.0,1
9386,159.0,3
9387,159.0,3
9388,159.0,3
9389,217.0,1
9390,217.0,1
9391,217.0,1
9393,159.0,3
9394,159.0,3
9395,159.0,3
9396,217.0,1
9397,217.0,1
9398,217.0,1
9400,159.0,3
9401,159.0,3
9402,159.0,3
9403,217.0,1
9404,217.0,1
9405,217.0,1
9407,159.0,3
9408,159.0,3
9409,159.0,3
9410,217.0,1
9411,217.0,1
9412,217.0,1
9414,159.0,3
9415,159.0,3
9416,159.0,3
9417,217.0,1
9418,217.0,1
9419,217.0,1
9421,159.0,3
9422,159.0,3
9423,159.0,3
9424,217.0,1
9425,217.0,1
9426,217.0,1
9435,159.0,3
9436,159.0,3
9437,159.0,3
9438,217.0,1
9439,217.0,1
9440,217.0,1
9442,159.0,3
9443,159.0,3
9444,159.0,3
9445,217.0,1
9446,217.0,1
9447,217.0,1
9449,159.0,3
9450,159.0,3
9451,159.0,3
9452,217.0,1
9453,217.0,1
9454,217.0,1
9456,217.0,1
9461,159.0,3
9462,217.0,1
9464,159.0,3
9465,217.0,1
9469,159.0,3
9470,217.0,1
9480,159.0,3
9481,217.0,1
9483,217.0,1
9491,159.0,3
9492,217.0,1
9497,217.0,1
9499,159.0,3
9500,217.0,1
9504,159.0,3
9505,217.0,1
9513,159.0,3
9514,217.0,1
9516,159.0,3
9517,217.0,1
9519,159.0,3
9520,217.0,1
9526,217.0,1
9528,217.0,1
9536,217.0,1
9547,217.0,1
9549,217.0,1
9551,217.0,1
9553,217.0,1
9558,217.0,1
9562,217.0,1
9564,217.0,1
9574,159.0,3
9575,217.0,1
9580,217.0,1
9585,217.0,1
9587,159.0,3
9588,217.0,1
9589,217.0,1
9591,159.0,3
9593,217.0,1
9595,217.0,1
9599,159.0,3
9600,217.0,1
9603,217.0,1
9607,159.0,3
9611,217.0,1
9615,159.0,3
9617,159.0,3
9618,217.0,1
9620,159.0,3
9621,217.0,1
9623,159.0,3
9624,217.0,1
9626,159.0,3
9632,217.0,1
9634,159.0,3
9635,217.0,1
9637,159.0,3
9638,217.0,1
9640,159.0,3
9642,159.0,3
9643,217.0,1
9645,159.0,3
9646,217.0,1
9654,159.0,3
9655,217.0,1
9657,159.0,3
9658,217.0,1
9660,159.0,3
9661,217.0,1
9676,217.0,1
9684,159.0,3
9685,217.0,1
9687,159.0,3
9688,217.0,1
9690,159.0,3
9691,217.0,1
9696,217.0,1
9703,159.0,3
9704,217.0,1
9706,217.0,1
9710,159.0,3
9711,217.0,1
9713,159.0,3
9715,217.0,1
9720,217.0,1
9722,217.0,1
9724,159.0,3
9725,217.0,1
9727,159.0,3
9728,217.0,1
9732,159.0,3
9733,217.0,1
9735,159.0,3
9736,217.0,1
9738,159.0,3
9739,217.0,1
9740,159.0,3
9741,217.0,1
9744,159.0,3
9745,217.0,1
9747,159.0,3
9749,217.0,1
9751,159.0,3
9752,217.0,1
9754,159.0,3
9755,217.0,1
9757,159.0,3
9758,217.0,1
9760,159.0,3
9761,217.0,1
9763,159.0,3
9764,217.0,1
9767,217.0,1
9769,159.0,3
9770,217.0,1
9772,159.0,3
9773,217.0,1
9775,159.0,3
9776,217.0,1
9778,159.0,3
9779,217.0,1
9781,159.0,3
9782,217.0,1
9787,159.0,3
9788,217.0,1
9793,159.0,3
9797,159.0,3
9801,217.0,1
9803,159.0,3
9804,217.0,1
9806,217.0,1
9814,159.0,3
9815,217.0,1
9817,159.0,3
9818,217.0,1
9822,159.0,3
9828,159.0,3
9829,217.0,1
9831,159.0,3
9832,217.0,1
9834,159.0,3
9835,217.0,1
9837,159.0,3
9838,217.0,1
9840,159.0,3
9841,217.0,1
9843,159.0,3
9844,217.0,1
9846,159.0,3
9847,217.0,1
9849,159.0,3
9850,217.0,1
9852,159.0,3
9853,217.0,1
9855,159.0,3
9856,217.0,1
9858,159.0,3
9859,217.0,1
9861,159.0,3
9862,217.0,1
9864,159.0,3
9865,217.0,1
9870,159.0,3
9871,217.0,1
9873,159.0,3
9874,217.0,1
9876,159.0,3
9877,217.0,1
9879,159.0,3
9880,217.0,1
9882,159.0,3
9883,217.0,1
9885,159.0,3
9886,217.0,1
9894,159.0,3
9895,217.0,1
9900,159.0,3
9901,217.0,1
9903,159.0,3
9904,217.0,1
9909,159.0,3
9910,217.0,1
9912,159.0,3
9913,217.0,1
9915,159.0,3
9916,217.0,1
9918,159.0,3
9919,217.0,1
9921,159.0,3
9922,217.0,1
9924,159.0,3
9925,217.0,1
9940,159.0,3
9941,217.0,1
9948,217.0,1
9953,159.0,3
9954,217.0,1
9956,159.0,3
9957,217.0,1
9961,159.0,3
9962,217.0,1
9964,159.0,3
9965,217.0,1
9969,159.0,3
9970,217.0,1
9978,159.0,3
9979,217.0,1
9981,159.0,3
9982,217.0,1
9984,159.0,3
9985,217.0,1
9988,159.0,3
9989,217.0,1
9994,159.0,3
9995,217.0,1
