row_name,depmap_id,ccle_name,primary_tissue,secondary_tissue,tertiary_tissue,passed_str_profiling,str_profiling_notes,originally_assigned_depmap_id,originally_assigned_ccle_name,sidm,target_excluded,eligible_identity
ACH-000824,ACH-000824,KYSE510_OESOPHAGUS,esophagus,esophagus_squamous,,True,,,,SIDM01026,False,True
ACH-000954,ACH-000954,HEC1A_ENDOMETRIUM,uterus,uterus_endometrium,,True,,,,SIDM00595,False,True
ACH-000601,ACH-000601,MIAPACA2_PANCREAS,pancreas,,,True,,,,SIDM00505,False,True
ACH-000651,ACH-000651,SW620_LARGE_INTESTINE,colorectal,,,True,,,,SIDM00841,True,False
ACH-000361,ACH-000361,SKHEP1_LIVER,liver,,,True,,,,SIDM01110,False,True
ACH-000842,ACH-000842,SW480_LARGE_INTESTINE,colorectal,,,True,,,,SIDM00840,False,True
ACH-000570,ACH-000570,YKG1_CENTRAL_NERVOUS_SYSTEM,central_nervous_system,glioma,glioblastoma,True,,,,SIDM00315,False,True
ACH-000396,ACH-000396,J82_URINARY_TRACT,urinary_tract,,,True,,,,SIDM00693,False,True
ACH-000777,ACH-000777,KYSE30_OESOPHAGUS,esophagus,esophagus_squamous,,True,,,,SIDM00015,False,True
ACH-000924,ACH-000924,NCIH2172_LUNG,lung,lung_NSC,,True,,,,SIDM00926,False,True
ACH-000096,ACH-000096,G401_SOFT_TISSUE,rhabdoid,,,True,,,,SIDM00856,False,True
ACH-000955,ACH-000955,SNU407_LARGE_INTESTINE,colorectal,colorectal_MSI,,True,,,,SIDM00214,False,True
ACH-000280,ACH-000280,SNU840_OVARY,ovary,ovary_non_epithelial,Brenner_tumor,True,,,,,False,False
ACH-000940,ACH-000940,AN3CA_ENDOMETRIUM,uterus,uterus_endometrium,,True,,,,SIDM00901,False,True
ACH-001318,ACH-001318,PLCPRF5_LIVER,liver,,,True,,,,,False,False
ACH-000332,ACH-000332,YAPC_PANCREAS,pancreas,,,True,,,,SIDM00411,False,True
ACH-000839,ACH-000839,SCABER_URINARY_TRACT,urinary_tract,,,True,,,,SIDM00032,False,True
ACH-000082,ACH-000082,G292CLONEA141B1_BONE,bone,osteosarcoma,,True,,,,SIDM00858,False,True
ACH-000476,ACH-000476,JHH4_LIVER,liver,,,True,,,,SIDM00616,False,True
ACH-000178,ACH-000178,HS766T_PANCREAS,pancreas,,,True,,,,SIDM00664,False,True
ACH-000421,ACH-000421,SW837_LARGE_INTESTINE,colorectal,,,True,,,,SIDM00833,False,True
ACH-000524,ACH-000524,KURAMOCHI_OVARY,ovary,ovary_adenocarcinoma,ovary_high_grade_serous,True,,,,SIDM00554,False,True
ACH-000469,ACH-000469,YH13_CENTRAL_NERVOUS_SYSTEM,central_nervous_system,glioma,glioblastoma,True,,,,SIDM00316,False,True
ACH-000012,ACH-000012,HCC827_LUNG,lung,lung_NSC,lung_adenocarcinoma,True,,,,SIDM01067,False,True
ACH-000153,ACH-000153,NCIH2052_PLEURA,mesothelioma,,,True,,,,SIDM00713,False,True
ACH-000805,ACH-000805,COLO679_SKIN,skin,melanoma,,True,,,,SIDM00284,False,True
ACH-000429,ACH-000429,A704_KIDNEY,kidney,,,True,,,,SIDM00849,False,True
ACH-000628,ACH-000628,NCIH596_LUNG,lung,lung_NSC,,True,,,,SIDM01127,False,True
ACH-000108,ACH-000108,KP3_PANCREAS,pancreas,,,True,,,,SIDM00571,False,True
ACH-000939,ACH-000939,SKUT1_SOFT_TISSUE,soft_tissue,leiomyosarcoma,,True,,,,SIDM01113,False,True
ACH-000323,ACH-000323,42MGBA_CENTRAL_NERVOUS_SYSTEM,central_nervous_system,glioma,astrocytoma,True,,,,SIDM00982,False,True
ACH-000219,ACH-000219,A375_SKIN,skin,melanoma,,True,,,,SIDM00795,False,True
ACH-000903,ACH-000903,FTC133_THYROID,thyroid,,,True,,,,SIDM00213,False,True
ACH-000054,ACH-000054,HT1080_SOFT_TISSUE,soft_tissue,fibrosarcoma,,True,,,,SIDM00828,False,True
ACH-000098,ACH-000098,GAMG_CENTRAL_NERVOUS_SYSTEM,central_nervous_system,glioma,glioblastoma,True,,,,SIDM01055,False,True
ACH-000302,ACH-000302,SNU1077_ENDOMETRIUM,uterus,uterus_endometrium,,True,,,,SIDM00166,False,True
ACH-000324,ACH-000324,JHOC5_OVARY,ovary,ovary_adenocarcinoma,ovary_clear_cell,True,,,,,False,False
ACH-000510,ACH-000510,NCIH1299_LUNG,lung,lung_NSC,lung_large,True,,,,SIDM00649,False,True
ACH-000164,ACH-000164,PANC1_PANCREAS,pancreas,,,True,,,,SIDM00610,False,True
ACH-000549,ACH-000549,SNU1076_UPPER_AERODIGESTIVE_TRACT,upper_aerodigestive,upper_aerodigestive_squamous,,True,,,,SIDM00168,False,True
ACH-000650,ACH-000650,IGR37_SKIN,skin,melanoma,,True,,,,SIDM01066,False,True
ACH-000217,ACH-000217,JHH6_LIVER,liver,,,True,,,,SIDM00615,False,True
ACH-000463,ACH-000463,NCIH460_LUNG,lung,lung_NSC,lung_large,True,,,,SIDM00144,False,True
ACH-000748,ACH-000748,SJSA1_BONE,bone,osteosarcoma,,True,,,,SIDM01112,False,True
ACH-000788,ACH-000788,A2058_SKIN,skin,melanoma,,True,,,,SIDM00797,False,True
ACH-000589,ACH-000589,NCIH1437_LUNG,lung,lung_NSC,lung_adenocarcinoma,True,,,,SIDM00734,False,True
ACH-000086,ACH-000086,ACCMESO1_PLEURA,mesothelioma,,,True,,,,,False,False
ACH-000545,ACH-000545,VMCUB1_URINARY_TRACT,urinary_tract,,,True,,,,SIDM00414,False,True
ACH-000762,ACH-000762,YD38_UPPER_AERODIGESTIVE_TRACT,upper_aerodigestive,upper_aerodigestive_squamous,,True,,,,,False,False
ACH-000792,ACH-000792,BFTC909_KIDNEY,kidney,,,True,,,,SIDM00988,False,True
ACH-000211,ACH-000211,DAOY_CENTRAL_NERVOUS_SYSTEM,central_nervous_system,medulloblastoma,non-MYC,True,,,,SIDM00887,False,True
ACH-000936,ACH-000936,EFO27_OVARY,ovary,ovary_adenocarcinoma,ovary_endometrioid,True,,,,SIDM01051,False,True
ACH-000882,ACH-000882,IGR1_SKIN,skin,melanoma,,True,,,,SIDM01060,False,True
ACH-000471,ACH-000471,LI7_LIVER,liver,,,True,,,,,False,False
ACH-000947,ACH-000947,OVK18_OVARY,ovary,ovary_adenocarcinoma,ovary_endometrioid,True,,,,SIDM00238,False,True
ACH-000670,ACH-000670,SBC5_LUNG,lung,lung_small,,True,,,,SIDM00368,False,True
ACH-000738,ACH-000738,GB1_CENTRAL_NERVOUS_SYSTEM,central_nervous_system,glioma,glioblastoma,True,,,,SIDM00581,False,True
ACH-000048,ACH-000048,TOV112D_OVARY,ovary,ovary_adenocarcinoma,ovary_endometrioid,True,,,,SIDM01170,False,True
ACH-000259,ACH-000259,KELLY_AUTONOMIC_GANGLIA,peripheral_nervous_system,neuroblastoma,,True,,,,SIDM01009,False,True
ACH-000599,ACH-000599,PATU8902_PANCREAS,pancreas,,,True,,,,SIDM00455,False,True
ACH-000716,ACH-000716,TT2609C02_THYROID,thyroid,,,True,,,,SIDM00418,False,True
ACH-000347,ACH-000347,QGP1_PANCREAS,pancreas,,,True,,,,SIDM00360,False,True
ACH-000566,ACH-000566,SW1710_URINARY_TRACT,urinary_tract,,,True,,,,SIDM00420,False,True
ACH-001016,ACH-001016,BECKER_CENTRAL_NERVOUS_SYSTEM,central_nervous_system,glioma,,True,,,,SIDM00490,False,True
ACH-000395,ACH-000395,NCIH520_LUNG,lung,lung_NSC,lung_squamous,True,,,,SIDM01130,False,True
ACH-000407,ACH-000407,SNU685_ENDOMETRIUM,uterus,uterus_endometrium,,True,,,,SIDM00165,False,True
ACH-000418,ACH-000418,SW1353_BONE,bone,chondrosarcoma,,True,,,,,False,False
ACH-000837,ACH-000837,NCIH322_LUNG,lung,lung_NSC,lung_adenocarcinoma,True,,,,,False,False
ACH-000008,ACH-000008,A101D_SKIN,skin,melanoma,,True,,,,SIDM00801,False,True
ACH-000191,ACH-000191,BHT101_THYROID,thyroid,,,True,,,,SIDM00987,False,True
ACH-000941,ACH-000941,HEC1B_ENDOMETRIUM,uterus,uterus_endometrium,,True,,,,SIDM01241,False,True
ACH-000532,ACH-000532,SNU61_LARGE_INTESTINE,colorectal,,,True,,,,SIDM00194,False,True
ACH-000316,ACH-000316,SNU886_LIVER,liver,,,True,,,,,False,False
ACH-000677,ACH-000677,SW1573_LUNG,lung,lung_NSC,lung_squamous,True,,,,SIDM01163,False,True
ACH-000375,ACH-000375,G402_SOFT_TISSUE,rhabdoid,,,True,,,,SIDM00855,False,True
ACH-000619,ACH-000619,PECAPJ15_UPPER_AERODIGESTIVE_TRACT,upper_aerodigestive,upper_aerodigestive_squamous,,True,,,,SIDM00473,False,True
ACH-000965,ACH-000965,RL952_ENDOMETRIUM,uterus,uterus_endometrium,,True,,,,SIDM01088,False,True
ACH-000210,ACH-000210,CADOES1_BONE,bone,Ewing_sarcoma,,True,,,,SIDM00961,False,True
ACH-000967,ACH-000967,SNUC2A_LARGE_INTESTINE,colorectal,colorectal_MSI,,True,,,,SIDM00780,False,True
ACH-000803,ACH-000803,COLO668_LUNG,lung,lung_small,,True,,,,SIDM00143,False,True
ACH-000007,ACH-000007,LS513_LARGE_INTESTINE,colorectal,,,True,,,,SIDM00677,False,True
ACH-000719,ACH-000719,RMGI_OVARY,ovary,ovary_adenocarcinoma,ovary_clear_cell,True,,,,SIDM00352,False,True
ACH-000484,ACH-000484,VMRCRCW_KIDNEY,kidney,,,True,,,,SIDM00318,False,True
ACH-000433,ACH-000433,CAKI1_KIDNEY,kidney,,,True,,,,SIDM00941,False,True
ACH-000688,ACH-000688,OV7_OVARY,ovary,ovary_adenocarcinoma,ovary_clear_cell,True,,,,SIDM00474,False,True
ACH-000603,ACH-000603,BEN_LUNG,lung,lung_NSC,,True,,,,SIDM00990,False,True
ACH-000351,ACH-000351,MKN1_STOMACH,gastric,gastric_adenosquamous,,True,,,,SIDM00271,False,True
ACH-000627,ACH-000627,LCLC103H_LUNG,lung,lung_NSC,lung_large,True,,,,SIDM00345,False,True
ACH-000916,ACH-000916,NCIH1573_LUNG,lung,lung_NSC,lung_adenocarcinoma,True,,,,SIDM00749,False,True
ACH-000662,ACH-000662,CORL23_LUNG,lung,lung_NSC,lung_large,True,,,,SIDM00512,False,True
ACH-000863,ACH-000863,DBTRG05MG_CENTRAL_NERVOUS_SYSTEM,central_nervous_system,glioma,glioblastoma,True,,,,SIDM00867,False,True
ACH-000732,ACH-000732,PECAPJ41CLONED2_UPPER_AERODIGESTIVE_TRACT,upper_aerodigestive,upper_aerodigestive_squamous,,True,,,,,False,False
ACH-000066,ACH-000066,HCC4006_LUNG,lung,lung_NSC,lung_adenocarcinoma,True,,,,,False,False
ACH-000015,ACH-000015,NCIH1581_LUNG,lung,lung_NSC,lung_large,True,,,,SIDM00748,False,True
ACH-000511_FAILED_STR,,,,,,False,STR matches R1192/Caki1,ACH-000511,CALU1_LUNG,,False,False
ACH-000674,ACH-000674,NUGC4_STOMACH,gastric,gastric_adenocarcinoma,diffuse_gastric,True,,,,SIDM00570,False,True
ACH-000892,ACH-000892,NCIH1563_LUNG,lung,lung_NSC,lung_adenocarcinoma,True,,,,SIDM00751,False,True
ACH-000909,ACH-000909,JHUEM2_ENDOMETRIUM,uterus,uterus_endometrium,,True,,,,,False,False
ACH-000237,ACH-000237,JHOM1_OVARY,ovary,ovary_adenocarcinoma,ovary_mucinous,True,,,,,False,False
ACH-000811,ACH-000811,SKOV3_OVARY,ovary,ovary_adenocarcinoma,ovary_serous,True,,,,SIDM00079,False,True
ACH-000537,ACH-000537,SNU761_LIVER,liver,,,True,,,,,False,False
ACH-000312,ACH-000312,SKNBE2_AUTONOMIC_GANGLIA,peripheral_nervous_system,neuroblastoma,,True,,,,SIDM00894,False,True
ACH-000390,ACH-000390,LUDLU1_LUNG,lung,lung_NSC,lung_squamous,True,,,,,False,False
ACH-000901,ACH-000901,HCC1359_LUNG,lung,lung_NSC,lung_large,True,,,,,False,False
ACH-000307,ACH-000307,PK1_PANCREAS,pancreas,,,True,,,,,False,False
ACH-000289,ACH-000289,SNU466_CENTRAL_NERVOUS_SYSTEM,central_nervous_system,glioma,,True,,,,,False,False
ACH-000309,ACH-000309,SKLU1_LUNG,lung,lung_NSC,lung_adenocarcinoma,True,,,,SIDM01108,False,True
ACH-000733,ACH-000733,NCIH1838_LUNG,lung,lung_NSC,lung_adenocarcinoma,True,,,,SIDM00769,False,True
ACH-000268,ACH-000268,SNU245_BILIARY_TRACT,bile_duct,cholangiocarcinoma,,True,,,,SIDM00162,False,True
ACH-000758,ACH-000758,MKN74_STOMACH,gastric,gastric_adenocarcinoma,,True,,,,SIDM00248,False,True
ACH-000693,ACH-000693,KYSE180_OESOPHAGUS,esophagus,esophagus_squamous,,True,,,,SIDM01030,False,True
ACH-001307,ACH-001307,8505C_THYROID,thyroid,,,True,,,,SIDM00996,False,True
ACH-000427,ACH-000427,NCIN87_STOMACH,gastric,gastric_adenocarcinoma,,True,,,,SIDM01147,False,True
ACH-000684,ACH-000684,KMRC1_KIDNEY,kidney,,,True,,,,SIDM00611,False,True
ACH-000264,ACH-000264,CALU6_LUNG,lung,lung_NSC,,True,,,,SIDM00921,False,True
ACH-000027,ACH-000027,GOS3_CENTRAL_NERVOUS_SYSTEM,central_nervous_system,,glioblastoma,True,,,,,False,False
ACH-000671,ACH-000671,HUH6_LIVER,liver,hepatoblastoma,,True,,,,SIDM00062,False,True
ACH-000205,ACH-000205,PK59_PANCREAS,pancreas,,,True,,,,,False,False
ACH-000720,ACH-000720,TCCSUP_URINARY_TRACT,urinary_tract,,,True,,,,SIDM01190,False,True
ACH-000814,ACH-000814,HS939T_SKIN,skin,melanoma,,True,,,,SIDM00663,False,True
ACH-000885,ACH-000885,TOV21G_OVARY,ovary,ovary_adenocarcinoma,ovary_clear_cell,True,,,,SIDM01169,False,True
ACH-000663,ACH-000663,OVTOKO_OVARY,ovary,ovary_adenocarcinoma,ovary_clear_cell,True,,,,SIDM00425,False,True
ACH-000647,ACH-000647,TE1_OESOPHAGUS,esophagus,esophagus_squamous,,True,,,,SIDM00369,False,True
ACH-000774,ACH-000774,RERFLCAD2_LUNG,lung,lung_NSC,lung_adenocarcinoma,True,,,,,False,False
ACH-000243,ACH-000243,DANG_PANCREAS,pancreas,,,True,,,,SIDM00950,False,True
ACH-000255,ACH-000255,LMSU_STOMACH,gastric,,,True,,,,,False,False
ACH-000335,ACH-000335,MSTO211H_PLEURA,mesothelioma,,,True,,,,SIDM00640,False,True
ACH-000147,ACH-000147,T47D_BREAST,breast,ERpos,,True,,,,SIDM00097,False,True
ACH-000090,ACH-000090,PC3_PROSTATE,prostate,,,True,,,,SIDM00088,False,True
ACH-000171,ACH-000171,VMRCRCZ_KIDNEY,kidney,,,True,,,,SIDM00317,False,True
ACH-000614,ACH-000614,RVH421_SKIN,skin,melanoma,,True,,,,SIDM00401,False,True
ACH-000132,ACH-000132,JHOS2_OVARY,ovary,ovary_adenocarcinoma,ovary_high_grade_serous,True,,,,SIDM00305,False,True
ACH-000274,ACH-000274,HS852T_SKIN,skin,melanoma,,True,,,,,False,False
ACH-000807_FAILED_STR,,,,,,False,STR shows cross contamination with TOM1 and potentially two other cell lines,ACH-000807,SNU738_CENTRAL_NERVOUS_SYSTEM,,False,False
ACH-000624,ACH-000624,HCC1806_BREAST,breast,TNBC,,True,,,,SIDM00875,False,True
ACH-000810,ACH-000810,SKMEL30_SKIN,skin,melanoma,,True,,,,SIDM00392,False,True
ACH-000343,ACH-000343,NCIH522_LUNG,lung,lung_NSC,lung_adenocarcinoma,True,,,,SIDM00116,False,True
ACH-000022,ACH-000022,PATU8988S_PANCREAS,pancreas,,,True,,,,SIDM00452,False,True
ACH-000192,ACH-000192,MFE280_ENDOMETRIUM,uterus,uterus_endometrium,,True,,,,SIDM00335,False,True
ACH-000409_FAILED_STR,,,,,,False,"STR does not match profile, missidentified (STR homozygous)",ACH-000409,OVSAHO_OVARY,,False,False
ACH-000959,ACH-000959,SNUC4_LARGE_INTESTINE,colorectal,colorectal_MSI,,True,,,,SIDM00500,False,True
ACH-000028_FAILED_STR,,,,,,False,STR matches MCF7 (known misidentified),ACH-000028,KPL1_BREAST,,False,False
ACH-000637,ACH-000637,KYSE520_OESOPHAGUS,esophagus,esophagus_squamous,,True,,,,SIDM01025,False,True
ACH-000968,ACH-000968,COLO792_SKIN,skin,melanoma,,True,,,,SIDM00140,False,True
ACH-000155,ACH-000155,SW1990_PANCREAS,pancreas,,,True,,,,SIDM01165,False,True
ACH-000888,ACH-000888,NCIH1793_LUNG,lung,lung_NSC,lung_adenocarcinoma,True,,,,SIDM00755,False,True
ACH-000133,ACH-000133,HS729_SOFT_TISSUE,fibroblast,,,True,,,,,False,False
ACH-000605,ACH-000605,TE6_OESOPHAGUS,esophagus,esophagus_squamous,,True,,,,SIDM00328,False,True
ACH-000775,ACH-000775,NCIH727_LUNG,lung,lung_NSC,,True,,,,SIDM01119,False,True
ACH-000042,ACH-000042,PANC0203_PANCREAS,pancreas,,,True,,,,SIDM01139,False,True
ACH-000860,ACH-000860,NCIH358_LUNG,lung,lung_NSC,lung_adenocarcinoma,True,,,,SIDM00718,False,True
ACH-000994,ACH-000994,HEC59_ENDOMETRIUM,uterus,uterus_endometrium,,True,,,,,False,False
ACH-000277,ACH-000277,HCC1419_BREAST,breast,HER2Amp,,True,,,,SIDM00882,False,True
ACH-000496,ACH-000496,NCIH1792_LUNG,lung,lung_NSC,lung_adenocarcinoma,True,,,,SIDM00771,False,True
ACH-000866,ACH-000866,NCIH1048_LUNG,lung,lung_small,,True,,,,SIDM00654,False,True
ACH-000869,ACH-000869,NCIH1568_LUNG,lung,lung_NSC,lung_adenocarcinoma,True,,,,SIDM00750,False,True
ACH-000449,ACH-000449,MESSA_SOFT_TISSUE,uterus,uterine_sarcoma,,True,,,,SIDM00625,False,True
ACH-000117,ACH-000117,EFM192A_BREAST,breast,TPBC,,True,,,,SIDM01002,False,True
ACH-000678,ACH-000678,MKN7_STOMACH,gastric,gastric_adenocarcinoma,,True,,,,SIDM00560,False,True
ACH-000493,ACH-000493,SNU423_LIVER,liver,,,True,,,,SIDM01199,False,True
ACH-000468,ACH-000468,PK45H_PANCREAS,pancreas,,,True,,,,,False,False
ACH-000097,ACH-000097,ZR751_BREAST,breast,ERpos,,True,,,,SIDM00314,False,True
ACH-000313,ACH-000313,KMRC3_KIDNEY,kidney,renal,,True,,,,,False,False
ACH-000169,ACH-000169,RD_SOFT_TISSUE,rhabdomyosarcoma,,,True,,,,SIDM00847,False,True
ACH-000010_FAILED_STR,,,,,,False,STR matches to NCI-H1581 (known misidentified or derivative line),ACH-000010,NCIH2077_LUNG,,False,False
ACH-000895,ACH-000895,CL34_LARGE_INTESTINE,colorectal,colorectal_MSI,,True,,,,SIDM00945,False,True
ACH-000841,ACH-000841,NCIH2087_LUNG,lung,lung_NSC,lung_adenocarcinoma,True,,,,SIDM00708,False,True
ACH-000587,ACH-000587,NCIH1975_LUNG,lung,lung_NSC,lung_adenocarcinoma,True,,,,SIDM00759,False,True
ACH-000414,ACH-000414,NCIH1944_LUNG,lung,lung_NSC,lung_adenocarcinoma,True,,,,SIDM00762,False,True
ACH-000026,ACH-000026,253JBV_URINARY_TRACT,urinary_tract,,,True,,,,,False,False
ACH-000649,ACH-000649,786O_KIDNEY,kidney,,,True,,,,SIDM00125,False,True
ACH-000966,ACH-000966,IGROV1_OVARY,ovary,ovary_adenocarcinoma,ovary_endometrioid,True,,,,SIDM00151,False,True
ACH-000950,ACH-000950,LOVO_LARGE_INTESTINE,colorectal,colorectal_MSI,,True,,,,SIDM00839,False,True
ACH-000750,ACH-000750,LOXIMVI_SKIN,skin,melanoma,,True,,,,SIDM00149,False,True
ACH-000958,ACH-000958,SW48_LARGE_INTESTINE,colorectal,colorectal_MSI,,True,,,,SIDM00837,False,True
ACH-000270,ACH-000270,HPAC_PANCREAS,pancreas,,,True,,,,SIDM00670,False,True
ACH-000535,ACH-000535,BXPC3_PANCREAS,pancreas,,,True,,,,SIDM00132,False,True
ACH-000480,ACH-000480,HUH7_LIVER,liver,,,True,,,,SIDM00585,False,True
ACH-000879,ACH-000879,MFE296_ENDOMETRIUM,uterus,uterus_endometrium,,True,,,,SIDM00334,False,True
ACH-000281,ACH-000281,KP2_PANCREAS,pancreas,,,True,,,,SIDM00582,False,True
ACH-000897,ACH-000897,FTC238_THYROID,thyroid,,,True,,,,SIDM00228,False,True
ACH-000389,ACH-000389,H4_CENTRAL_NERVOUS_SYSTEM,central_nervous_system,glioma,,True,,,,SIDM00852,False,True
ACH-000862,ACH-000862,KMBC2_URINARY_TRACT,urinary_tract,,,True,,,,,False,False
ACH-000776,ACH-000776,ONS76_CENTRAL_NERVOUS_SYSTEM,central_nervous_system,medulloblastoma,non-MYC,True,,,,SIDM00567,False,True
ACH-000023,ACH-000023,PATU8988T_PANCREAS,pancreas,,,True,,,,SIDM00453,True,False
ACH-000011,ACH-000011,253J_URINARY_TRACT,urinary_tract,,,True,,,,,False,False
ACH-000973,ACH-000973,639V_URINARY_TRACT,urinary_tract,,,True,,,,SIDM00999,False,True
ACH-001024,ACH-001024,CHL1_SKIN,skin,melanoma,,True,,,,SIDM01228,False,True
ACH-000971,ACH-000971,HCT116_LARGE_INTESTINE,colorectal,colorectal_MSI,,True,,,,SIDM00783,False,True
ACH-000873,ACH-000873,KYSE270_OESOPHAGUS,esophagus,esophagus_squamous,,True,,,,SIDM01029,False,True
ACH-000486,ACH-000486,KU1919_URINARY_TRACT,urinary_tract,,,True,,,,SIDM01033,False,True
ACH-000997,ACH-000997,HCT15_LARGE_INTESTINE,colorectal,colorectal_MSI,,True,,,,SIDM00789,True,False
ACH-000552,ACH-000552,HT29_LARGE_INTESTINE,colorectal,,,True,,,,SIDM00136,True,False
ACH-000796,ACH-000796,MCAS_OVARY,ovary,ovary_adenocarcinoma,ovary_mucinous,True,,,,SIDM00008,False,True
ACH-000652,ACH-000652,SUIT2_PANCREAS,pancreas,,,True,,,,SIDM00371,True,False
ACH-000452,ACH-000452,TE8_OESOPHAGUS,esophagus,esophagus_squamous,,True,,,,SIDM00326,False,True
ACH-000458,ACH-000458,CJM_SKIN,skin,melanoma,,True,,,,,False,False
ACH-000221,ACH-000221,SNU398_LIVER,liver,,,True,,,,SIDM01181,False,True
ACH-000970,ACH-000970,SNUC5_LARGE_INTESTINE,colorectal,,,True,,,,SIDM00498,False,True
ACH-000893,ACH-000893,NCIH1651_LUNG,lung,lung_NSC,lung_adenocarcinoma,True,,,,SIDM00744,False,True
ACH-000855,ACH-000855,KYSE150_OESOPHAGUS,esophagus,esophagus_squamous,,True,,,,SIDM01031,False,True
ACH-000562,ACH-000562,HCC78_LUNG,lung,lung_NSC,lung_adenocarcinoma,True,,,,SIDM01068,False,True
ACH-000769,ACH-000769,LK2_LUNG,lung,lung_NSC,lung_squamous,True,,,,SIDM00548,False,True
ACH-000384,ACH-000384,SW780_URINARY_TRACT,urinary_tract,,,True,,,,SIDM01160,False,True
ACH-000917,ACH-000917,TE4_OESOPHAGUS,esophagus,esophagus_squamous,,True,,,,SIDM00250,False,True
ACH-000505,ACH-000505,RKN_SOFT_TISSUE,soft_tissue,leiomyosarcoma,,True,,,,SIDM00353,False,True
ACH-000765,ACH-000765,WM983B_SKIN,skin,melanoma,,True,,,,,False,False
ACH-000858,ACH-000858,KNS62_LUNG,lung,lung_NSC,lung_squamous,True,,,,SIDM00606,False,True
ACH-000595,ACH-000595,LN229_CENTRAL_NERVOUS_SYSTEM,central_nervous_system,glioma,glioblastoma,True,,,,SIDM00684,False,True
ACH-000052,ACH-000052,A673_BONE,bone,Ewing_sarcoma,,True,,,,SIDM00848,False,True
ACH-000979,ACH-000979,DU145_PROSTATE,prostate,,,True,,,,SIDM00120,False,True
ACH-000320,ACH-000320,PSN1_PANCREAS,pancreas,,,True,,,,SIDM00469,False,True
ACH-000571,ACH-000571,T98G_CENTRAL_NERVOUS_SYSTEM,central_nervous_system,glioma,glioblastoma,True,,,,SIDM01171,False,True
ACH-000812,ACH-000812,COLO783_SKIN,skin,melanoma,,True,,,,SIDM00955,False,True
ACH-000891,ACH-000891,HCC1438_LUNG,lung,lung_NSC,lung_large,True,,,,,False,False
ACH-000667,ACH-000667,HCC44_LUNG,lung,lung_NSC,lung_adenocarcinoma,True,,,,SIDM01069,False,True
ACH-000734,ACH-000734,JHH5_LIVER,liver,,,True,,,,,False,False
ACH-000416,ACH-000416,NCIH838_LUNG,lung,lung_NSC,lung_adenocarcinoma,True,,,,SIDM01150,False,True
ACH-000802,ACH-000802,BFTC905_URINARY_TRACT,urinary_tract,,,True,,,,SIDM00989,False,True
ACH-000946,ACH-000946,HEC265_ENDOMETRIUM,uterus,uterus_endometrium,,True,,,,,False,False
ACH-000472,ACH-000472,HSC2_UPPER_AERODIGESTIVE_TRACT,upper_aerodigestive,upper_aerodigestive_squamous,,True,,,,SIDM00590,False,True
ACH-000962,ACH-000962,OC314_OVARY,ovary,ovary_adenocarcinoma,ovary_serous,True,,,,SIDM00220,False,True
ACH-000756,ACH-000756,GI1_CENTRAL_NERVOUS_SYSTEM,central_nervous_system,glioma,,True,,,,SIDM00273,False,True
ACH-001145,ACH-001145,OC316_OVARY,ovary,ovary_adenocarcinoma,,True,,,,SIDM00219,False,True
ACH-000383,ACH-000383,OE33_OESOPHAGUS,esophagus,esophagus_adenocarcinoma,,True,,,,SIDM00477,False,True
ACH-000846,ACH-000846,FADU_UPPER_AERODIGESTIVE_TRACT,upper_aerodigestive,upper_aerodigestive_squamous,,True,,,,SIDM00860,False,True
ACH-000359,ACH-000359,MG63_BONE,bone,osteosarcoma,,True,,,,SIDM00525,False,True
ACH-000804,ACH-000804,NB1_AUTONOMIC_GANGLIA,peripheral_nervous_system,neuroblastoma,,True,,,,SIDM00578,False,True
ACH-000609,ACH-000609,SF126_CENTRAL_NERVOUS_SYSTEM,central_nervous_system,glioma,astrocytoma,True,,,,SIDM00382,False,True
ACH-000682,ACH-000682,SNU1066_UPPER_AERODIGESTIVE_TRACT,upper_aerodigestive,upper_aerodigestive_squamous,,True,,,,SIDM00170,False,True
ACH-000212,ACH-000212,CAL120_BREAST,breast,TNBC,,True,,,,SIDM00940,False,True
ACH-000787,ACH-000787,LXF289_LUNG,lung,lung_NSC,lung_adenocarcinoma,True,,,,SIDM00339,False,True
ACH-000987,ACH-000987,MEWO_SKIN,skin,melanoma,,True,,,,SIDM00545,False,True
ACH-000974,ACH-000974,SNGM_ENDOMETRIUM,uterus,uterus_endometrium,,True,,,,SIDM00373,False,True
ACH-000832,ACH-000832,CAL27_UPPER_AERODIGESTIVE_TRACT,upper_aerodigestive,upper_aerodigestive_squamous,,True,,,,SIDM00937,False,True
ACH-000561,ACH-000561,TT_OESOPHAGUS,esophagus,esophagus_squamous,,True,,,,SIDM00322,False,True
ACH-000305,ACH-000305,ECGI10_OESOPHAGUS,esophagus,esophagus_squamous,,True,,,,SIDM00278,False,True
ACH-000753,ACH-000753,JMSU1_URINARY_TRACT,urinary_tract,,,True,,,,,False,False
ACH-000138,ACH-000138,CFPAC1_PANCREAS,pancreas,,,True,,,,SIDM00130,False,True
ACH-000046,ACH-000046,ACHN_KIDNEY,kidney,,,True,,,,SIDM00123,False,True
ACH-000856,ACH-000856,CAL51_BREAST,breast,TNBC,,True,,,,SIDM00933,False,True
ACH-000878,ACH-000878,HCC15_LUNG,lung,lung_NSC,lung_squamous,True,,,,SIDM01072,False,True
ACH-000250,ACH-000250,KMRC20_KIDNEY,kidney,,,True,,,,SIDM00609,False,True
ACH-000558,ACH-000558,A172_CENTRAL_NERVOUS_SYSTEM,central_nervous_system,glioma,glioblastoma,True,,,,SIDM00799,False,True
ACH-000766,ACH-000766,NCIH1648_LUNG,lung,lung_NSC,lung_adenocarcinoma,True,,,,SIDM00746,False,True
ACH-000404,ACH-000404,K029AX_SKIN,skin,melanoma,,True,,,,,False,False
ACH-000813,ACH-000813,T3M10_LUNG,lung,lung_NSC,lung_large,True,,,,,False,False
ACH-000311,ACH-000311,NCIH2122_LUNG,lung,lung_NSC,lung_adenocarcinoma,True,,,,SIDM00702,False,True
ACH-000454,ACH-000454,HCC95_LUNG,lung,lung_NSC,lung_squamous,True,,,,,False,False
ACH-000488,ACH-000488,TE11_OESOPHAGUS,esophagus,esophagus_squamous,,True,,,,SIDM00348,False,True
ACH-000849,ACH-000849,MDAMB468_BREAST,breast,TNBC,,True,,,,SIDM00628,False,True
ACH-000868,ACH-000868,HCC1195_LUNG,lung,lung_NSC,lung_mixed,True,,,,,False,False
ACH-000978,ACH-000978,EN_ENDOMETRIUM,uterus,uterus_endometrium,,True,,,,SIDM01045,False,True
ACH-000408,ACH-000408,TE5_OESOPHAGUS,esophagus,esophagus_squamous,,True,,,,SIDM00347,False,True
ACH-000344,ACH-000344,SNU668_STOMACH,gastric,gastric_adenocarcinoma,diffuse_gastric,True,,,,,False,False
ACH-000161,ACH-000161,CORL105_LUNG,lung,lung_NSC,lung_adenocarcinoma,True,,,,SIDM00513,False,True
ACH-000835,ACH-000835,GCT_SOFT_TISSUE,soft_tissue,pleomorphic_sarcoma,,True,,,,SIDM00853,False,True
ACH-000819,ACH-000819,LN18_CENTRAL_NERVOUS_SYSTEM,central_nervous_system,glioma,glioblastoma,True,,,,SIDM00685,False,True
ACH-000062,ACH-000062,RERFLCMS_LUNG,lung,lung_NSC,lung_adenocarcinoma,True,,,,SIDM00355,False,True
ACH-000473,ACH-000473,RT112_URINARY_TRACT,urinary_tract,,,True,,,,SIDM00402,False,True
ACH-000593,ACH-000593,BC3C_URINARY_TRACT,urinary_tract,,,True,,,,,False,False
ACH-000176,ACH-000176,LOUNH91_LUNG,lung,lung_NSC,lung_squamous,True,,,,SIDM00341,False,True
ACH-000445,ACH-000445,KNS60_CENTRAL_NERVOUS_SYSTEM,central_nervous_system,glioma,glioblastoma,True,,,,,False,False
ACH-000331,ACH-000331,ISTMES2_PLEURA,mesothelioma,,,True,,,,,False,False
ACH-000163,ACH-000163,SW579_THYROID,thyroid,,,True,,,,SIDM01167,False,True
ACH-000768,ACH-000768,MDAMB231_BREAST,breast,TNBC,,True,,,,SIDM00146,False,True
ACH-001078_FAILED_STR,,,,,,False,STR matches cell line LS513,ACH-001078,HCC1588_LUNG,,False,False
ACH-000778,ACH-000778,HSC3_UPPER_AERODIGESTIVE_TRACT,upper_aerodigestive,upper_aerodigestive_squamous,,True,,,,SIDM00589,False,True
ACH-000881,ACH-000881,MELJUSO_SKIN,skin,melanoma,,True,,,,SIDM00336,False,True
ACH-000521,ACH-000521,NCIH2030_LUNG,lung,lung_NSC,lung_adenocarcinoma,True,,,,SIDM00715,False,True
ACH-000696,ACH-000696,OVCAR8_OVARY,ovary,ovary_adenocarcinoma,ovary_high_grade_serous,True,,,,SIDM00090,False,True
ACH-000913,ACH-000913,ESS1_ENDOMETRIUM,uterus,uterus_endometrium,,True,,,,SIDM01043,False,True
ACH-000030,ACH-000030,PC14_LUNG,lung,lung_NSC,lung_adenocarcinoma,True,,,,SIDM00237,False,True
ACH-000972,ACH-000972,HEC151_ENDOMETRIUM,uterus,uterus_endometrium,,True,,,,,False,False
ACH-000242,ACH-000242,RT4_URINARY_TRACT,urinary_tract,,,True,,,,SIDM01085,False,True
ACH-000087,ACH-000087,SKES1_BONE,bone,Ewing_sarcoma,,True,,,,SIDM01111,False,True
ACH-000926,ACH-000926,HT55_LARGE_INTESTINE,colorectal,,,True,,,,SIDM00541,False,True
ACH-000356,ACH-000356,MKN45_STOMACH,gastric,gastric_adenocarcinoma,diffuse_gastric,True,,,,SIDM00247,False,True
ACH-000625,ACH-000625,HEP3B217_LIVER,liver,,,True,,,,SIDM00672,False,True
ACH-000613,ACH-000613,HOS_BONE,bone,osteosarcoma,,True,,,,SIDM00806,False,True
ACH-000976,ACH-000976,HUCCT1_BILIARY_TRACT,bile_duct,cholangiocarcinoma,intrahepatic,True,,,,SIDM00587,False,True
ACH-001075,ACH-001075,NCIH292_LUNG,lung,lung_NSC,,True,,,,SIDM00493,False,True
ACH-000632,ACH-000632,HS944T_SKIN,skin,melanoma,,True,,,,SIDM00063,False,True
ACH-000261,ACH-000261,RERFLCAI_LUNG,lung,lung_NSC,lung_squamous,True,,,,SIDM00307,False,True
ACH-000957,ACH-000957,LS180_LARGE_INTESTINE,colorectal,colorectal_MSI,,True,,,,SIDM00680,False,True
ACH-000099,ACH-000099,SIMA_AUTONOMIC_GANGLIA,peripheral_nervous_system,neuroblastoma,,True,,,,SIDM00395,False,True
ACH-000783,ACH-000783,CAMA1_BREAST,breast,ERpos,,True,,,,SIDM00920,False,True
ACH-000573,ACH-000573,MDAMB436_BREAST,breast,TNBC,,True,,,,SIDM00629,False,True
ACH-000852,ACH-000852,NCIH1435_LUNG,lung,lung_NSC,lung_adenocarcinoma,True,,,,SIDM00658,False,True
ACH-000461,ACH-000461,SNU1196_BILIARY_TRACT,bile_duct,cholangiocarcinoma,extrahepatic,True,,,,SIDM00163,False,True
ACH-000420,ACH-000420,SNU449_LIVER,liver,,,True,,,,SIDM01194,False,True
ACH-000694,ACH-000694,TE9_OESOPHAGUS,esophagus,esophagus_squamous,,True,,,,SIDM00325,False,True
ACH-000528,ACH-000528,ABC1_LUNG,lung,lung_NSC,lung_adenocarcinoma,True,,,,SIDM00494,False,True
ACH-000845,ACH-000845,NCIH1373_LUNG,lung,lung_NSC,lung_adenocarcinoma,True,,,,,False,False
ACH-000563,ACH-000563,EBC1_LUNG,lung,lung_NSC,lung_squamous,True,,,,SIDM00486,False,True
ACH-000665,ACH-000665,SKMES1_LUNG,lung,lung_NSC,lung_squamous,True,,,,SIDM01103,False,True
ACH-000467,ACH-000467,HCC56_LARGE_INTESTINE,colorectal,,,True,,,,SIDM00597,False,True
ACH-000201,ACH-000201,A204_SOFT_TISSUE,rhabdoid,,,True,,,,SIDM00798,False,True
ACH-000296,ACH-000296,OUMS23_LARGE_INTESTINE,colorectal,,,True,,,,SIDM00036,False,True
ACH-000207,ACH-000207,DETROIT562_UPPER_AERODIGESTIVE_TRACT,upper_aerodigestive,upper_aerodigestive_squamous,,True,,,,SIDM00831,False,True
ACH-000735,ACH-000735,PECAPJ49_UPPER_AERODIGESTIVE_TRACT,upper_aerodigestive,upper_aerodigestive_squamous,,True,,,,,False,False
ACH-000437,ACH-000437,SW1088_CENTRAL_NERVOUS_SYSTEM,central_nervous_system,glioma,,True,,,,SIDM01155,False,True
ACH-000456,ACH-000456,BCPAP_THYROID,thyroid,,,True,,,,SIDM00992,False,True
ACH-000781,ACH-000781,NCIH2023_LUNG,lung,lung_NSC,lung_adenocarcinoma,True,,,,SIDM00753,False,True
ACH-000643,ACH-000643,HDQP1_BREAST,breast,TNBC,,True,,,,SIDM01062,False,True
ACH-000833,ACH-000833,RH30_SOFT_TISSUE,rhabdomyosarcoma,,,True,,,,,False,False
ACH-000771,ACH-000771,BICR56_UPPER_AERODIGESTIVE_TRACT,upper_aerodigestive,upper_aerodigestive_squamous,,True,,,,,False,False
ACH-000991,ACH-000991,SNU81_LARGE_INTESTINE,colorectal,,,True,,,,SIDM00193,False,True
ACH-000159,ACH-000159,OSRC2_KIDNEY,kidney,,,True,,,,SIDM00239,False,True
ACH-000948,ACH-000948,2313287_STOMACH,gastric,gastric_adenocarcinoma,,True,,,,SIDM00980,False,True
ACH-000481,ACH-000481,NCIH2170_LUNG,lung,lung_NSC,lung_squamous,True,,,,SIDM00716,False,True
ACH-000118,ACH-000118,HUPT3_PANCREAS,pancreas,,,True,,,,SIDM00533,False,True
ACH-000352,ACH-000352,HCC1428_BREAST,breast,ERpos,,True,,,,SIDM00881,False,True
ACH-000945,ACH-000945,NCIH650_LUNG,lung,lung_NSC,lung_adenocarcinoma,True,,,,SIDM01124,False,True
ACH-000929,ACH-000929,NCIH2110_LUNG,lung,lung_NSC,,True,,,,SIDM00703,False,True
ACH-000681,ACH-000681,A549_LUNG,lung,lung_NSC,lung_adenocarcinoma,True,,,,SIDM00903,False,True
ACH-000137,ACH-000137,8MGBA_CENTRAL_NERVOUS_SYSTEM,central_nervous_system,glioma,astrocytoma,True,,,,SIDM00998,False,True
ACH-000482,ACH-000482,RERFLCKJ_LUNG,lung,lung_NSC,lung_adenocarcinoma,True,,,,SIDM00356,False,True
ACH-000235,ACH-000235,PANC0403_PANCREAS,pancreas,,,True,,,,SIDM01137,False,True
ACH-000900,ACH-000900,NCIH23_LUNG,lung,lung_NSC,lung_adenocarcinoma,True,,,,SIDM00138,False,True
ACH-000911,ACH-000911,NUGC3_STOMACH,gastric,gastric_adenocarcinoma,,True,,,,SIDM00572,False,True
ACH-000479,ACH-000479,KNS81_CENTRAL_NERVOUS_SYSTEM,central_nervous_system,glioma,glioblastoma,True,,,,SIDM00605,False,True
ACH-000319,ACH-000319,MPP89_PLEURA,mesothelioma,,,True,,,,SIDM00222,False,True
ACH-000401,ACH-000401,COLO800_SKIN,skin,melanoma,,True,,,,SIDM00515,False,True
ACH-000915,ACH-000915,IPC298_SKIN,skin,melanoma,,True,,,,SIDM01059,False,True
ACH-000982,ACH-000982,GP2D_LARGE_INTESTINE,colorectal,colorectal_MSI,,True,,,,SIDM00536,False,True
ACH-000544,ACH-000544,OE21_OESOPHAGUS,esophagus,esophagus_squamous,,True,,,,SIDM00478,False,True
ACH-000823,ACH-000823,KYSE140_OESOPHAGUS,esophagus,esophagus_squamous,,True,,,,SIDM01032,False,True
ACH-000021,ACH-000021,NCIH1693_LUNG,lung,lung_NSC,lung_adenocarcinoma,True,,,,SIDM00742,False,True
ACH-000047,ACH-000047,GCIY_STOMACH,gastric,gastric_adenocarcinoma,,True,,,,SIDM00274,False,True
ACH-000276,ACH-000276,HCC38_BREAST,breast,TNBC,,True,,,,SIDM00675,False,True
ACH-000092,ACH-000092,NCIH2452_PLEURA,mesothelioma,,,True,,,,SIDM00722,False,True
ACH-000890,ACH-000890,SW1271_LUNG,lung,lung_small,,True,,,,SIDM01156,False,True
ACH-000266,ACH-000266,SNU213_PANCREAS,pancreas,,,True,,,,,False,False
ACH-000724,ACH-000724,HT1376_URINARY_TRACT,urinary_tract,,,True,,,,SIDM00678,False,True
ACH-000996,ACH-000996,HEC251_ENDOMETRIUM,uterus,uterus_endometrium,,True,,,,,False,False
ACH-000622,ACH-000622,KNS42_CENTRAL_NERVOUS_SYSTEM,central_nervous_system,glioma,glioblastoma,True,,,,SIDM00607,False,True
ACH-000800,ACH-000800,NCIH446_LUNG,lung,lung_small,,True,,,,SIDM00965,False,True
ACH-000899,ACH-000899,WM88_SKIN,skin,melanoma,,True,,,,SIDM01768,False,True
ACH-000539_FAILED_STR,,,,,,False,STR profile matches cell line SW569,ACH-000539,HS618T_FIBROBLAST,,False,False
ACH-000582,ACH-000582,COLO741_SKIN,skin,melanoma,,True,,,,,False,False
ACH-000990,ACH-000990,HEC108_ENDOMETRIUM,uterus,uterus_endometrium,,True,,,,,False,False
ACH-000019,ACH-000019,MCF7_BREAST,breast,ERpos,,True,,,,SIDM00148,False,True
ACH-000260,ACH-000260,SKNAS_AUTONOMIC_GANGLIA,peripheral_nervous_system,neuroblastoma,,True,,,,SIDM01101,False,True
ACH-000273,ACH-000273,SF539_CENTRAL_NERVOUS_SYSTEM,central_nervous_system,glioma,,True,,,,SIDM00083,False,True
ACH-000592,ACH-000592,TM31_CENTRAL_NERVOUS_SYSTEM,central_nervous_system,glioma,,True,,,,,False,False
ACH-000848,ACH-000848,JHH7_LIVER,liver,,,True,,,,SIDM00614,False,True
ACH-000785,ACH-000785,NCIH2126_LUNG,lung,lung_NSC,lung_adenocarcinoma,True,,,,SIDM00775,False,True
ACH-000988,ACH-000988,MFE319_ENDOMETRIUM,uterus,uterus_endometrium,,True,,,,SIDM00333,False,True
ACH-000403,ACH-000403,NCIH747_LARGE_INTESTINE,colorectal,,,True,,,,SIDM00778,False,True
ACH-000630,ACH-000630,YD8_UPPER_AERODIGESTIVE_TRACT,upper_aerodigestive,upper_aerodigestive_squamous,,True,,,,,False,False
ACH-000141,ACH-000141,SNU308_BILIARY_TRACT,bile_duct,gallbladder,,True,,,,SIDM00161,False,True
ACH-000808,ACH-000808,HUH28_BILIARY_TRACT,bile_duct,cholangiocarcinoma,intrahepatic,True,,,,,False,False
ACH-000040,ACH-000040,U118MG_CENTRAL_NERVOUS_SYSTEM,central_nervous_system,glioma,astrocytoma,True,,,,SIDM01193,False,True
ACH-000715,ACH-000715,SNU1214_UPPER_AERODIGESTIVE_TRACT,upper_aerodigestive,upper_aerodigestive_squamous,,True,,,,SIDM00167,False,True
ACH-000447,ACH-000447,NCIH2228_LUNG,lung,lung_NSC,lung_adenocarcinoma,True,,,,SIDM00729,False,True
ACH-000186,ACH-000186,NCIH2444_LUNG,lung,lung_NSC,,True,,,,SIDM00723,False,True
ACH-000984,ACH-000984,HEC6_ENDOMETRIUM,uterus,uterus_endometrium,,True,,,,,False,False
ACH-000840,ACH-000840,HCC366_LUNG,lung,lung_NSC,lung_mixed,True,,,,SIDM01070,False,True
ACH-000318,ACH-000318,TE10_OESOPHAGUS,esophagus,esophagus_squamous,,True,,,,SIDM00349,False,True
ACH-000579,ACH-000579,UACC257_SKIN,skin,melanoma,,True,,,,SIDM00108,False,True
ACH-001306,ACH-001306,8305C_THYROID,thyroid,,,True,,,,SIDM00997,False,True
ACH-000919,ACH-000919,IM95_STOMACH,gastric,gastric_adenocarcinoma,,True,,,,SIDM00602,False,True
ACH-000726,ACH-000726,TE14_OESOPHAGUS,esophagus,esophagus_squamous,,True,,,,,False,False
ACH-000188,ACH-000188,SCC25_UPPER_AERODIGESTIVE_TRACT,upper_aerodigestive,upper_aerodigestive_squamous,,True,,,,SIDM01082,False,True
ACH-000503,ACH-000503,BICR16_UPPER_AERODIGESTIVE_TRACT,upper_aerodigestive,upper_aerodigestive_squamous,,True,,,,,False,False
ACH-000013,ACH-000013,ONCODG1_OVARY,ovary,ovary_adenocarcinoma,ovary_high_grade_serous,True,,,,SIDM00093,False,True
ACH-000231,ACH-000231,KALS1_CENTRAL_NERVOUS_SYSTEM,central_nervous_system,glioma,glioblastoma,True,,,,SIDM00613,False,True
ACH-000730,ACH-000730,SKMEL5_SKIN,skin,melanoma,,True,,,,SIDM00080,False,True
ACH-000222,ACH-000222,ASPC1_PANCREAS,pancreas,,,True,,,,SIDM00899,False,True
ACH-000500,ACH-000500,SNU46_UPPER_AERODIGESTIVE_TRACT,upper_aerodigestive,upper_aerodigestive_squamous,,True,,,,,False,False
ACH-000411,ACH-000411,769P_KIDNEY,kidney,,,True,,,,SIDM00803,False,True
ACH-000292,ACH-000292,NCIH841_LUNG,lung,lung_small,,True,,,,SIDM01134,False,True
ACH-000822,ACH-000822,SKMEL24_SKIN,skin,melanoma,,True,,,,SIDM01106,False,True
ACH-000618,ACH-000618,SNU1041_UPPER_AERODIGESTIVE_TRACT,upper_aerodigestive,upper_aerodigestive_squamous,,True,,,,SIDM00173,False,True
ACH-000827,ACH-000827,WM793_SKIN,skin,melanoma,,True,,,,SIDM00973,False,True
ACH-000278,ACH-000278,COV362_OVARY,ovary,ovary_adenocarcinoma,ovary_high_grade_serous,True,,,,,False,False
ACH-000569,ACH-000569,ISTMES1_PLEURA,mesothelioma,,,True,,,,SIDM00224,False,True
ACH-000139,ACH-000139,PANC0327_PANCREAS,pancreas,,,True,,,,SIDM01138,False,True
ACH-000425,ACH-000425,UACC62_SKIN,skin,melanoma,,True,,,,SIDM00107,False,True
ACH-000741,ACH-000741,UBLC1_URINARY_TRACT,urinary_tract,,,True,,,,,False,False
ACH-000223,ACH-000223,HCC1937_BREAST,breast,TNBC,,True,,,,SIDM00874,True,False
ACH-000477,ACH-000477,MALME3M_SKIN,skin,melanoma,,True,,,,SIDM00011,False,True
ACH-000495,ACH-000495,TUHR4TKB_KIDNEY,kidney,,,True,,,,,False,False
ACH-000434,ACH-000434,NCIH1915_LUNG,lung,lung_NSC,lung_large,True,,,,SIDM00763,False,True
ACH-000107,ACH-000107,CAPAN2_PANCREAS,pancreas,,,True,,,,SIDM00943,False,True
ACH-000744,ACH-000744,NCIH1623_LUNG,lung,lung_NSC,lung_adenocarcinoma,True,,,,SIDM00747,False,True
ACH-000898,ACH-000898,SNU719_STOMACH,gastric,gastric_adenocarcinoma,,True,,,,,False,False
ACH-000182,ACH-000182,SNU869_BILIARY_TRACT,bile_duct,cholangiocarcinoma,extrahepatic,True,,,,SIDM00159,False,True
ACH-000516,ACH-000516,CAL78_BONE,bone,chondrosarcoma,,True,,,,SIDM00929,False,True
ACH-000444,ACH-000444,LU99_LUNG,lung,lung_NSC,lung_large,True,,,,SIDM00546,False,True
ACH-000666,ACH-000666,NCIH1355_LUNG,lung,lung_NSC,lung_adenocarcinoma,True,,,,SIDM00645,False,True
ACH-000701,ACH-000701,RMUGS_OVARY,ovary,ovary_adenocarcinoma,ovary_mucinous,True,,,,,False,False
ACH-000037,ACH-000037,S117_THYROID,thyroid,thyroid_sarcoma,,True,,,,SIDM00035,False,True
ACH-000884,ACH-000884,MDAMB435S_SKIN,skin,melanoma,,True,,,,SIDM01222,False,True
ACH-000014,ACH-000014,HS294T_SKIN,skin,melanoma,,True,,,,SIDM00800,False,True
ACH-000502,ACH-000502,TCCPAN2_PANCREAS,pancreas,,,True,,,,,False,False
ACH-000504,ACH-000504,SNB75_CENTRAL_NERVOUS_SYSTEM,central_nervous_system,glioma,,True,,,,SIDM00095,False,True
ACH-000886,ACH-000886,NCIH2009_LUNG,lung,lung_NSC,lung_adenocarcinoma,True,,,,SIDM00756,False,True
ACH-000843,ACH-000843,HARA_LUNG,lung,lung_NSC,lung_squamous,True,,,,SIDM00598,False,True
ACH-000035,ACH-000035,NCIH1650_LUNG,lung,lung_NSC,lung_adenocarcinoma,True,,,,SIDM00745,False,True
ACH-000925_FAILED_STR,,,,,,False,STR matches LS180,ACH-000925,DV90_LUNG,,False,False
ACH-000661,ACH-000661,WM1799_SKIN,skin,melanoma,,True,,,,,False,False
ACH-001239,ACH-001239,WM2664_SKIN,skin,melanoma,,True,,,,SIDM00979,False,True
ACH-000517,ACH-000517,SNU410_PANCREAS,pancreas,,,True,,,,,False,False
ACH-000527,ACH-000527,OVISE_OVARY,ovary,ovary_adenocarcinoma,ovary_clear_cell,True,,,,SIDM00564,False,True
ACH-000374,ACH-000374,HCC1143_BREAST,breast,TNBC,,True,,,,SIDM00866,False,True
ACH-000391,ACH-000391,MHHES1_BONE,bone,Ewing_sarcoma,,True,,,,SIDM00386,False,True
ACH-000368,ACH-000368,SNU1105_CENTRAL_NERVOUS_SYSTEM,central_nervous_system,glioma,glioblastoma,True,,,,,False,False
ACH-000189,ACH-000189,RCC10RGB_KIDNEY,kidney,,,True,,,,SIDM00235,False,True
ACH-000791,ACH-000791,RERFLCAD1_LUNG,lung,lung_NSC,lung_adenocarcinoma,True,,,,,False,False
ACH-000367,ACH-000367,NCIH226_LUNG,lung,lung_NSC,lung_squamous,True,,,,SIDM00139,False,True
ACH-001190,ACH-001190,SKMEL2_SKIN,skin,melanoma,,True,,,,SIDM00082,False,True
ACH-000450,ACH-000450,MELHO_SKIN,skin,melanoma,,True,,,,SIDM00337,False,True
ACH-000244,ACH-000244,DKMG_CENTRAL_NERVOUS_SYSTEM,central_nervous_system,glioma,glioblastoma,True,,,,SIDM00947,False,True
ACH-000713,ACH-000713,CAOV3_OVARY,ovary,ovary_adenocarcinoma,ovary_high_grade_serous,True,,,,SIDM00919,False,True
ACH-000672,ACH-000672,IALM_LUNG,lung,lung_NSC,lung_large,True,,,,SIDM00306,False,True
ACH-000875,ACH-000875,NCIH2347_LUNG,lung,lung_NSC,lung_adenocarcinoma,True,,,,SIDM00726,False,True
ACH-000423,ACH-000423,SKMEL3_SKIN,skin,melanoma,,True,,,,SIDM01105,False,True
ACH-000553,ACH-000553,SQ1_LUNG,lung,lung_NSC,lung_squamous,True,,,,,False,False
ACH-000834,ACH-000834,UMUC1_URINARY_TRACT,urinary_tract,,,True,,,,,False,False
ACH-000252,ACH-000252,LS1034_LARGE_INTESTINE,colorectal,,,True,,,,SIDM00681,False,True
ACH-000123,ACH-000123,COV434_OVARY,ovary,ovary_adenocarcinoma,ovary_endometrioid,True,,,,,False,False
ACH-000329,ACH-000329,CCFSTTG1_CENTRAL_NERVOUS_SYSTEM,central_nervous_system,glioma,astrocytoma,True,,,,SIDM00131,False,True
ACH-000232,ACH-000232,U251MG_CENTRAL_NERVOUS_SYSTEM,central_nervous_system,glioma,astrocytoma,True,,,,SIDM00111,False,True
ACH-000717,ACH-000717,COLO680N_OESOPHAGUS,esophagus,esophagus_squamous,,True,,,,SIDM00956,False,True
ACH-000669,ACH-000669,SW900_LUNG,lung,lung_NSC,lung_squamous,True,,,,SIDM01158,False,True
ACH-000764,ACH-000764,SH10TC_STOMACH,gastric,gastric_adenocarcinoma,,True,,,,,False,False
ACH-000288,ACH-000288,BT549_BREAST,breast,TNBC,,True,,,,SIDM00122,False,True
ACH-000415,ACH-000415,BICR6_UPPER_AERODIGESTIVE_TRACT,upper_aerodigestive,upper_aerodigestive_squamous,,True,,,,,False,False
ACH-000228,ACH-000228,BICR31_UPPER_AERODIGESTIVE_TRACT,upper_aerodigestive,upper_aerodigestive_squamous,,True,,,,SIDM00078,False,True
ACH-000977,ACH-000977,LNCAPCLONEFGC_PROSTATE,prostate,,,True,,,,SIDM00683,False,True
ACH-000397,ACH-000397,TEN_ENDOMETRIUM,uterus,uterus_endometrium,,True,,,,,False,False
ACH-000565,ACH-000565,RCM1_LARGE_INTESTINE,colorectal,,,True,,,,SIDM00359,False,True
ACH-000209,ACH-000209,SNU1079_BILIARY_TRACT,bile_duct,cholangiocarcinoma,intrahepatic,True,,,,SIDM00164,False,True
ACH-000711,ACH-000711,JIMT1_BREAST,breast,HER2Amp,,True,,,,SIDM01037,False,True
ACH-000927,ACH-000927,BT474_BREAST,breast,TPBC,,True,,,,SIDM00963,True,False
ACH-000308,ACH-000308,EFO21_OVARY,ovary,ovary_adenocarcinoma,ovary_clear_cell,True,,,,SIDM01052,False,True
ACH-000091,ACH-000091,OV56_OVARY,ovary,ovary_adenocarcinoma,,True,,,,SIDM00475,False,True
ACH-000759,ACH-000759,MDAMB175VII_BREAST,breast,ERpos,,True,,,,SIDM00633,False,True
ACH-001321,ACH-001321,TT_THYROID,thyroid,,,True,,,,SIDM00484,False,True
ACH-000417,ACH-000417,PANC0813_PANCREAS,pancreas,,,True,,,,SIDM01136,False,True
ACH-000060,ACH-000060,PANC1005_PANCREAS,pancreas,,,True,,,,SIDM01135,False,True
ACH-000172,ACH-000172,TM87_SOFT_TISSUE,rhabdoid,,,True,,,,,False,False
ACH-001128,ACH-001128,MON_SOFT_TISSUE,rhabdoid,,,True,,,,,False,False
ACH-001192,ACH-001192,SKNEP1_BONE,bone,Ewing_sarcoma,,True,,,,SIDM00027,False,True
ACH-000747,ACH-000747,NCIH1703_LUNG,lung,lung_NSC,lung_adenocarcinoma,True,,,,SIDM00740,False,True
ACH-000279,ACH-000279,EWS502_BONE,bone,Ewing_sarcoma,,True,,,,,False,False
ACH-000809,ACH-000809,KYSE410_OESOPHAGUS,esophagus,esophagus_squamous,,True,,,,SIDM01028,False,True
ACH-000322,ACH-000322,HT144_SKIN,skin,melanoma,,True,,,,SIDM00695,False,True
ACH-000142,ACH-000142,CAL29_URINARY_TRACT,urinary_tract,,,True,,,,SIDM00936,False,True
ACH-000736,ACH-000736,SNU601_STOMACH,gastric,gastric_adenocarcinoma,,True,,,,,False,False
ACH-000985,ACH-000985,LS411N_LARGE_INTESTINE,colorectal,colorectal_MSI,,True,,,,SIDM00660,False,True
ACH-000364,ACH-000364,U2OS_BONE,bone,osteosarcoma,,True,,,,SIDM01191,False,True
ACH-000956,ACH-000956,22RV1_PROSTATE,prostate,,,True,,,,SIDM00499,False,True
ACH-000679,ACH-000679,OE19_OESOPHAGUS,esophagus,esophagus_squamous,,True,,,,SIDM00479,False,True
ACH-000441,ACH-000441,SH4_SKIN,skin,melanoma,,True,,,,SIDM01079,False,True
ACH-000853,ACH-000853,NCIH661_LUNG,lung,lung_NSC,lung_large,True,,,,SIDM01122,False,True
ACH-001113,ACH-001113,LC1SQSF_LUNG,lung,lung_NSC,lung_squamous,True,,,,SIDM01226,False,True
ACH-000620,ACH-000620,JHH1_LIVER,liver,,,True,,,,SIDM00618,False,True
ACH-000648,ACH-000648,NCIH28_PLEURA,mesothelioma,,,True,,,,SIDM00720,False,True
ACH-000905,ACH-000905,5637_URINARY_TRACT,urinary_tract,,,True,,,,SIDM00807,False,True
ACH-000102,ACH-000102,GMS10_CENTRAL_NERVOUS_SYSTEM,central_nervous_system,glioma,glioblastoma,True,,,,SIDM01074,False,True
ACH-000542,ACH-000542,HEYA8_OVARY,ovary,ovary_adenocarcinoma,ovary_low_grade_serous,True,,,,SIDM01215,False,True
ACH-000943,ACH-000943,RKO_LARGE_INTESTINE,colorectal,colorectal_MSI,,True,,,,SIDM01090,False,True
ACH-000174,ACH-000174,CAL62_THYROID,thyroid,,,True,,,,SIDM00931,False,True
ACH-000393,ACH-000393,HLF_LIVER,liver,,,True,,,,SIDM00065,False,True
ACH-000680,ACH-000680,SW948_LARGE_INTESTINE,colorectal,,,True,,,,SIDM00832,False,True
ACH-000018,ACH-000018,T24_URINARY_TRACT,urinary_tract,,,True,,,,SIDM01184,False,True
ACH-000906,ACH-000906,ES2_OVARY,ovary,ovary_adenocarcinoma,ovary_clear_cell,True,,,,SIDM00861,False,True
ACH-000836,ACH-000836,YD15_SALIVARY_GLAND,upper_aerodigestive,upper_aerodigestive_squamous,,True,,,,,False,False
ACH-000784,ACH-000784,KYSE70_OESOPHAGUS,esophagus,esophagus_squamous,,True,,,,SIDM01024,False,True
ACH-000265,ACH-000265,KP4_PANCREAS,pancreas,,,True,,,,SIDM00301,True,False
ACH-000657,ACH-000657,A2780_OVARY,ovary,ovary_adenocarcinoma,ovary_endometrioid,True,,,,SIDM00210,False,True
ACH-000880,ACH-000880,AGS_STOMACH,gastric,gastric_adenocarcinoma,,True,,,,SIDM00850,False,True
ACH-000961,ACH-000961,ISHIKAWAHERAKLIO02ER_ENDOMETRIUM,uterus,uterus_endometrium,,True,,,,SIDM00037,False,True
ACH-000847,ACH-000847,HGC27_STOMACH,gastric,,,True,,,,SIDM00290,False,True
ACH-000896,ACH-000896,647V_URINARY_TRACT,urinary_tract,,,True,,,,SIDM00983,False,True
ACH-000921,ACH-000921,NCIH1339_LUNG,lung,lung_small,,True,,,,,False,False
ACH-000826,ACH-000826,CAL12T_LUNG,lung,lung_NSC,,True,,,,SIDM00939,False,True
ACH-000685,ACH-000685,L33_PANCREAS,pancreas,,,True,,,,,False,False
ACH-000376,ACH-000376,SF295_CENTRAL_NERVOUS_SYSTEM,central_nervous_system,glioma,glioblastoma,True,,,,SIDM00084,False,True
ACH-000428,ACH-000428,UO31_KIDNEY,kidney,,,True,,,,SIDM00112,False,True
ACH-000723,ACH-000723,YD10B_UPPER_AERODIGESTIVE_TRACT,upper_aerodigestive,upper_aerodigestive_squamous,,True,,,,,False,False
ACH-000749,ACH-000749,DMS273_LUNG,lung,lung_small,,True,,,,SIDM00522,False,True
ACH-000572,ACH-000572,G361_SKIN,skin,melanoma,,True,,,,SIDM00857,False,True
ACH-000704,ACH-000704,OAW42_OVARY,ovary,,,True,,,,SIDM00480,False,True
ACH-000721,ACH-000721,HMC18_BREAST,breast,,,True,,,,,False,False
ACH-000457,ACH-000457,CAL54_KIDNEY,kidney,,,True,,,,SIDM00932,False,True
CONTROL_BARCODE_1,,,,,,True,,,,,False,False
CONTROL_BARCODE_2,,,,,,True,,,,,False,False
CONTROL_BARCODE_3,,,,,,True,,,,,False,False
CONTROL_BARCODE_4,,,,,,True,,,,,False,False
CONTROL_BARCODE_5,,,,,,True,,,,,False,False
CONTROL_BARCODE_6,,,,,,True,,,,,False,False
CONTROL_BARCODE_7,,,,,,True,,,,,False,False
CONTROL_BARCODE_8,,,,,,True,,,,,False,False
CONTROL_BARCODE_9,,,,,,True,,,,,False,False
CONTROL_BARCODE_10,,,,,,True,,,,,False,False
ACH-000530,ACH-000530,DMS114_LUNG,lung,lung_small,,True,,,,SIDM00865,False,True
ACH-000475,ACH-000475,HUH1_LIVER,liver,,,True,,,,SIDM00586,False,True
ACH-000986,ACH-000986,HT115_LARGE_INTESTINE,colorectal,,,True,,,,SIDM00534,False,True
ACH-000518,ACH-000518,CAL33_UPPER_AERODIGESTIVE_TRACT,upper_aerodigestive,upper_aerodigestive_squamous,,True,,,,SIDM00942,False,True
ACH-000466,ACH-000466,SNU216_STOMACH,gastric,gastric_adenocarcinoma,,True,,,,,False,False
ACH-000555,ACH-000555,A498_KIDNEY,kidney,,,True,,,,SIDM00124,False,True
ACH-000483,ACH-000483,SNU182_LIVER,liver,,,True,,,,SIDM01151,False,True
ACH-000623,ACH-000623,SNU201_CENTRAL_NERVOUS_SYSTEM,central_nervous_system,glioma,glioblastoma,True,,,,SIDM00158,False,True
ACH-000698,ACH-000698,DMS53_LUNG,lung,lung_small,,True,,,,SIDM00523,False,True
ACH-000883,ACH-000883,SW1783_CENTRAL_NERVOUS_SYSTEM,central_nervous_system,glioma,astrocytoma,True,,,,SIDM01164,False,True
ACH-000638,ACH-000638,NCIH441_LUNG,lung,lung_NSC,lung_adenocarcinoma,True,,,,SIDM00925,False,True
ACH-000400,ACH-000400,SKCO1_LARGE_INTESTINE,colorectal,,,True,,,,SIDM01096,True,False
ACH-000291,ACH-000291,OV90_OVARY,ovary,ovary_adenocarcinoma,ovary_high_grade_serous,True,,,,SIDM01141,False,True
ACH-000740,ACH-000740,A253_SALIVARY_GLAND,upper_aerodigestive,upper_aerodigestive_squamous,,True,,,,SIDM00796,False,True
ACH-000149,ACH-000149,SKNSH_AUTONOMIC_GANGLIA,peripheral_nervous_system,neuroblastoma,,True,,,,SIDM01098,False,True
ACH-000543,ACH-000543,SNU489_CENTRAL_NERVOUS_SYSTEM,central_nervous_system,glioma,,True,,,,,False,False
ACH-000464,ACH-000464,CAS1_CENTRAL_NERVOUS_SYSTEM,central_nervous_system,glioma,glioblastoma,True,,,,SIDM00212,False,True
ACH-000963,ACH-000963,CCK81_LARGE_INTESTINE,colorectal,colorectal_MSI,,True,,,,SIDM00487,False,True
ACH-000435,ACH-000435,EFE184_ENDOMETRIUM,uterus,uterus_endometrium,,True,,,,,False,False
ACH-000706,ACH-000706,EKVX_LUNG,lung,lung_NSC,lung_adenocarcinoma,True,,,,SIDM00119,False,True
ACH-000213,ACH-000213,HUPT4_PANCREAS,pancreas,,,True,,,,SIDM00531,False,True
ACH-000443,ACH-000443,OVKATE_OVARY,ovary,ovary_adenocarcinoma,ovary_high_grade_serous,True,,,,SIDM00466,False,True
ACH-000470,ACH-000470,SW1463_LARGE_INTESTINE,colorectal,,,True,,,,SIDM00834,False,True
ACH-000399,ACH-000399,NCIH2196_LUNG,lung,lung_small,,True,,,,SIDM00731,False,True
ACH-000934,ACH-000934,MDAMB361_BREAST,breast,HER2Amp,,True,,,,SIDM00528,False,True
ACH-000548,ACH-000548,BHY_UPPER_AERODIGESTIVE_TRACT,upper_aerodigestive,upper_aerodigestive_squamous,,True,,,,SIDM00986,False,True
ACH-000249,ACH-000249,CL11_LARGE_INTESTINE,colorectal,,,True,,,,SIDM00944,False,True
ACH-000739,ACH-000739,HEPG2_LIVER,liver,,,True,,,,SIDM00904,False,True
ACH-000269,ACH-000269,AM38_CENTRAL_NERVOUS_SYSTEM,central_nervous_system,glioma,glioblastoma,True,,,,SIDM00492,False,True
ACH-000093,ACH-000093,PANC0504_PANCREAS,pancreas,,,True,,,,,False,False
ACH-000485,ACH-000485,GSU_STOMACH,gastric,gastric_adenocarcinoma,,True,,,,,False,False
ACH-000350,ACH-000350,COLO678_LARGE_INTESTINE,colorectal,,,True,,,,SIDM00957,False,True
ACH-000330,ACH-000330,EFM19_BREAST,breast,ERpos,,True,,,,SIDM01056,False,True
ACH-000256,ACH-000256,COV318_OVARY,ovary,ovary_adenocarcinoma,ovary_high_grade_serous,True,,,,,False,False
ACH-000041,ACH-000041,RDES_BONE,bone,Ewing_sarcoma,,True,,,,,False,False
ACH-000348,ACH-000348,RPMI7951_SKIN,skin,melanoma,,True,,,,SIDM01087,False,True
ACH-000608,ACH-000608,COV644_OVARY,ovary,ovary_adenocarcinoma,ovary_mucinous,True,,,,,False,False
ACH-000507,ACH-000507,KE39_STOMACH,gastric,gastric_adenocarcinoma,,True,,,,,False,False
ACH-000378,ACH-000378,NCIH647_LUNG,lung,lung_NSC,,True,,,,SIDM01125,False,True
ACH-000686,ACH-000686,SNU878_LIVER,liver,,,True,,,,,False,False
ACH-000075,ACH-000075,U87MG_CENTRAL_NERVOUS_SYSTEM,central_nervous_system,glioma,astrocytoma,True,,,,SIDM01189,False,True
ACH-000446,ACH-000446,KPNSI9S_AUTONOMIC_GANGLIA,peripheral_nervous_system,neuroblastoma,,True,,,,,False,False
ACH-000489,ACH-000489,SW1116_LARGE_INTESTINE,colorectal,,,True,,,,SIDM00835,False,True
ACH-000430,ACH-000430,TYKNU_OVARY,ovary,ovary_adenocarcinoma,ovary_high_grade_serous,True,,,,SIDM00321,False,True
ACH-000692,ACH-000692,SNU899_UPPER_AERODIGESTIVE_TRACT,upper_aerodigestive,upper_aerodigestive_squamous,,True,,,,SIDM00169,False,True
ACH-000547,ACH-000547,HT1197_URINARY_TRACT,urinary_tract,,,True,,,,SIDM00676,False,True
ACH-000580,ACH-000580,C32_SKIN,skin,melanoma,,True,,,,SIDM00890,False,True
ACH-000234,ACH-000234,CAKI2_KIDNEY,kidney,,,True,,,,,False,False
ACH-000116,ACH-000116,OAW28_OVARY,ovary,ovary_adenocarcinoma,ovary_high_grade_serous,True,,,,SIDM00481,False,True
ACH-000617,ACH-000617,OVCAR4_OVARY,ovary,ovary_adenocarcinoma,ovary_high_grade_serous,True,,,,SIDM00092,False,True
ACH-000114,ACH-000114,SU8686_PANCREAS,pancreas,,,True,,,,SIDM01188,False,True
ACH-000590,ACH-000590,NCIH2073_LUNG,lung,lung_NSC,lung_adenocarcinoma,True,,,,SIDM00757,False,True
ACH-000616,ACH-000616,HS746T_STOMACH,gastric,gastric_adenocarcinoma,,True,,,,SIDM00665,False,True
ACH-000859,ACH-000859,HCC1954_BREAST,breast,HER2Amp,,True,,,,SIDM00872,False,True
ACH-000699,ACH-000699,HCC1395_BREAST,breast,TNBC,,True,,,,SIDM00884,False,True
ACH-000120,ACH-000120,CHP212_AUTONOMIC_GANGLIA,peripheral_nervous_system,neuroblastoma,,True,,,,SIDM00910,False,True
ACH-000794,ACH-000794,BICR22_UPPER_AERODIGESTIVE_TRACT,upper_aerodigestive,upper_aerodigestive_squamous,,True,,,,SIDM00485,False,True
ACH-000645,ACH-000645,JL1_PLEURA,mesothelioma,,,True,,,,,False,False
ACH-000460_FAILED_STR,,,,,,False,"STR does not match profile, missidentified",ACH-000460,SNU8_OVARY,,False,False
ACH-000644,ACH-000644,COLO829_SKIN,skin,melanoma,,True,,,,SIDM00909,False,True
ACH-000085,ACH-000085,T3M4_PANCREAS,pancreas,,,True,,,,,False,False
ACH-000200,ACH-000200,NMCG1_CENTRAL_NERVOUS_SYSTEM,central_nervous_system,glioma,glioblastoma,True,,,,SIDM00575,False,True
ACH-000998,ACH-000998,CW2_LARGE_INTESTINE,colorectal,colorectal_MSI,,True,,,,SIDM00282,False,True
ACH-000001,ACH-000001,NIHOVCAR3_OVARY,ovary,ovary_adenocarcinoma,ovary_high_grade_serous,True,,,,SIDM00105,False,True
ACH-000341,ACH-000341,SKNFI_AUTONOMIC_GANGLIA,peripheral_nervous_system,neuroblastoma,,True,,,,SIDM01099,False,True
ACH-000992_FAILED_STR,,,,,,False,STR shows mouse contamination,ACH-000992,BICR18_UPPER_AERODIGESTIVE_TRACT,,False,False
ACH-000499,ACH-000499,EW8_BONE,bone,Ewing_sarcoma,,True,,,,,False,False
ACH-001211,ACH-001211,TTC549_SOFT_TISSUE,rhabdoid,,,True,,,,,False,False
ACH-001212,ACH-001212,TTC642_SOFT_TISSUE,rhabdoid,,,True,,,,,False,False
ACH-001205,ACH-001205,TC32_BONE,bone,Ewing_sarcoma,,True,,,,,False,False
ACH-001099,ACH-001099,KD_SOFT_TISSUE,rhabdoid,,,True,,,,,False,False
ACH-001022,ACH-001022,CBAGPN_BONE,bone,Ewing_sarcoma,,True,,,,SIDM01544,False,True
ACH-001010,ACH-001010,A673STAG2NT23_ENGINEERED,bone,Ewing_sarcoma,Ewing_sarcoma_engineered,True,,,,,False,False
ACH-001210,ACH-001210,TTC1240_SOFT_TISSUE,rhabdoid,,,True,,,,,False,False
ACH-001200,ACH-001200,STM9101_SOFT_TISSUE,rhabdoid,,,True,,,,,False,False
ACH-001193,ACH-001193,SKPNDW_BONE,bone,Ewing_sarcoma,,True,,,,SIDM01097,False,True
ACH-000227,ACH-000227,KPNYN_AUTONOMIC_GANGLIA,peripheral_nervous_system,neuroblastoma,,True,,,,SIDM00556,False,True
ACH-001163,ACH-001163,CCLFPEDS0001T_KIDNEY,kidney,,,True,,,,,False,False
ACH-001164,ACH-001164,CCLFPEDS0003T_SOFT_TISSUE,soft_tissue,sarcoma_undifferentiated,,True,,,,,False,False
ACH-001029,ACH-001029,CHLA10_BONE,bone,Ewing_sarcoma,,True,,,,,False,False
ACH-000597,ACH-000597,TTC709_SOFT_TISSUE,rhabdoid,,,True,,,,,False,False
ACH-000533,ACH-000533,NCIH2004RT_SOFT_TISSUE,rhabdoid,,,True,,,,,False,False
ACH-000051,ACH-000051,TE617T_SOFT_TISSUE,rhabdomyosarcoma,,,True,,,,,False,False
ACH-001008,ACH-001008,A673STAG2KO45_ENGINEERED,bone,Ewing_sarcoma,Ewing_sarcoma_engineered,True,,,,,False,False
ACH-001007,ACH-001007,A673STAG2KO16_ENGINEERED,bone,Ewing_sarcoma,Ewing_sarcoma_engineered,True,,,,,False,False
ACH-001009,ACH-001009,A673STAG2NT14_ENGINEERED,bone,Ewing_sarcoma,Ewing_sarcoma_engineered,True,,,,,False,False
ACH-000078,ACH-000078,MHHNB11_AUTONOMIC_GANGLIA,peripheral_nervous_system,neuroblastoma,,True,,,,SIDM00387,False,True
ACH-000366,ACH-000366,SKNDZ_AUTONOMIC_GANGLIA,peripheral_nervous_system,neuroblastoma,,True,,,,SIDM01100,False,True
ACH-000631,ACH-000631,KS1_CENTRAL_NERVOUS_SYSTEM,central_nervous_system,glioma,astrocytoma,True,,,,SIDM00555,False,True
