SIDM,role,alpha,ridge_lambda,confirmations,extra,swapped_in,net_joint,max_abs_correction
SIDM00053,SV,0.25,100.0,3,0,0,0,0.0008567579814549309
SIDM00053,SV,0.5,100.0,3,0,0,0,0.0017135159629098617
SIDM00053,SV,1.0,100.0,3,0,0,0,0.0034270319258197235
SIDM00053,VS,0.25,100.0,5,0,0,0,0.00044062393969429033
SIDM00053,VS,0.5,100.0,5,0,0,0,0.0008812478793885807
SIDM00053,VS,1.0,100.0,5,0,0,0,0.0017624957587771613
SIDM00053,SV,0.25,10.0,3,0,0,0,0.006864103114448458
SIDM00053,SV,0.5,10.0,3,0,0,0,0.013728206228896917
SIDM00053,SV,1.0,10.0,3,0,1,0,0.027456412457793834
SIDM00053,VS,0.25,10.0,5,0,0,0,0.0035946576703989323
SIDM00053,VS,0.5,10.0,5,0,0,0,0.007189315340797865
SIDM00053,VS,1.0,10.0,5,0,0,0,0.01437863068159573
SIDM00053,SV,0.25,1.0,3,0,1,0,0.026174550248079912
SIDM00053,SV,0.5,1.0,3,0,1,0,0.052349100496159824
SIDM00053,SV,1.0,1.0,3,0,2,0,0.10469820099231965
SIDM00053,VS,0.25,1.0,5,0,0,0,0.019763274905806982
SIDM00053,VS,0.5,1.0,5,0,0,0,0.039526549811613965
SIDM00053,VS,1.0,1.0,5,0,0,0,0.07905309962322793
SIDM00136,SV,0.25,100.0,5,0,0,0,0.000716018581131999
SIDM00136,SV,0.5,100.0,5,0,0,0,0.001432037162263998
SIDM00136,SV,1.0,100.0,5,0,0,0,0.002864074324527996
SIDM00136,VS,0.25,100.0,5,0,0,0,0.0006398332469263043
SIDM00136,VS,0.5,100.0,5,0,0,0,0.0012796664938526086
SIDM00136,VS,1.0,100.0,5,0,0,0,0.002559332987705217
SIDM00136,SV,0.25,10.0,5,0,0,0,0.005600919511938635
SIDM00136,SV,0.5,10.0,5,0,0,0,0.01120183902387727
SIDM00136,SV,1.0,10.0,5,0,0,0,0.02240367804775454
SIDM00136,VS,0.25,10.0,5,0,1,0,0.004984213379116098
SIDM00136,VS,0.5,10.0,5,0,1,0,0.009968426758232196
SIDM00136,VS,1.0,10.0,5,0,1,0,0.019936853516464393
SIDM00136,SV,0.25,1.0,5,0,0,0,0.022405588768726767
SIDM00136,SV,0.5,1.0,4,-1,1,-1,0.044811177537453534
SIDM00136,SV,1.0,1.0,3,-2,2,-2,0.08962235507490707
SIDM00136,VS,0.25,1.0,5,0,1,0,0.017805975697172273
SIDM00136,VS,0.5,1.0,5,0,2,0,0.035611951394344546
SIDM00136,VS,1.0,1.0,5,0,2,0,0.07122390278868909
SIDM00301,SV,0.25,100.0,6,0,0,0,0.000742826207866858
SIDM00301,SV,0.5,100.0,6,0,0,0,0.001485652415733716
SIDM00301,SV,1.0,100.0,6,0,0,0,0.002971304831467432
SIDM00301,VS,0.25,100.0,6,0,0,0,0.00043461781069270274
SIDM00301,VS,0.5,100.0,6,0,0,0,0.0008692356213854055
SIDM00301,VS,1.0,100.0,6,0,0,0,0.001738471242770811
SIDM00301,SV,0.25,10.0,6,0,0,0,0.005887673724101358
SIDM00301,SV,0.5,10.0,6,0,0,0,0.011775347448202717
SIDM00301,SV,1.0,10.0,6,0,1,0,0.023550694896405433
SIDM00301,VS,0.25,10.0,6,0,0,0,0.0033635919745118657
SIDM00301,VS,0.5,10.0,6,0,0,0,0.006727183949023731
SIDM00301,VS,1.0,10.0,6,0,0,0,0.013454367898047463
SIDM00301,SV,0.25,1.0,6,0,0,0,0.021613576766260426
SIDM00301,SV,0.5,1.0,6,0,1,0,0.04322715353252085
SIDM00301,SV,1.0,1.0,6,0,1,0,0.0864543070650417
SIDM00301,VS,0.25,1.0,6,0,0,0,0.0186556505888571
SIDM00301,VS,0.5,1.0,6,0,0,0,0.0373113011777142
SIDM00301,VS,1.0,1.0,6,0,0,0,0.0746226023554284
SIDM00332,SV,0.25,100.0,0,0,0,0,0.0013097308027348528
SIDM00332,SV,0.5,100.0,0,0,0,0,0.0026194616054697056
SIDM00332,SV,1.0,100.0,0,0,0,0,0.005238923210939411
SIDM00332,VS,0.25,100.0,6,0,0,0,0.0007840449362649562
SIDM00332,VS,0.5,100.0,6,0,0,0,0.0015680898725299124
SIDM00332,VS,1.0,100.0,6,0,0,0,0.003136179745059825
SIDM00332,SV,0.25,10.0,0,0,0,0,0.010449607467694896
SIDM00332,SV,0.5,10.0,0,0,0,0,0.020899214935389793
SIDM00332,SV,1.0,10.0,0,0,1,0,0.041798429870779585
SIDM00332,VS,0.25,10.0,6,0,0,0,0.006080948595147874
SIDM00332,VS,0.5,10.0,6,0,0,0,0.012161897190295748
SIDM00332,VS,1.0,10.0,6,0,1,0,0.024323794380591495
SIDM00332,SV,0.25,1.0,0,0,1,0,0.041422492921716354
SIDM00332,SV,0.5,1.0,0,0,2,0,0.08284498584343271
SIDM00332,SV,1.0,1.0,0,0,3,0,0.16568997168686542
SIDM00332,VS,0.25,1.0,6,0,0,0,0.020389655123507888
SIDM00332,VS,0.5,1.0,6,0,1,0,0.040779310247015775
SIDM00332,VS,1.0,1.0,6,0,2,0,0.08155862049403155
SIDM00371,SV,0.25,100.0,4,0,0,0,0.0007388260061790451
SIDM00371,SV,0.5,100.0,4,0,0,0,0.0014776520123580901
SIDM00371,SV,1.0,100.0,4,0,0,0,0.0029553040247161802
SIDM00371,VS,0.25,100.0,4,0,0,0,0.0004405681539506405
SIDM00371,VS,0.5,100.0,4,0,0,0,0.000881136307901281
SIDM00371,VS,1.0,100.0,4,0,0,0,0.001762272615802562
SIDM00371,SV,0.25,10.0,4,0,0,0,0.005870202369043558
SIDM00371,SV,0.5,10.0,4,0,0,0,0.011740404738087115
SIDM00371,SV,1.0,10.0,3,-1,1,-1,0.02348080947617423
SIDM00371,VS,0.25,10.0,4,0,0,0,0.003389123014131309
SIDM00371,VS,0.5,10.0,4,0,0,0,0.006778246028262618
SIDM00371,VS,1.0,10.0,4,0,0,0,0.013556492056525236
SIDM00371,SV,0.25,1.0,4,0,0,0,0.0216413398840223
SIDM00371,SV,0.5,1.0,3,-1,1,-1,0.0432826797680446
SIDM00371,SV,1.0,1.0,2,-2,2,-2,0.0865653595360892
SIDM00371,VS,0.25,1.0,4,0,0,0,0.017913733748153058
SIDM00371,VS,0.5,1.0,4,0,0,0,0.035827467496306116
SIDM00371,VS,1.0,1.0,4,0,0,0,0.07165493499261223
SIDM00453,SV,0.25,100.0,5,0,0,0,0.0007925739209986582
SIDM00453,SV,0.5,100.0,5,0,0,0,0.0015851478419973163
SIDM00453,SV,1.0,100.0,5,0,0,0,0.0031702956839946327
SIDM00453,VS,0.25,100.0,9,0,1,-1,0.0004891831270486213
SIDM00453,VS,0.5,100.0,9,0,1,-1,0.0009783662540972426
SIDM00453,VS,1.0,100.0,9,0,1,-1,0.0019567325081944853
SIDM00453,SV,0.25,10.0,5,0,0,0,0.006283479894143251
SIDM00453,SV,0.5,10.0,5,0,0,0,0.012566959788286503
SIDM00453,SV,1.0,10.0,5,0,1,0,0.025133919576573006
SIDM00453,VS,0.25,10.0,9,0,1,-1,0.003774098076323875
SIDM00453,VS,0.5,10.0,9,0,1,-1,0.00754819615264775
SIDM00453,VS,1.0,10.0,9,0,1,-1,0.0150963923052955
SIDM00453,SV,0.25,1.0,5,0,1,0,0.022948653550684473
SIDM00453,SV,0.5,1.0,5,0,1,0,0.045897307101368946
SIDM00453,SV,1.0,1.0,5,0,1,0,0.09179461420273789
SIDM00453,VS,0.25,1.0,9,0,1,-1,0.017325406475905043
SIDM00453,VS,0.5,1.0,9,0,1,-1,0.034650812951810085
SIDM00453,VS,1.0,1.0,9,0,1,-1,0.06930162590362017
SIDM00583,SV,0.25,100.0,2,0,0,0,0.0007137003858955275
SIDM00583,SV,0.5,100.0,2,0,0,0,0.001427400771791055
SIDM00583,SV,1.0,100.0,2,0,0,0,0.00285480154358211
SIDM00583,VS,0.25,100.0,4,0,0,0,0.0004504492048616435
SIDM00583,VS,0.5,100.0,4,0,0,0,0.000900898409723287
SIDM00583,VS,1.0,100.0,4,0,0,0,0.001801796819446574
SIDM00583,SV,0.25,10.0,2,0,0,0,0.005643525566528293
SIDM00583,SV,0.5,10.0,2,0,0,0,0.011287051133056586
SIDM00583,SV,1.0,10.0,2,0,0,0,0.022574102266113172
SIDM00583,VS,0.25,10.0,4,0,0,0,0.0034859337167153755
SIDM00583,VS,0.5,10.0,4,0,0,0,0.006971867433430751
SIDM00583,VS,1.0,10.0,4,0,0,0,0.013943734866861502
SIDM00583,SV,0.25,1.0,2,0,0,0,0.020373264762465308
SIDM00583,SV,0.5,1.0,2,0,1,0,0.040746529524930616
SIDM00583,SV,1.0,1.0,2,0,1,0,0.08149305904986123
SIDM00583,VS,0.25,1.0,4,0,0,0,0.01757325103627089
SIDM00583,VS,0.5,1.0,4,0,0,0,0.03514650207254178
SIDM00583,VS,1.0,1.0,4,0,0,0,0.07029300414508356
SIDM00789,SV,0.25,100.0,3,0,0,0,0.0006907162189093062
SIDM00789,SV,0.5,100.0,3,0,0,0,0.0013814324378186125
SIDM00789,SV,1.0,100.0,3,0,0,0,0.002762864875637225
SIDM00789,VS,0.25,100.0,5,0,0,0,0.0006115060924149118
SIDM00789,VS,0.5,100.0,5,0,0,0,0.0012230121848298236
SIDM00789,VS,1.0,100.0,5,0,0,0,0.0024460243696596473
SIDM00789,SV,0.25,10.0,3,0,0,0,0.005411443703979612
SIDM00789,SV,0.5,10.0,3,0,0,0,0.010822887407959223
SIDM00789,SV,1.0,10.0,3,0,0,0,0.021645774815918447
SIDM00789,VS,0.25,10.0,5,0,1,0,0.004772398861975564
SIDM00789,VS,0.5,10.0,5,0,1,0,0.009544797723951127
SIDM00789,VS,1.0,10.0,5,0,1,0,0.019089595447902254
SIDM00789,SV,0.25,1.0,3,0,0,0,0.02216618785964901
SIDM00789,SV,0.5,1.0,3,0,1,0,0.04433237571929802
SIDM00789,SV,1.0,1.0,3,0,2,0,0.08866475143859603
SIDM00789,VS,0.25,1.0,5,0,1,0,0.01712397103742154
SIDM00789,VS,0.5,1.0,5,0,2,0,0.03424794207484308
SIDM00789,VS,1.0,1.0,6,1,2,1,0.06849588414968616
SIDM00841,SV,0.25,100.0,1,0,0,0,0.0006913553273916526
SIDM00841,SV,0.5,100.0,1,0,0,0,0.0013827106547833052
SIDM00841,SV,1.0,100.0,1,0,0,0,0.0027654213095666103
SIDM00841,VS,0.25,100.0,2,0,0,0,0.0006285385380686309
SIDM00841,VS,0.5,100.0,2,0,0,0,0.0012570770761372618
SIDM00841,VS,1.0,100.0,2,0,0,0,0.0025141541522745235
SIDM00841,SV,0.25,10.0,1,0,0,0,0.005662429012855036
SIDM00841,SV,0.5,10.0,1,0,0,0,0.011324858025710071
SIDM00841,SV,1.0,10.0,1,0,0,0,0.022649716051420143
SIDM00841,VS,0.25,10.0,2,0,0,0,0.004820071514190329
SIDM00841,VS,0.5,10.0,2,0,0,0,0.009640143028380658
SIDM00841,VS,1.0,10.0,2,0,0,0,0.019280286056761315
SIDM00841,SV,0.25,1.0,1,0,0,0,0.023437397901596584
SIDM00841,SV,0.5,1.0,1,0,1,0,0.04687479580319317
SIDM00841,SV,1.0,1.0,1,0,2,0,0.09374959160638634
SIDM00841,VS,0.25,1.0,2,0,0,0,0.01908211276338856
SIDM00841,VS,0.5,1.0,2,0,1,0,0.03816422552677712
SIDM00841,VS,1.0,1.0,2,0,2,0,0.07632845105355424
SIDM00874,SV,0.25,100.0,1,0,0,0,0.00129405236032516
SIDM00874,SV,0.5,100.0,1,0,0,0,0.00258810472065032
SIDM00874,SV,1.0,100.0,1,0,0,0,0.00517620944130064
SIDM00874,VS,0.25,100.0,1,0,0,0,0.0007708030499295729
SIDM00874,VS,0.5,100.0,1,0,0,0,0.0015416060998591457
SIDM00874,VS,1.0,100.0,1,0,0,0,0.0030832121997182915
SIDM00874,SV,0.25,10.0,1,0,0,0,0.010350143671955268
SIDM00874,SV,0.5,10.0,1,0,0,0,0.020700287343910537
SIDM00874,SV,1.0,10.0,1,0,0,0,0.04140057468782107
SIDM00874,VS,0.25,10.0,1,0,0,0,0.005992715741297178
SIDM00874,VS,0.5,10.0,1,0,0,0,0.011985431482594356
SIDM00874,VS,1.0,10.0,1,0,0,0,0.023970862965188713
SIDM00874,SV,0.25,1.0,1,0,0,0,0.041540230965424814
SIDM00874,SV,0.5,1.0,1,0,1,0,0.08308046193084963
SIDM00874,SV,1.0,1.0,0,-1,4,-1,0.16616092386169926
SIDM00874,VS,0.25,1.0,1,0,0,0,0.020161695585199386
SIDM00874,VS,0.5,1.0,1,0,1,0,0.04032339117039877
SIDM00874,VS,1.0,1.0,1,0,2,0,0.08064678234079754
SIDM00898,SV,0.25,100.0,1,0,0,0,0.0006192464855135854
SIDM00898,SV,0.5,100.0,1,0,0,0,0.0012384929710271709
SIDM00898,SV,1.0,100.0,1,0,0,0,0.0024769859420543418
SIDM00898,VS,0.25,100.0,2,0,0,0,0.0007806102120718365
SIDM00898,VS,0.5,100.0,2,0,0,0,0.001561220424143673
SIDM00898,VS,1.0,100.0,2,0,0,0,0.003122440848287346
SIDM00898,SV,0.25,10.0,1,0,0,0,0.0048838903191668614
SIDM00898,SV,0.5,10.0,1,0,0,0,0.009767780638333723
SIDM00898,SV,1.0,10.0,1,0,1,0,0.019535561276667446
SIDM00898,VS,0.25,10.0,2,0,0,0,0.006063324618243295
SIDM00898,VS,0.5,10.0,2,0,0,0,0.01212664923648659
SIDM00898,VS,1.0,10.0,2,0,0,0,0.02425329847297318
SIDM00898,SV,0.25,1.0,1,0,1,0,0.02162301673481884
SIDM00898,SV,0.5,1.0,1,0,1,0,0.04324603346963768
SIDM00898,SV,1.0,1.0,1,0,3,0,0.08649206693927536
SIDM00898,VS,0.25,1.0,2,0,0,0,0.020429397545309945
SIDM00898,VS,0.5,1.0,2,0,1,0,0.04085879509061989
SIDM00898,VS,1.0,1.0,2,0,2,0,0.08171759018123978
SIDM00928,SV,0.25,100.0,1,0,0,0,0.001319235828014477
SIDM00928,SV,0.5,100.0,1,0,0,0,0.002638471656028954
SIDM00928,SV,1.0,100.0,1,0,0,0,0.005276943312057908
SIDM00928,VS,0.25,100.0,1,0,0,0,0.0007820157028504072
SIDM00928,VS,0.5,100.0,1,0,0,0,0.0015640314057008143
SIDM00928,VS,1.0,100.0,1,0,0,0,0.0031280628114016286
SIDM00928,SV,0.25,10.0,1,0,0,0,0.0105428966895347
SIDM00928,SV,0.5,10.0,1,0,0,0,0.0210857933790694
SIDM00928,SV,1.0,10.0,1,0,1,0,0.0421715867581388
SIDM00928,VS,0.25,10.0,1,0,0,0,0.006073731505728457
SIDM00928,VS,0.5,10.0,1,0,0,0,0.012147463011456914
SIDM00928,VS,1.0,10.0,1,0,0,0,0.02429492602291383
SIDM00928,SV,0.25,1.0,1,0,1,0,0.04204214520316471
SIDM00928,SV,0.5,1.0,1,0,1,0,0.08408429040632942
SIDM00928,SV,1.0,1.0,0,-1,4,-1,0.16816858081265884
SIDM00928,VS,0.25,1.0,1,0,0,0,0.020374124309378985
SIDM00928,VS,0.5,1.0,1,0,1,0,0.04074824861875797
SIDM00928,VS,1.0,1.0,1,0,2,0,0.08149649723751594
SIDM00963,SV,0.25,100.0,2,0,0,0,0.0013363123545305166
SIDM00963,SV,0.5,100.0,2,0,0,0,0.002672624709061033
SIDM00963,SV,1.0,100.0,2,0,0,0,0.005345249418122066
SIDM00963,VS,0.25,100.0,0,0,0,0,0.0008228435446779745
SIDM00963,VS,0.5,100.0,0,0,0,0,0.001645687089355949
SIDM00963,VS,1.0,100.0,0,0,0,0,0.003291374178711898
SIDM00963,SV,0.25,10.0,2,0,0,0,0.01078631683578457
SIDM00963,SV,0.5,10.0,2,0,0,0,0.02157263367156914
SIDM00963,SV,1.0,10.0,2,0,0,0,0.04314526734313828
SIDM00963,VS,0.25,10.0,0,0,0,0,0.006480207356597323
SIDM00963,VS,0.5,10.0,0,0,0,0,0.012960414713194646
SIDM00963,VS,1.0,10.0,0,0,0,0,0.02592082942638929
SIDM00963,SV,0.25,1.0,2,0,0,0,0.0447563116815478
SIDM00963,SV,0.5,1.0,2,0,1,0,0.0895126233630956
SIDM00963,SV,1.0,1.0,2,0,4,0,0.1790252467261912
SIDM00963,VS,0.25,1.0,0,0,0,0,0.023103672494619868
SIDM00963,VS,0.5,1.0,0,0,1,0,0.046207344989239736
SIDM00963,VS,1.0,1.0,0,0,2,0,0.09241468997847947
SIDM01096,SV,0.25,100.0,6,0,0,0,0.0007199815558348122
SIDM01096,SV,0.5,100.0,6,0,0,0,0.0014399631116696243
SIDM01096,SV,1.0,100.0,6,0,0,0,0.0028799262233392487
SIDM01096,VS,0.25,100.0,2,0,0,0,0.0006634459231134777
SIDM01096,VS,0.5,100.0,2,0,0,0,0.0013268918462269554
SIDM01096,VS,1.0,100.0,2,0,0,0,0.002653783692453911
SIDM01096,SV,0.25,10.0,6,0,0,0,0.00592121333233858
SIDM01096,SV,0.5,10.0,6,0,0,0,0.01184242666467716
SIDM01096,SV,1.0,10.0,6,0,0,0,0.02368485332935432
SIDM01096,VS,0.25,10.0,2,0,1,0,0.005097874480659763
SIDM01096,VS,0.5,10.0,2,0,1,0,0.010195748961319527
SIDM01096,VS,1.0,10.0,2,0,1,0,0.020391497922639053
SIDM01096,SV,0.25,1.0,6,0,0,0,0.024882111178902523
SIDM01096,SV,0.5,1.0,6,0,1,0,0.049764222357805046
SIDM01096,SV,1.0,1.0,6,0,2,0,0.09952844471561009
SIDM01096,VS,0.25,1.0,2,0,1,0,0.020580800480157813
SIDM01096,VS,0.5,1.0,2,0,2,0,0.041161600960315625
SIDM01096,VS,1.0,1.0,2,0,2,0,0.08232320192063125
