condition_id,drug,dose_uM,plate,cell,time_hours,assay,split,chemical_group,role,treated_n,control_n,subset_sha256,control_subset_sha256,original_condition_id,response_role,observed_value,endpoint,reference_prediction,state_prediction,model_provenance_sha256
8502a1966f2c38109b15-technical_validation,Levobupivacaine (hydrochloride),5.0,plate9,NCI-H596,24.0,single_cell_RNA,train,LEBVLXFERQHONN,technical_validation,10,31,ceb65fed120121c7c69779d2756990ce4cc0fcbe96b30b206c574acc76cab3b5,587252054c862f2810819497749af3cb9106a89a4f08ac710fa3a8c4466a6cd4,8502a1966f2c38109b15,technical_validation,0.0001516260219109,signed_noise_corrected_mean_squared_native_rna_delta,0.0009062156417572371,0.00016607424651315954,22a1d724903c475292fde7358d775822ae4c6b90c625581bb5c8213854287e35
cf08b1aa3be4e261149d-technical_validation,Menadione,5.0,plate9,NCI-H596,24.0,single_cell_RNA,train,MJVAVZPDRWSRRC,technical_validation,4,31,1f25b9bde5338d01e13e82d30a73b32bb2a3e8d7fd161d264d7f26ebf46fde5e,587252054c862f2810819497749af3cb9106a89a4f08ac710fa3a8c4466a6cd4,cf08b1aa3be4e261149d,technical_validation,0.000366951589409,signed_noise_corrected_mean_squared_native_rna_delta,0.0007881222213662342,0.0003877122942428332,22a1d724903c475292fde7358d775822ae4c6b90c625581bb5c8213854287e35
cc022cdffbe6c622407b-technical_validation,Lenalidomide (hemihydrate),5.0,plate14,NCI-H596,24.0,single_cell_RNA,train,GOTYRUGSSMKFNF,technical_validation,12,10,d134c952ef87a589122514cdf89c1db251fb6a2dcf33f242f11cd5d669e6118a,a91d1bdc108fcaa9a10c499c47f4367a2eb7ae2894c4c02536c0c4d7bf402039,cc022cdffbe6c622407b,technical_validation,-0.0005802234846388,signed_noise_corrected_mean_squared_native_rna_delta,-0.0011216204267216086,-0.0007531551338148749,22a1d724903c475292fde7358d775822ae4c6b90c625581bb5c8213854287e35
ac037dd91f4ff1df1539-technical_validation,Ixazomib,5.0,plate3,NCI-H596,24.0,single_cell_RNA,train,MXAYKZJJDUDWDS,technical_validation,15,33,9f40b6d6f8f3f88d63d6a18a19dbf7cfb01b8e4c9587fe0e380d808c9ad97e58,55ea8a01963f0ec4eb6f269841690ea37dcbe8f75007c053f63ab63a5fa325fd,ac037dd91f4ff1df1539,technical_validation,0.0012669597565058,signed_noise_corrected_mean_squared_native_rna_delta,0.0009913607181394589,0.0011720240991807509,22a1d724903c475292fde7358d775822ae4c6b90c625581bb5c8213854287e35
d8217167de1335d3ef2c-technical_validation,Nafamostat (mesylate),5.0,plate12,NCI-H596,24.0,single_cell_RNA,train,MQQNFDZXWVTQEH,technical_validation,21,16,6f858651b3c0a667c02b5180235bdd60f5b16237d6459f08a929013d0d85dac9,f1875f945d6597e8a3850c43ae863c1d8f36c766d4c32e030a044fef78357744,d8217167de1335d3ef2c,technical_validation,5.997856633234346e-05,signed_noise_corrected_mean_squared_native_rna_delta,3.6312846263784296e-05,0.00011078136493270749,22a1d724903c475292fde7358d775822ae4c6b90c625581bb5c8213854287e35
d85e4af516e0e6663e33-technical_validation,Delamanid,5.0,plate12,NCI-H596,24.0,single_cell_RNA,train,XDAOLTSRNUSPPH,technical_validation,14,16,e96fbd7b19893779bdfc6af7843303fe241c0ad20c746205c44491a51a4d40cb,f1875f945d6597e8a3850c43ae863c1d8f36c766d4c32e030a044fef78357744,d85e4af516e0e6663e33,technical_validation,-0.0002267096395967,signed_noise_corrected_mean_squared_native_rna_delta,1.7567858900135764e-05,-0.00010571237662880642,22a1d724903c475292fde7358d775822ae4c6b90c625581bb5c8213854287e35
7e3d0c55bae5c2cf778c-technical_validation,Fulvestrant,5.0,plate12,NCI-H596,24.0,single_cell_RNA,train,VWUXBMIQPBEWFH,technical_validation,16,16,4e542f816c41607e20d78b3d20f93810b8ff6ab924eb6c0e2a85f71451bea04b,f1875f945d6597e8a3850c43ae863c1d8f36c766d4c32e030a044fef78357744,7e3d0c55bae5c2cf778c,technical_validation,-0.0005636504862278,signed_noise_corrected_mean_squared_native_rna_delta,2.459722916149941e-05,-0.00047163862793639675,22a1d724903c475292fde7358d775822ae4c6b90c625581bb5c8213854287e35
9381449eefe8ecb55a93-technical_validation,Phenylephrine (hydrochloride),5.0,plate12,NCI-H596,24.0,single_cell_RNA,train,SONNWYBIRXJNDC,technical_validation,8,16,c7fbf37b872403bc19ccb4290942da6c1f878cbf6a1708153699dff3c41407c7,f1875f945d6597e8a3850c43ae863c1d8f36c766d4c32e030a044fef78357744,9381449eefe8ecb55a93,technical_validation,0.0005322412896415,signed_noise_corrected_mean_squared_native_rna_delta,-2.4608362668075603e-05,0.0005075500430304497,22a1d724903c475292fde7358d775822ae4c6b90c625581bb5c8213854287e35
d27488c962bc113a59eb-technical_validation,Topotecan (hydrochloride),5.0,plate9,NCI-H596,24.0,single_cell_RNA,train,UCFGDBYHRUNTLO,technical_validation,14,31,9725a3a26b3573f3ef1d4f6261fcd2026e417b629a5cb31ad9d0f4a830e5f0b0,587252054c862f2810819497749af3cb9106a89a4f08ac710fa3a8c4466a6cd4,d27488c962bc113a59eb,technical_validation,0.0021696678002567,signed_noise_corrected_mean_squared_native_rna_delta,0.0009287096265936173,0.0018368258170798335,22a1d724903c475292fde7358d775822ae4c6b90c625581bb5c8213854287e35
60403cd8f5a0d491f20a-technical_validation,Naproxen,5.0,plate9,NCI-H596,24.0,single_cell_RNA,train,CMWTZPSULFXXJA,technical_validation,12,31,dd38343992ea152ce6b8904982ab27bd158c921863b87fa965a3c06bce88753c,587252054c862f2810819497749af3cb9106a89a4f08ac710fa3a8c4466a6cd4,60403cd8f5a0d491f20a,technical_validation,0.0002229077799862,signed_noise_corrected_mean_squared_native_rna_delta,0.000919337132911793,0.00024336626278674821,22a1d724903c475292fde7358d775822ae4c6b90c625581bb5c8213854287e35
75c0b9710e2591e79710-technical_validation,Posaconazole,5.0,plate9,NCI-H596,24.0,single_cell_RNA,train,RAGOYPUPXAKGKH,technical_validation,12,31,18fa6fdcf2616fc586814e105dc28620ef6262698f27ddf64ccd2c2799329eac,587252054c862f2810819497749af3cb9106a89a4f08ac710fa3a8c4466a6cd4,75c0b9710e2591e79710,technical_validation,-0.0002258758234329,signed_noise_corrected_mean_squared_native_rna_delta,0.000919337132911793,-3.461257548886316e-05,22a1d724903c475292fde7358d775822ae4c6b90c625581bb5c8213854287e35
52a17bd3ccdcde389ac6-technical_validation,Nevirapine,5.0,plate9,NCI-H596,24.0,single_cell_RNA,train,NQDJXKOVJZTUJA,technical_validation,14,31,07868a400983032aa22db7e946132fa8bfc894b324e6994535b61ae95a68dc14,587252054c862f2810819497749af3cb9106a89a4f08ac710fa3a8c4466a6cd4,52a17bd3ccdcde389ac6,technical_validation,-0.0001660222570955,signed_noise_corrected_mean_squared_native_rna_delta,0.0009287096265936173,2.4471669915246896e-05,22a1d724903c475292fde7358d775822ae4c6b90c625581bb5c8213854287e35
9174165c9b3748157afa-technical_validation,Bimiralisib,5.0,plate3,NCI-H596,24.0,single_cell_RNA,train,ADGGYDAFIHSYFI,technical_validation,25,33,5ab498bee1da996f5bc812bd8796d3111c385c0857a44029c110a8261dd4493e,55ea8a01963f0ec4eb6f269841690ea37dcbe8f75007c053f63ab63a5fa325fd,9174165c9b3748157afa,technical_validation,0.0021472058250948,signed_noise_corrected_mean_squared_native_rna_delta,0.0010123551039867538,0.001918450775101858,22a1d724903c475292fde7358d775822ae4c6b90c625581bb5c8213854287e35
4c8ca3c0c93e47586320-technical_validation,Dihydroartemisinin,5.0,plate12,NCI-H596,24.0,single_cell_RNA,train,BJDCWCLMFKKGEE,technical_validation,3,16,fb17ed8d27e435669c7f702e972f26d413ee75281dc58a0aebdf13abfa4fa402,f1875f945d6597e8a3850c43ae863c1d8f36c766d4c32e030a044fef78357744,4c8ca3c0c93e47586320,technical_validation,-0.0020177580886497,signed_noise_corrected_mean_squared_native_rna_delta,-0.00018862700210003452,-0.001380714344611033,22a1d724903c475292fde7358d775822ae4c6b90c625581bb5c8213854287e35
e55b211e661885a0eb2b-technical_validation,Quinestrol,5.0,plate6,NCI-H596,24.0,single_cell_RNA,train,PWZUUYSISTUNDW,technical_validation,10,18,cc1dac8e4d4581fca49331740d247ce47deff01816229a54539b72d2bb5233cc,d20113d0d2ad2b3bf435ddbb6c09080d83d4221a4cd8e06d6eb3f9e7d2677209,e55b211e661885a0eb2b,technical_validation,-0.0029258901506706,signed_noise_corrected_mean_squared_native_rna_delta,0.00020429902071929007,-0.002297762012963418,22a1d724903c475292fde7358d775822ae4c6b90c625581bb5c8213854287e35
caee165ec794e1e43613-technical_validation,Neratinib,5.0,plate12,NCI-H596,24.0,single_cell_RNA,train,JWNPDZNEKVCWMY,technical_validation,11,16,a7909619c63810901e6c0c0e6e3a5a818cc2c8c8f9f9deaf2a2cdddcafe4fc0b,f1875f945d6597e8a3850c43ae863c1d8f36c766d4c32e030a044fef78357744,caee165ec794e1e43613,technical_validation,0.0003528994884843,signed_noise_corrected_mean_squared_native_rna_delta,2.2310510571424e-06,0.00036715557676937567,22a1d724903c475292fde7358d775822ae4c6b90c625581bb5c8213854287e35
cba2ec389b59ab3057ca-technical_validation,Dapagliflozin,5.0,plate12,NCI-H596,24.0,single_cell_RNA,train,JVHXJTBJCFBINQ,technical_validation,9,16,aecf959c473bf046ff4bf412e5de84722fdfe0a6587278e4a1829bb84be706fc,f1875f945d6597e8a3850c43ae863c1d8f36c766d4c32e030a044fef78357744,cba2ec389b59ab3057ca,technical_validation,0.0010822844512171,signed_noise_corrected_mean_squared_native_rna_delta,-1.3673786705951485e-05,0.0009166591346776941,22a1d724903c475292fde7358d775822ae4c6b90c625581bb5c8213854287e35
ff589cb2c34ee437f74a-technical_validation,Lipoic acid,5.0,plate14,NCI-H596,24.0,single_cell_RNA,train,AGBQKNBQESQNJD,technical_validation,11,10,c4d4a48e9f138eb0f961daeef24703f1f8acf13355cf2a718f63ac73da343cf3,a91d1bdc108fcaa9a10c499c47f4367a2eb7ae2894c4c02536c0c4d7bf402039,ff589cb2c34ee437f74a,technical_validation,-0.0031804023743601,signed_noise_corrected_mean_squared_native_rna_delta,-0.001127584740882775,-0.0027330746316491512,22a1d724903c475292fde7358d775822ae4c6b90c625581bb5c8213854287e35
69156700701e663c4706-technical_validation,Vortioxetine,5.0,plate12,NCI-H596,24.0,single_cell_RNA,train,YQNWZWMKLDQSAC,technical_validation,4,16,87e9154ae0d73ab22c3c59b4eb0261742caf1404d8db18c3cee002bafdcffd76,f1875f945d6597e8a3850c43ae863c1d8f36c766d4c32e030a044fef78357744,69156700701e663c4706,technical_validation,0.0034543906240581,signed_noise_corrected_mean_squared_native_rna_delta,-0.0001230195463272213,0.0029068407655681388,22a1d724903c475292fde7358d775822ae4c6b90c625581bb5c8213854287e35
68440997733afd608a47-technical_validation,Selinexor ,5.0,plate6,NCI-H596,24.0,single_cell_RNA,train,DEVSOMFAQLZNKR,technical_validation,17,18,a42047b855d7b7ad64bdebb7f602148fd9ae354e592b92b826b076f7137e5f63,d20113d0d2ad2b3bf435ddbb6c09080d83d4221a4cd8e06d6eb3f9e7d2677209,68440997733afd608a47,technical_validation,0.0019828346075421,signed_noise_corrected_mean_squared_native_rna_delta,0.00023671682239525166,0.0015279711112883379,22a1d724903c475292fde7358d775822ae4c6b90c625581bb5c8213854287e35
d6b233f9616a4a9cecfd-technical_validation,Ornidazole,5.0,plate13,NCI-H596,24.0,single_cell_RNA,train,IPWKIXLWTCNBKN,technical_validation,15,14,7ab2873f8181913f36b85e3051aa160e9a199499579913e4774ef2deb82b1130,27d1f59b3f6dd36c1e2a6ed1a4613fe09407ad225f6bef2698d49b06c958f4d3,d6b233f9616a4a9cecfd,technical_validation,-0.0006268797014784,signed_noise_corrected_mean_squared_native_rna_delta,-0.0002476869036128288,-0.0004889384403685799,22a1d724903c475292fde7358d775822ae4c6b90c625581bb5c8213854287e35
336521f1dc0b82223c08-technical_validation,Methyl aminolevulinate (hydrochloride),5.0,plate12,NCI-H596,24.0,single_cell_RNA,train,YUUAYBAIHCDHHD,technical_validation,10,16,ee118eeb1118c9c27243655f6092daff93ad10631b4654929532051d521c7f4e,f1875f945d6597e8a3850c43ae863c1d8f36c766d4c32e030a044fef78357744,336521f1dc0b82223c08,technical_validation,0.0002571107146633,signed_noise_corrected_mean_squared_native_rna_delta,-4.926125936246118e-06,0.00020650048505435034,22a1d724903c475292fde7358d775822ae4c6b90c625581bb5c8213854287e35
f1accecf5c5bf1c47532-technical_validation,Budesonide,5.0,plate12,NCI-H596,24.0,single_cell_RNA,train,VOVIALXJUBGFJZ,technical_validation,9,16,a20ba129c68da711d7a1c798cdb223ed4e223fae27d6cfa1ac7153e884733d0c,f1875f945d6597e8a3850c43ae863c1d8f36c766d4c32e030a044fef78357744,f1accecf5c5bf1c47532,technical_validation,0.0007848925903664,signed_noise_corrected_mean_squared_native_rna_delta,-1.3673786705951485e-05,0.0006477781266258263,22a1d724903c475292fde7358d775822ae4c6b90c625581bb5c8213854287e35
b0f7676ecdc1cdc3f797-technical_validation,Docetaxel (Trihydrate),5.0,plate9,NCI-H596,24.0,single_cell_RNA,train,ZDZOTLJHXYCWBA,technical_validation,11,31,d93bb676e0f0354cec9fa34616423841e2c2dc4bed7a6b82f9fb0b2d006ee363,587252054c862f2810819497749af3cb9106a89a4f08ac710fa3a8c4466a6cd4,b0f7676ecdc1cdc3f797,technical_validation,0.0016452850705296,signed_noise_corrected_mean_squared_native_rna_delta,0.0009133728187506334,0.001400237210575065,22a1d724903c475292fde7358d775822ae4c6b90c625581bb5c8213854287e35
2143c675cb7af1ee94ee-technical_validation,Valdecoxib,5.0,plate12,NCI-H596,24.0,single_cell_RNA,development,LNPDTQAFDNKSHK,technical_validation,5,16,cfe1915ae1b84e8569408c919e25fd50b8c571bf036509cb0b389a38f83e09d0,f1875f945d6597e8a3850c43ae863c1d8f36c766d4c32e030a044fef78357744,2143c675cb7af1ee94ee,technical_validation,-0.0021436490673564,signed_noise_corrected_mean_squared_native_rna_delta,-8.365507286357533e-05,0.00038494051621362405,22a1d724903c475292fde7358d775822ae4c6b90c625581bb5c8213854287e35
0dfb4aea8639f6383fe5-technical_validation,Clofarabine,5.0,plate9,NCI-H596,24.0,single_cell_RNA,development,WDDPHFBMKLOVOX,technical_validation,2,31,1af6e8f96e4af3f83e7f03ad46c22c731943b11e8e0205077a4233fe499ffd6c,587252054c862f2810819497749af3cb9106a89a4f08ac710fa3a8c4466a6cd4,0dfb4aea8639f6383fe5,technical_validation,-0.0024582074977001,signed_noise_corrected_mean_squared_native_rna_delta,0.0005912998540478665,0.0004089282880789885,22a1d724903c475292fde7358d775822ae4c6b90c625581bb5c8213854287e35
cc108b9634f12eeb0742-technical_validation,Vilanterol,5.0,plate14,NCI-H596,24.0,single_cell_RNA,development,DAFYYTQWSAWIGS,technical_validation,20,10,cac8a105b13d4f79238722edc496a593b949f61e693edaaf4cff4bf4da28cbee,a91d1bdc108fcaa9a10c499c47f4367a2eb7ae2894c4c02536c0c4d7bf402039,cc108b9634f12eeb0742,technical_validation,-0.001488480030506,signed_noise_corrected_mean_squared_native_rna_delta,-0.0010953774444124951,-0.0015179689061182546,22a1d724903c475292fde7358d775822ae4c6b90c625581bb5c8213854287e35
3cfe03160326230efebf-technical_validation,Raltitrexed,5.0,plate14,NCI-H596,24.0,single_cell_RNA,development,IVTVGDXNLFLDRM,technical_validation,11,10,404e4546783c9ff1a4720513539259383e9e6d69df565a628763350247420402,a91d1bdc108fcaa9a10c499c47f4367a2eb7ae2894c4c02536c0c4d7bf402039,3cfe03160326230efebf,technical_validation,-0.0022775698017269,signed_noise_corrected_mean_squared_native_rna_delta,-0.001127584740882775,-0.0014074886179652176,22a1d724903c475292fde7358d775822ae4c6b90c625581bb5c8213854287e35
57941ef89895321c4236-technical_validation,Tazarotene,5.0,plate12,NCI-H596,24.0,single_cell_RNA,development,OGQICQVSFDPSEI,technical_validation,14,16,852a9b981b19390f8be87e3e4a0d9ad7667796caf409fbe1d6f378a3755678ef,f1875f945d6597e8a3850c43ae863c1d8f36c766d4c32e030a044fef78357744,57941ef89895321c4236,technical_validation,-0.0001022037609903,signed_noise_corrected_mean_squared_native_rna_delta,1.7567858900135764e-05,0.00017561728839008062,22a1d724903c475292fde7358d775822ae4c6b90c625581bb5c8213854287e35
398f4d7eda8912825367-technical_validation,Crizotinib (hydrochloride),5.0,plate12,NCI-H596,24.0,single_cell_RNA,development,KTEIFNKAUNYNJU,technical_validation,17,16,a2a884411324bdc427805a5ed9cd903bca720014bfb4aede869bd0756252ea67,f1875f945d6597e8a3850c43ae863c1d8f36c766d4c32e030a044fef78357744,398f4d7eda8912825367,technical_validation,0.0003594166463202,signed_noise_corrected_mean_squared_native_rna_delta,2.7491675739720674e-05,0.00033367696127431474,22a1d724903c475292fde7358d775822ae4c6b90c625581bb5c8213854287e35
902e5fb222eb37041682-technical_validation,Volasertib,5.0,plate3,NCI-H596,24.0,single_cell_RNA,calibration,SXNJFOWDRLKDSF,technical_validation,11,33,fbdb8fcb5acdcba25b6caa8efa14edf1bce0910ad92d7b3d7cd99527f57e5312,55ea8a01963f0ec4eb6f269841690ea37dcbe8f75007c053f63ab63a5fa325fd,902e5fb222eb37041682,technical_validation,0.0019135159244291,signed_noise_corrected_mean_squared_native_rna_delta,0.0009722749128237434,0.0006497748850146834,22a1d724903c475292fde7358d775822ae4c6b90c625581bb5c8213854287e35
814a09bd3c1ec48af8d3-technical_validation,Acetohexamide,5.0,plate14,NCI-H596,24.0,single_cell_RNA,calibration,VGZSUPCWNCWDAN,technical_validation,14,10,e3a87c838c9281d5f006ff6a1eb63366514fb9cf59a4ce497127987604f9adbe,a91d1bdc108fcaa9a10c499c47f4367a2eb7ae2894c4c02536c0c4d7bf402039,814a09bd3c1ec48af8d3,technical_validation,-0.0013070404029296,signed_noise_corrected_mean_squared_native_rna_delta,-0.0011122479330397887,-0.0016631109196783274,22a1d724903c475292fde7358d775822ae4c6b90c625581bb5c8213854287e35
9cc1bf327d132aa53db6-technical_validation,Afatinib,5.0,plate3,NCI-H596,24.0,single_cell_RNA,calibration,ULXXDDBFHOBEHA,technical_validation,14,33,d1817ffd334e8fad96aa84e59a3d9c1fbf25ea69535d39f2edfb827026f7cb37,55ea8a01963f0ec4eb6f269841690ea37dcbe8f75007c053f63ab63a5fa325fd,9cc1bf327d132aa53db6,technical_validation,0.0009552193892672,signed_noise_corrected_mean_squared_native_rna_delta,0.0009876117206667368,0.0005606226952254568,22a1d724903c475292fde7358d775822ae4c6b90c625581bb5c8213854287e35
b6db7d0d57fbc6de9d22-technical_validation,ML264,5.0,plate3,NCI-H596,24.0,single_cell_RNA,calibration,AJCDZIDKYKCOMZ,technical_validation,12,33,4b598c8e9e858fe6d6f4988aa3ab01b1f077a6917dad6a68509d3945915822fa,55ea8a01963f0ec4eb6f269841690ea37dcbe8f75007c053f63ab63a5fa325fd,b6db7d0d57fbc6de9d22,technical_validation,0.0018672250262658,signed_noise_corrected_mean_squared_native_rna_delta,0.0009782392269849065,0.0006376875627061248,22a1d724903c475292fde7358d775822ae4c6b90c625581bb5c8213854287e35
3a781340f98a92ab7723-technical_validation,IQ 1,5.0,plate3,NCI-H596,24.0,single_cell_RNA,calibration,ALJIEVIJBAJISI,technical_validation,9,33,0e07755cdc284dbff5c061f15f77d9d1c0395c637583c6190ca424b194f2c7a3,55ea8a01963f0ec4eb6f269841690ea37dcbe8f75007c053f63ab63a5fa325fd,3a781340f98a92ab7723,technical_validation,0.0027766477742444,signed_noise_corrected_mean_squared_native_rna_delta,0.0009563700750606478,0.0006908138208477786,22a1d724903c475292fde7358d775822ae4c6b90c625581bb5c8213854287e35
6176e44166af45ae321f-technical_validation,Temsirolimus,5.0,plate14,NCI-H596,24.0,single_cell_RNA,calibration,CBPNZQVSJQDFBE,technical_validation,20,10,d9165ce938f02162f114774aad45e6967dee3198eaeb506e5ac824bb5d45c7f2,a91d1bdc108fcaa9a10c499c47f4367a2eb7ae2894c4c02536c0c4d7bf402039,6176e44166af45ae321f,technical_validation,-0.0034581356994929,signed_noise_corrected_mean_squared_native_rna_delta,-0.0010953774444124951,-0.0015763828644613025,22a1d724903c475292fde7358d775822ae4c6b90c625581bb5c8213854287e35
7ced180236e54f7383b2-technical_validation,Penfluridol,5.0,plate9,NCI-H596,24.0,single_cell_RNA,evaluation,MDLAAYDRRZXJIF,technical_validation,5,31,d2a4afb4e4e2f60a0078306552262ec1918ebef04e81a6103fdabf7d14219ea5,587252054c862f2810819497749af3cb9106a89a4f08ac710fa3a8c4466a6cd4,7ced180236e54f7383b2,technical_validation,0.0014807249009315,signed_noise_corrected_mean_squared_native_rna_delta,0.0008274866948298949,0.0003868764433787463,22a1d724903c475292fde7358d775822ae4c6b90c625581bb5c8213854287e35
8ba852bb3f6e6269f212-technical_validation,L-Eflornithine (monohydrochloride),5.0,plate12,NCI-H596,24.0,single_cell_RNA,evaluation,VLCYCQAOQCDTCN,technical_validation,8,16,00024ae539fd49401ca4bee7af37e623a1d34f0c41df491e2c42726918fa9471,f1875f945d6597e8a3850c43ae863c1d8f36c766d4c32e030a044fef78357744,8ba852bb3f6e6269f212,technical_validation,-0.0008769468722115,signed_noise_corrected_mean_squared_native_rna_delta,-2.4608362668075603e-05,0.00020787519604317648,22a1d724903c475292fde7358d775822ae4c6b90c625581bb5c8213854287e35
31622d8c164db556cb31-technical_validation,Carbamazepine,5.0,plate12,NCI-H596,24.0,single_cell_RNA,evaluation,FFGPTBGBLSHEPO,technical_validation,5,16,fcc7eb8820f3279484af17143db8c0bd4cc199bc98a1137e729f99a65a5d6a70,f1875f945d6597e8a3850c43ae863c1d8f36c766d4c32e030a044fef78357744,31622d8c164db556cb31,technical_validation,0.001990582854889,signed_noise_corrected_mean_squared_native_rna_delta,-8.365507286357533e-05,0.00037045386674662675,22a1d724903c475292fde7358d775822ae4c6b90c625581bb5c8213854287e35
2746d4ee029de809dda5-technical_validation,GSK1059615,5.0,plate3,NCI-H596,24.0,single_cell_RNA,evaluation,QDITZBLZQQZVEE,technical_validation,13,33,397ca4d3af31abb2567d6545eb38509a2c2a26f3730c619f7b8b147710e95d90,55ea8a01963f0ec4eb6f269841690ea37dcbe8f75007c053f63ab63a5fa325fd,2746d4ee029de809dda5,technical_validation,0.0016189429615501,signed_noise_corrected_mean_squared_native_rna_delta,0.0009832859543520416,0.0011548663506718258,22a1d724903c475292fde7358d775822ae4c6b90c625581bb5c8213854287e35
d92da96a2b1d56eba61c-technical_validation,Diammonium Glycyrrhizinate,5.0,plate14,NCI-H596,24.0,single_cell_RNA,evaluation,LPLVUJXQOOQHMX,technical_validation,19,10,09f90a40abaaa0021e2c67a17f6c696a0acc3b53515f6731f40a10ea66680855,a91d1bdc108fcaa9a10c499c47f4367a2eb7ae2894c4c02536c0c4d7bf402039,d92da96a2b1d56eba61c,technical_validation,-0.0030535485678317,signed_noise_corrected_mean_squared_native_rna_delta,-0.0010974492588053271,-0.0018054315892899757,22a1d724903c475292fde7358d775822ae4c6b90c625581bb5c8213854287e35
26a2b2c307be273cbe62-technical_validation,Dexamethasone,5.0,plate12,NCI-H596,24.0,single_cell_RNA,evaluation,UREBDLICKHMUKA,technical_validation,5,16,2f6893bd960b7405686bd41645b896f6d7e0fca765a12f9451fd9f4600094f93,f1875f945d6597e8a3850c43ae863c1d8f36c766d4c32e030a044fef78357744,26a2b2c307be273cbe62,technical_validation,-0.0019825264794,signed_noise_corrected_mean_squared_native_rna_delta,-8.365507286357533e-05,0.0004464153238783202,22a1d724903c475292fde7358d775822ae4c6b90c625581bb5c8213854287e35
2c896e4f0effdb0af462-technical_validation,Sodium Salicylate,5.0,plate14,NCI-H596,24.0,single_cell_RNA,evaluation,YGSDEFSMJLZEOE,technical_validation,18,10,12d86f477c243369c2d1c7eaa5652b406672c8422dbf620b83dafbffcb2c798b,a91d1bdc108fcaa9a10c499c47f4367a2eb7ae2894c4c02536c0c4d7bf402039,2c896e4f0effdb0af462,technical_validation,-0.0027312230628779,signed_noise_corrected_mean_squared_native_rna_delta,-0.001099751274797357,-0.0013869235754651375,22a1d724903c475292fde7358d775822ae4c6b90c625581bb5c8213854287e35
11758545fa04e05fb39c-technical_validation,Fluvoxamine (maleate),5.0,plate14,NCI-H596,24.0,single_cell_RNA,evaluation,CJOFXWAVKWHTFT,technical_validation,10,10,e0c3b6efb15612c4a689b35d8af2898b9f40f0a8021ae9c7039a9665852c1106,a91d1bdc108fcaa9a10c499c47f4367a2eb7ae2894c4c02536c0c4d7bf402039,11758545fa04e05fb39c,technical_validation,-0.0025858222709212,signed_noise_corrected_mean_squared_native_rna_delta,-0.0011347419178761662,-0.0013909216362445627,22a1d724903c475292fde7358d775822ae4c6b90c625581bb5c8213854287e35
62887783c43ef7eee4a0-technical_validation,Bendamustine,5.0,plate9,NCI-H596,24.0,single_cell_RNA,evaluation,YTKUWDBFDASYHO,technical_validation,9,31,00dc248dd432f9a012db2bdbda7bbe1e676d2229b7686d76ecdb22a58748ee99,587252054c862f2810819497749af3cb9106a89a4f08ac710fa3a8c4466a6cd4,62887783c43ef7eee4a0,technical_validation,-0.0002262978517656,signed_noise_corrected_mean_squared_native_rna_delta,0.0008974679809875344,0.00028188756617573654,22a1d724903c475292fde7358d775822ae4c6b90c625581bb5c8213854287e35
85f930fc8f9f04704749-technical_validation,Entrectinib,5.0,plate12,NCI-H596,24.0,single_cell_RNA,evaluation,HAYYBYPASCDWEQ,technical_validation,7,16,875615a3a246cf7eaee7c8ddb55b8aecddb9cdc572265c7f808c1b9097d35e9f,f1875f945d6597e8a3850c43ae863c1d8f36c766d4c32e030a044fef78357744,85f930fc8f9f04704749,technical_validation,0.0026709178224722,signed_noise_corrected_mean_squared_native_rna_delta,-3.866710319082718e-05,0.0002644330321658444,22a1d724903c475292fde7358d775822ae4c6b90c625581bb5c8213854287e35
60223a4616dabb2c71e1-technical_validation,Dorzolamide (hydrochloride),5.0,plate9,NCI-H596,24.0,single_cell_RNA,evaluation,IAVUPMFITXYVAF,technical_validation,10,31,95bdc6bdb128ff5edcbce9559f62a5145ed0c31252b5532c4c693a7bee2912eb,587252054c862f2810819497749af3cb9106a89a4f08ac710fa3a8c4466a6cd4,60223a4616dabb2c71e1,technical_validation,-0.0004717185293547,signed_noise_corrected_mean_squared_native_rna_delta,0.0009062156417572371,0.00025538212523135547,22a1d724903c475292fde7358d775822ae4c6b90c625581bb5c8213854287e35
7d1b06da5ac8d1f9dd54-technical_validation,Mitoxantrone (dihydrochloride),5.0,plate14,NCI-H596,24.0,single_cell_RNA,evaluation,KKZJGLLVHKMTCM,technical_validation,7,10,df3379c61702382972b1ec5facfcdffce9ba49de6852a62f06cb921e394a0a5f,a91d1bdc108fcaa9a10c499c47f4367a2eb7ae2894c4c02536c0c4d7bf402039,7d1b06da5ac8d1f9dd54,technical_validation,-0.0048586760036962,signed_noise_corrected_mean_squared_native_rna_delta,-0.0011684828951307482,-0.0014604271321496112,22a1d724903c475292fde7358d775822ae4c6b90c625581bb5c8213854287e35
8502a1966f2c38109b15-screen,Levobupivacaine (hydrochloride),5.0,plate9,NCI-H596,24.0,single_cell_RNA,train,LEBVLXFERQHONN,screen,10,31,a7cf8aefc19273630cc1e996d6c059c9d59746cdbfd95abe948128878a3df65e,587252054c862f2810819497749af3cb9106a89a4f08ac710fa3a8c4466a6cd4,8502a1966f2c38109b15,screen,-0.000879202266578,signed_noise_corrected_mean_squared_native_rna_delta,0.0005966610861981066,-0.0007670625602627228,22a1d724903c475292fde7358d775822ae4c6b90c625581bb5c8213854287e35
cf08b1aa3be4e261149d-screen,Menadione,5.0,plate9,NCI-H596,24.0,single_cell_RNA,train,MJVAVZPDRWSRRC,screen,4,31,2e64550e58d8655b3ecf728aadcb38f6effa89b25678ccdbfd7a3fe12b4bf0e9,587252054c862f2810819497749af3cb9106a89a4f08ac710fa3a8c4466a6cd4,cf08b1aa3be4e261149d,screen,-0.0011277770668209,signed_noise_corrected_mean_squared_native_rna_delta,-0.0006444191490260265,-0.0008004350426678309,22a1d724903c475292fde7358d775822ae4c6b90c625581bb5c8213854287e35
cc022cdffbe6c622407b-screen,Lenalidomide (hemihydrate),5.0,plate14,NCI-H596,24.0,single_cell_RNA,train,GOTYRUGSSMKFNF,screen,13,10,3e5e255722d672eb13f5b42658a24d75144bc6e2ea2f83348c90bf84896f94f6,a91d1bdc108fcaa9a10c499c47f4367a2eb7ae2894c4c02536c0c4d7bf402039,cc022cdffbe6c622407b,screen,-0.0017445641608321,signed_noise_corrected_mean_squared_native_rna_delta,-0.0011019736099669938,-0.0018664590024183043,22a1d724903c475292fde7358d775822ae4c6b90c625581bb5c8213854287e35
ac037dd91f4ff1df1539-screen,Ixazomib,5.0,plate3,NCI-H596,24.0,single_cell_RNA,train,MXAYKZJJDUDWDS,screen,15,33,b1ba99557fdb03ff31f7a9832c95f63ea75edf0e479ffb7a07cc5e42e65fdf18,55ea8a01963f0ec4eb6f269841690ea37dcbe8f75007c053f63ab63a5fa325fd,ac037dd91f4ff1df1539,screen,0.0007804380392434,signed_noise_corrected_mean_squared_native_rna_delta,0.0009269897421344504,0.0007081375892113777,22a1d724903c475292fde7358d775822ae4c6b90c625581bb5c8213854287e35
d8217167de1335d3ef2c-screen,Nafamostat (mesylate),5.0,plate12,NCI-H596,24.0,single_cell_RNA,train,MQQNFDZXWVTQEH,screen,22,16,d2e53b78031bcc470f02eb3af0891313ee2b548d55b177821ae8508a1939a64e,f1875f945d6597e8a3850c43ae863c1d8f36c766d4c32e030a044fef78357744,d8217167de1335d3ef2c,screen,0.0008848374366069,signed_noise_corrected_mean_squared_native_rna_delta,0.00020440490198345382,0.0007148034476405539,22a1d724903c475292fde7358d775822ae4c6b90c625581bb5c8213854287e35
d85e4af516e0e6663e33-screen,Delamanid,5.0,plate12,NCI-H596,24.0,single_cell_RNA,train,XDAOLTSRNUSPPH,screen,14,16,5249f63e63735f7092047c119d2c42d1e131ab4fe7e0f8bc37e335faa14b7dc5,f1875f945d6597e8a3850c43ae863c1d8f36c766d4c32e030a044fef78357744,d85e4af516e0e6663e33,screen,0.002305493342753,signed_noise_corrected_mean_squared_native_rna_delta,-1.0500766453617102e-05,0.0017332053167995784,22a1d724903c475292fde7358d775822ae4c6b90c625581bb5c8213854287e35
7e3d0c55bae5c2cf778c-screen,Fulvestrant,5.0,plate12,NCI-H596,24.0,single_cell_RNA,train,VWUXBMIQPBEWFH,screen,16,16,fbbc82c404601f5d3309b6d2dd57ed30e42f09308f95bafeeb7f2d03979953ff,f1875f945d6597e8a3850c43ae863c1d8f36c766d4c32e030a044fef78357744,7e3d0c55bae5c2cf778c,screen,0.0003490167084183,signed_noise_corrected_mean_squared_native_rna_delta,6.33730570716243e-05,0.00032626387521288207,22a1d724903c475292fde7358d775822ae4c6b90c625581bb5c8213854287e35
9381449eefe8ecb55a93-screen,Phenylephrine (hydrochloride),5.0,plate12,NCI-H596,24.0,single_cell_RNA,train,SONNWYBIRXJNDC,screen,8,16,a69aecd403d4926cdad7cc9c1a2c615ac4adced393d99db863819c6ad304d14e,f1875f945d6597e8a3850c43ae863c1d8f36c766d4c32e030a044fef78357744,9381449eefe8ecb55a93,screen,0.0001875601674913,signed_noise_corrected_mean_squared_native_rna_delta,-0.0004537437076050889,0.00022635524870781698,22a1d724903c475292fde7358d775822ae4c6b90c625581bb5c8213854287e35
d27488c962bc113a59eb-screen,Topotecan (hydrochloride),5.0,plate9,NCI-H596,24.0,single_cell_RNA,train,UCFGDBYHRUNTLO,screen,14,31,0ef0d49b5f083384583961aa48a54bc787084709deccb394f8fbebced8c0a416,587252054c862f2810819497749af3cb9106a89a4f08ac710fa3a8c4466a6cd4,d27488c962bc113a59eb,screen,0.0013864966432947,signed_noise_corrected_mean_squared_native_rna_delta,0.0008330573214788856,0.0011377310876737152,22a1d724903c475292fde7358d775822ae4c6b90c625581bb5c8213854287e35
60403cd8f5a0d491f20a-screen,Naproxen,5.0,plate9,NCI-H596,24.0,single_cell_RNA,train,CMWTZPSULFXXJA,screen,13,31,d8e8c4c9d27132cb3a576b3b6829edc845dcd049c55b324f9d3ae7ffbcb587ef,587252054c862f2810819497749af3cb9106a89a4f08ac710fa3a8c4466a6cd4,60403cd8f5a0d491f20a,screen,-0.0007329200947958,signed_noise_corrected_mean_squared_native_rna_delta,0.0007875965070018098,-0.000644936926322652,22a1d724903c475292fde7358d775822ae4c6b90c625581bb5c8213854287e35
75c0b9710e2591e79710-screen,Posaconazole,5.0,plate9,NCI-H596,24.0,single_cell_RNA,train,RAGOYPUPXAKGKH,screen,12,31,c9819a6705f7aa80b76c60bacd279998f72ae9f302b7667f2f5840125a89cb2b,587252054c862f2810819497749af3cb9106a89a4f08ac710fa3a8c4466a6cd4,75c0b9710e2591e79710,screen,-0.0004371936822791,signed_noise_corrected_mean_squared_native_rna_delta,0.0007345588901118955,-0.00028308528937240465,22a1d724903c475292fde7358d775822ae4c6b90c625581bb5c8213854287e35
52a17bd3ccdcde389ac6-screen,Nevirapine,5.0,plate9,NCI-H596,24.0,single_cell_RNA,train,NQDJXKOVJZTUJA,screen,15,31,9becc5bb87082bdd6ffe61965671b5bc83ef4695e6f14ca66f5ad7b3c47d3c62,587252054c862f2810819497749af3cb9106a89a4f08ac710fa3a8c4466a6cd4,52a17bd3ccdcde389ac6,screen,0.0009956343011833,signed_noise_corrected_mean_squared_native_rna_delta,0.0008724566940256844,0.000632452208475534,22a1d724903c475292fde7358d775822ae4c6b90c625581bb5c8213854287e35
9174165c9b3748157afa-screen,Bimiralisib,5.0,plate3,NCI-H596,24.0,single_cell_RNA,train,ADGGYDAFIHSYFI,screen,26,33,5aac724f40201136619241f89b74499b361f9149315d7772a5b53e32f03e5cfd,55ea8a01963f0ec4eb6f269841690ea37dcbe8f75007c053f63ab63a5fa325fd,9174165c9b3748157afa,screen,0.0023749512110554,signed_noise_corrected_mean_squared_native_rna_delta,0.0011603552564500997,0.0021020900339825286,22a1d724903c475292fde7358d775822ae4c6b90c625581bb5c8213854287e35
4c8ca3c0c93e47586320-screen,Dihydroartemisinin,5.0,plate12,NCI-H596,24.0,single_cell_RNA,train,BJDCWCLMFKKGEE,screen,4,16,ea6677dd43efeb258e296f29b0a07f31124ef93f4f39d13774f045ddb33e094b,f1875f945d6597e8a3850c43ae863c1d8f36c766d4c32e030a044fef78357744,4c8ca3c0c93e47586320,screen,-0.0015798647044944,signed_noise_corrected_mean_squared_native_rna_delta,-0.0014879772369585274,-0.001000818186029012,22a1d724903c475292fde7358d775822ae4c6b90c625581bb5c8213854287e35
e55b211e661885a0eb2b-screen,Quinestrol,5.0,plate6,NCI-H596,24.0,single_cell_RNA,train,PWZUUYSISTUNDW,screen,11,18,c414e258046908cb1c693dbfd77c0ff1babe2fc3bf759ddab96f5a8baeb794a0,d20113d0d2ad2b3bf435ddbb6c09080d83d4221a4cd8e06d6eb3f9e7d2677209,e55b211e661885a0eb2b,screen,-0.0029318743031502,signed_noise_corrected_mean_squared_native_rna_delta,2.2025913521598523e-05,-0.0023422397524857246,22a1d724903c475292fde7358d775822ae4c6b90c625581bb5c8213854287e35
caee165ec794e1e43613-screen,Neratinib,5.0,plate12,NCI-H596,24.0,single_cell_RNA,train,JWNPDZNEKVCWMY,screen,11,16,4eaf4b6d88adca74969fa96285d4b4fb24bae8433fcc2cb864f00744a35f3d8b,f1875f945d6597e8a3850c43ae863c1d8f36c766d4c32e030a044fef78357744,caee165ec794e1e43613,screen,0.0016078373267602,signed_noise_corrected_mean_squared_native_rna_delta,-0.00017168001778142985,0.0014378042369277706,22a1d724903c475292fde7358d775822ae4c6b90c625581bb5c8213854287e35
cba2ec389b59ab3057ca-screen,Dapagliflozin,5.0,plate12,NCI-H596,24.0,single_cell_RNA,train,JVHXJTBJCFBINQ,screen,9,16,cabc73c66c57a447d91415594b9da2e546a48ca70b7bcdb630ef0d0f881e9929,f1875f945d6597e8a3850c43ae863c1d8f36c766d4c32e030a044fef78357744,cba2ec389b59ab3057ca,screen,-6.902251400674186e-05,signed_noise_corrected_mean_squared_native_rna_delta,-0.00033882887101026094,1.5061318688854229e-05,22a1d724903c475292fde7358d775822ae4c6b90c625581bb5c8213854287e35
ff589cb2c34ee437f74a-screen,Lipoic acid,5.0,plate14,NCI-H596,24.0,single_cell_RNA,train,AGBQKNBQESQNJD,screen,11,10,63d3ec80c2d25d7017bd5ba186f3a060462ce0449acc5abb8195765e5f302253,a91d1bdc108fcaa9a10c499c47f4367a2eb7ae2894c4c02536c0c4d7bf402039,ff589cb2c34ee437f74a,screen,-0.0043782544699981,signed_noise_corrected_mean_squared_native_rna_delta,-0.0012176920468177272,-0.0038420411984846506,22a1d724903c475292fde7358d775822ae4c6b90c625581bb5c8213854287e35
69156700701e663c4706-screen,Vortioxetine,5.0,plate12,NCI-H596,24.0,single_cell_RNA,train,YQNWZWMKLDQSAC,screen,4,16,08af778479315d5704ecc2526b7007ac10735a5df55c34efb02a2b6d1572ad8c,f1875f945d6597e8a3850c43ae863c1d8f36c766d4c32e030a044fef78357744,69156700701e663c4706,screen,1.6375366346346384e-05,signed_noise_corrected_mean_squared_native_rna_delta,-0.0014879772369585274,0.00010178849751257893,22a1d724903c475292fde7358d775822ae4c6b90c625581bb5c8213854287e35
68440997733afd608a47-screen,Selinexor ,5.0,plate6,NCI-H596,24.0,single_cell_RNA,train,DEVSOMFAQLZNKR,screen,18,18,602f5d1cceb37b18992b21f34c9f9cb84edd69db50b2f8f1cd2f5ce4d0896ec0,d20113d0d2ad2b3bf435ddbb6c09080d83d4221a4cd8e06d6eb3f9e7d2677209,68440997733afd608a47,screen,0.0017131209617403,signed_noise_corrected_mean_squared_native_rna_delta,0.000314536406672061,0.0012905285078361204,22a1d724903c475292fde7358d775822ae4c6b90c625581bb5c8213854287e35
d6b233f9616a4a9cecfd-screen,Ornidazole,5.0,plate13,NCI-H596,24.0,single_cell_RNA,train,IPWKIXLWTCNBKN,screen,15,14,79a5669152b9b2c1b2d9af5a31c1093885a8951c0f62b267140d58a577dbc534,27d1f59b3f6dd36c1e2a6ed1a4613fe09407ad225f6bef2698d49b06c958f4d3,d6b233f9616a4a9cecfd,screen,0.0001931871531207,signed_noise_corrected_mean_squared_native_rna_delta,-0.00022015187701069616,0.0001447436122987738,22a1d724903c475292fde7358d775822ae4c6b90c625581bb5c8213854287e35
336521f1dc0b82223c08-screen,Methyl aminolevulinate (hydrochloride),5.0,plate12,NCI-H596,24.0,single_cell_RNA,train,YUUAYBAIHCDHHD,screen,11,16,1ce61a3be1314e8a68c515e5c4a7e1f4f18eb67ca53ba6a5e34447b37689fe20,f1875f945d6597e8a3850c43ae863c1d8f36c766d4c32e030a044fef78357744,336521f1dc0b82223c08,screen,-0.0001530206557848,signed_noise_corrected_mean_squared_native_rna_delta,-0.00017168001778142985,-3.216653106717114e-05,22a1d724903c475292fde7358d775822ae4c6b90c625581bb5c8213854287e35
f1accecf5c5bf1c47532-screen,Budesonide,5.0,plate12,NCI-H596,24.0,single_cell_RNA,train,VOVIALXJUBGFJZ,screen,10,16,46d1e3900c7a62d68b25a8d9d709fd930722face7e45a3796be50746dea5d0a5,f1875f945d6597e8a3850c43ae863c1d8f36c766d4c32e030a044fef78357744,f1accecf5c5bf1c47532,screen,0.0008716218151923,signed_noise_corrected_mean_squared_native_rna_delta,-0.0002468970017344031,0.0007556121315863464,22a1d724903c475292fde7358d775822ae4c6b90c625581bb5c8213854287e35
b0f7676ecdc1cdc3f797-screen,Docetaxel (Trihydrate),5.0,plate9,NCI-H596,24.0,single_cell_RNA,train,ZDZOTLJHXYCWBA,screen,11,31,3745cf0e7562b54a9c0a611ca3634014a4fdcfa16e148799998dd36b1a6539a2,587252054c862f2810819497749af3cb9106a89a4f08ac710fa3a8c4466a6cd4,b0f7676ecdc1cdc3f797,screen,1.495753230106988e-06,signed_noise_corrected_mean_squared_native_rna_delta,0.000671878070151079,-2.347454102741077e-05,22a1d724903c475292fde7358d775822ae4c6b90c625581bb5c8213854287e35
2143c675cb7af1ee94ee-screen,Valdecoxib,5.0,plate12,NCI-H596,24.0,single_cell_RNA,development,LNPDTQAFDNKSHK,screen,5,16,e0772cfdb2e25e7a3a0c05eb064c50b5b840023ba8f3582cc7209a2b1229766a,f1875f945d6597e8a3850c43ae863c1d8f36c766d4c32e030a044fef78357744,2143c675cb7af1ee94ee,screen,-0.0003958599914351,signed_noise_corrected_mean_squared_native_rna_delta,-0.0010742838252171519,0.0005453067409828811,22a1d724903c475292fde7358d775822ae4c6b90c625581bb5c8213854287e35
0dfb4aea8639f6383fe5-screen,Clofarabine,5.0,plate9,NCI-H596,24.0,single_cell_RNA,development,WDDPHFBMKLOVOX,screen,3,31,5f42f18b60a5761c8c7ae1ab50bc76f344e2b4f5d3862612507b9cf7d9352b9a,587252054c862f2810819497749af3cb9106a89a4f08ac710fa3a8c4466a6cd4,0dfb4aea8639f6383fe5,screen,2.902354287675395e-05,signed_noise_corrected_mean_squared_native_rna_delta,-0.0013339081685949752,-3.6627276028865055e-05,22a1d724903c475292fde7358d775822ae4c6b90c625581bb5c8213854287e35
cc108b9634f12eeb0742-screen,Vilanterol,5.0,plate14,NCI-H596,24.0,single_cell_RNA,development,DAFYYTQWSAWIGS,screen,20,10,5860971b7dbbca5496c06cfcc106625f10e9c26d11417929f9b352099a126749,a91d1bdc108fcaa9a10c499c47f4367a2eb7ae2894c4c02536c0c4d7bf402039,cc108b9634f12eeb0742,screen,-0.0011238394804905,signed_noise_corrected_mean_squared_native_rna_delta,-0.0008792156190293368,-0.002510634028850169,22a1d724903c475292fde7358d775822ae4c6b90c625581bb5c8213854287e35
3cfe03160326230efebf-screen,Raltitrexed,5.0,plate14,NCI-H596,24.0,single_cell_RNA,development,IVTVGDXNLFLDRM,screen,12,10,5253b077e0aae04d43f8b5f4f333e4a27cb145499f2fdfe16c7747b88a0563f0,a91d1bdc108fcaa9a10c499c47f4367a2eb7ae2894c4c02536c0c4d7bf402039,3cfe03160326230efebf,screen,-0.0034631731398074,signed_noise_corrected_mean_squared_native_rna_delta,-0.0011550112268569068,-0.002360579013748892,22a1d724903c475292fde7358d775822ae4c6b90c625581bb5c8213854287e35
57941ef89895321c4236-screen,Tazarotene,5.0,plate12,NCI-H596,24.0,single_cell_RNA,development,OGQICQVSFDPSEI,screen,15,16,4d7bf04129a4b281ee7e68763bf685441fdc0b410981a420b19cfcc9b32b9173,f1875f945d6597e8a3850c43ae863c1d8f36c766d4c32e030a044fef78357744,57941ef89895321c4236,screen,0.0002207275334118,signed_noise_corrected_mean_squared_native_rna_delta,2.8898606093183454e-05,0.00047491316979845496,22a1d724903c475292fde7358d775822ae4c6b90c625581bb5c8213854287e35
398f4d7eda8912825367-screen,Crizotinib (hydrochloride),5.0,plate12,NCI-H596,24.0,single_cell_RNA,development,KTEIFNKAUNYNJU,screen,18,16,180ebf1eb4dc8237b474209baf2c3fb74e4f5fb750518058cbb37aaad17b87aa,f1875f945d6597e8a3850c43ae863c1d8f36c766d4c32e030a044fef78357744,398f4d7eda8912825367,screen,0.0005274077945465,signed_noise_corrected_mean_squared_native_rna_delta,0.00012083047536903958,0.0006381338529666318,22a1d724903c475292fde7358d775822ae4c6b90c625581bb5c8213854287e35
902e5fb222eb37041682-screen,Volasertib,5.0,plate3,NCI-H596,24.0,single_cell_RNA,calibration,SXNJFOWDRLKDSF,screen,12,33,f47bcb77a20787d0fe5167ac1cbc240ff0e5ac50ffd7e3fff7e2f0493a8a24d2,55ea8a01963f0ec4eb6f269841690ea37dcbe8f75007c053f63ab63a5fa325fd,902e5fb222eb37041682,screen,0.0018294736970821,signed_noise_corrected_mean_squared_native_rna_delta,0.0007890919382206649,0.0006162471807884259,22a1d724903c475292fde7358d775822ae4c6b90c625581bb5c8213854287e35
814a09bd3c1ec48af8d3-screen,Acetohexamide,5.0,plate14,NCI-H596,24.0,single_cell_RNA,calibration,VGZSUPCWNCWDAN,screen,15,10,5e20e57c9ebce0d3d982eff3f2f8c49532462a8591774a5d6c743aad9c46ae88,a91d1bdc108fcaa9a10c499c47f4367a2eb7ae2894c4c02536c0c4d7bf402039,814a09bd3c1ec48af8d3,screen,-0.0038697272142114,signed_noise_corrected_mean_squared_native_rna_delta,-0.0010171134229431252,-0.0025088886202292585,22a1d724903c475292fde7358d775822ae4c6b90c625581bb5c8213854287e35
9cc1bf327d132aa53db6-screen,Afatinib,5.0,plate3,NCI-H596,24.0,single_cell_RNA,calibration,ULXXDDBFHOBEHA,screen,14,33,0da696c847276c3afb6be5cbaff5e411f8418f6ec2e7680afb23871eba565026,55ea8a01963f0ec4eb6f269841690ea37dcbe8f75007c053f63ab63a5fa325fd,9cc1bf327d132aa53db6,screen,0.0009693206478176,signed_noise_corrected_mean_squared_native_rna_delta,0.0008875903695876607,0.0011789742807883092,22a1d724903c475292fde7358d775822ae4c6b90c625581bb5c8213854287e35
b6db7d0d57fbc6de9d22-screen,ML264,5.0,plate3,NCI-H596,24.0,single_cell_RNA,calibration,AJCDZIDKYKCOMZ,screen,13,33,9c412530358f9a004b7981a11f3b64770a3b9365e6aacb931d005c60812b96d5,55ea8a01963f0ec4eb6f269841690ea37dcbe8f75007c053f63ab63a5fa325fd,b6db7d0d57fbc6de9d22,screen,0.001407942464246,signed_noise_corrected_mean_squared_native_rna_delta,0.0008421295551105796,0.0004662849256453598,22a1d724903c475292fde7358d775822ae4c6b90c625581bb5c8213854287e35
3a781340f98a92ab7723-screen,IQ 1,5.0,plate3,NCI-H596,24.0,single_cell_RNA,calibration,ALJIEVIJBAJISI,screen,10,33,9a9b1f946286512461ea1c20fe4aa0efbd6a1d2d8a896826314c457ca8ad492d,55ea8a01963f0ec4eb6f269841690ea37dcbe8f75007c053f63ab63a5fa325fd,3a781340f98a92ab7723,screen,-0.0012855293091285,signed_noise_corrected_mean_squared_native_rna_delta,0.0006511941343068699,0.0005389450191339055,22a1d724903c475292fde7358d775822ae4c6b90c625581bb5c8213854287e35
6176e44166af45ae321f-screen,Temsirolimus,5.0,plate14,NCI-H596,24.0,single_cell_RNA,calibration,CBPNZQVSJQDFBE,screen,20,10,019437f0bd6335fc601997bc10a546e8f04da4a539e23da2e4a4845b3b420b6a,a91d1bdc108fcaa9a10c499c47f4367a2eb7ae2894c4c02536c0c4d7bf402039,6176e44166af45ae321f,screen,-0.0023007088387401,signed_noise_corrected_mean_squared_native_rna_delta,-0.0008792156190293368,-0.0024005136605678534,22a1d724903c475292fde7358d775822ae4c6b90c625581bb5c8213854287e35
7ced180236e54f7383b2-screen,Penfluridol,5.0,plate9,NCI-H596,24.0,single_cell_RNA,evaluation,MDLAAYDRRZXJIF,screen,5,31,0950a649a56731ac0039d0f91e7f3ba6d5e1d2043cac90b77fd3b544fc3f9b0d,587252054c862f2810819497749af3cb9106a89a4f08ac710fa3a8c4466a6cd4,7ced180236e54f7383b2,screen,-0.0024402979229028,signed_noise_corrected_mean_squared_native_rna_delta,-0.0002307257372846531,-0.00011798773334079756,22a1d724903c475292fde7358d775822ae4c6b90c625581bb5c8213854287e35
8ba852bb3f6e6269f212-screen,L-Eflornithine (monohydrochloride),5.0,plate12,NCI-H596,24.0,single_cell_RNA,evaluation,VLCYCQAOQCDTCN,screen,9,16,52db7a53b0b9883ad00e93dba2971ea634f7d54cd0e2fa1ed197aadc6cdac38d,f1875f945d6597e8a3850c43ae863c1d8f36c766d4c32e030a044fef78357744,8ba852bb3f6e6269f212,screen,0.0021785762144804,signed_noise_corrected_mean_squared_native_rna_delta,-0.00033882887101026094,0.0002164046332217561,22a1d724903c475292fde7358d775822ae4c6b90c625581bb5c8213854287e35
31622d8c164db556cb31-screen,Carbamazepine,5.0,plate12,NCI-H596,24.0,single_cell_RNA,evaluation,FFGPTBGBLSHEPO,screen,5,16,3c7489a869508000ba04de9080afd5fd7407ef875811d30ba4a400c19d54d3fd,f1875f945d6597e8a3850c43ae863c1d8f36c766d4c32e030a044fef78357744,31622d8c164db556cb31,screen,-0.0003945130461877,signed_noise_corrected_mean_squared_native_rna_delta,-0.0010742838252171519,0.0004216339723115392,22a1d724903c475292fde7358d775822ae4c6b90c625581bb5c8213854287e35
2746d4ee029de809dda5-screen,GSK1059615,5.0,plate3,NCI-H596,24.0,single_cell_RNA,evaluation,QDITZBLZQQZVEE,screen,14,33,841c83eef5f0dc882c5412f11742a3f4a95d3b46f9ee2570a9f5e867be7c03b7,55ea8a01963f0ec4eb6f269841690ea37dcbe8f75007c053f63ab63a5fa325fd,2746d4ee029de809dda5,screen,-0.0003828660931515,signed_noise_corrected_mean_squared_native_rna_delta,0.0008875903695876607,0.001248392115343331,22a1d724903c475292fde7358d775822ae4c6b90c625581bb5c8213854287e35
d92da96a2b1d56eba61c-screen,Diammonium Glycyrrhizinate,5.0,plate14,NCI-H596,24.0,single_cell_RNA,evaluation,LPLVUJXQOOQHMX,screen,19,10,fae7467110a5629b48a52248e52449524dc69a18727992239f68d93d02a514bb,a91d1bdc108fcaa9a10c499c47f4367a2eb7ae2894c4c02536c0c4d7bf402039,d92da96a2b1d56eba61c,screen,-0.0014778336258245,signed_noise_corrected_mean_squared_native_rna_delta,-0.0009009889564894029,-0.002645669347747677,22a1d724903c475292fde7358d775822ae4c6b90c625581bb5c8213854287e35
26a2b2c307be273cbe62-screen,Dexamethasone,5.0,plate12,NCI-H596,24.0,single_cell_RNA,evaluation,UREBDLICKHMUKA,screen,5,16,2e19298a1fd63ec44cab22d73f13348234cdfdf00530a7a24c8f1ac7f2469370,f1875f945d6597e8a3850c43ae863c1d8f36c766d4c32e030a044fef78357744,26a2b2c307be273cbe62,screen,0.0015393762585381,signed_noise_corrected_mean_squared_native_rna_delta,-0.0010742838252171519,0.0006237884863071595,22a1d724903c475292fde7358d775822ae4c6b90c625581bb5c8213854287e35
2c896e4f0effdb0af462-screen,Sodium Salicylate,5.0,plate14,NCI-H596,24.0,single_cell_RNA,evaluation,YGSDEFSMJLZEOE,screen,18,10,db38bb2a633ac5830f46ff914240ab7779d6c83882f7694dbb032d01dae93ece,a91d1bdc108fcaa9a10c499c47f4367a2eb7ae2894c4c02536c0c4d7bf402039,2c896e4f0effdb0af462,screen,-0.0014873440968403,signed_noise_corrected_mean_squared_native_rna_delta,-0.0009251815536672649,-0.0024685464481759268,22a1d724903c475292fde7358d775822ae4c6b90c625581bb5c8213854287e35
11758545fa04e05fb39c-screen,Fluvoxamine (maleate),5.0,plate14,NCI-H596,24.0,single_cell_RNA,evaluation,CJOFXWAVKWHTFT,screen,10,10,3446400307a1f02381a2a56536738883641f96d079ee69df63fc0556ab4382ab,a91d1bdc108fcaa9a10c499c47f4367a2eb7ae2894c4c02536c0c4d7bf402039,11758545fa04e05fb39c,screen,-0.0031501536181132,signed_noise_corrected_mean_squared_native_rna_delta,-0.0012929090307707031,-0.0023478759428728147,22a1d724903c475292fde7358d775822ae4c6b90c625581bb5c8213854287e35
62887783c43ef7eee4a0-screen,Bendamustine,5.0,plate9,NCI-H596,24.0,single_cell_RNA,evaluation,YTKUWDBFDASYHO,screen,10,31,c94c3370d5b05a28982d4eff459be6513221d5e94535118fd37d358644d28abd,587252054c862f2810819497749af3cb9106a89a4f08ac710fa3a8c4466a6cd4,62887783c43ef7eee4a0,screen,-0.0012396656690071,signed_noise_corrected_mean_squared_native_rna_delta,0.0005966610861981066,-0.00018139374319268772,22a1d724903c475292fde7358d775822ae4c6b90c625581bb5c8213854287e35
85f930fc8f9f04704749-screen,Entrectinib,5.0,plate12,NCI-H596,24.0,single_cell_RNA,evaluation,HAYYBYPASCDWEQ,screen,8,16,9c04bf45f9c7892f2ba950c3eceba654b64c854fa2c1c318716122371f07f2e6,f1875f945d6597e8a3850c43ae863c1d8f36c766d4c32e030a044fef78357744,85f930fc8f9f04704749,screen,0.000429595358907,signed_noise_corrected_mean_squared_native_rna_delta,-0.0004537437076050889,0.00060098847566644,22a1d724903c475292fde7358d775822ae4c6b90c625581bb5c8213854287e35
60223a4616dabb2c71e1-screen,Dorzolamide (hydrochloride),5.0,plate9,NCI-H596,24.0,single_cell_RNA,evaluation,IAVUPMFITXYVAF,screen,11,31,42045e41ca74d121756094d7e82e4635ef5d01684848a1831a91429e2f5b2c31,587252054c862f2810819497749af3cb9106a89a4f08ac710fa3a8c4466a6cd4,60223a4616dabb2c71e1,screen,-5.433006501235792e-05,signed_noise_corrected_mean_squared_native_rna_delta,0.000671878070151079,-0.00024196209668858018,22a1d724903c475292fde7358d775822ae4c6b90c625581bb5c8213854287e35
7d1b06da5ac8d1f9dd54-screen,Mitoxantrone (dihydrochloride),5.0,plate14,NCI-H596,24.0,single_cell_RNA,evaluation,KKZJGLLVHKMTCM,screen,7,10,1ab5604d78cbfce5b5f4dac90a8189f56254cca3fc11a7af263180f9cb71edd6,a91d1bdc108fcaa9a10c499c47f4367a2eb7ae2894c4c02536c0c4d7bf402039,7d1b06da5ac8d1f9dd54,screen,-0.0001561137145452,signed_noise_corrected_mean_squared_native_rna_delta,-0.0016475033836918847,-0.002505419463252654,22a1d724903c475292fde7358d775822ae4c6b90c625581bb5c8213854287e35
