arm,sidm,tissue,abs_error,sq_error
drug_dose_mean,SIDM00042,Pancreas,0.11831665226118873,0.02340720003179496
drug_dose_mean,SIDM00049,Colon,0.14655868051661375,0.03076036827737709
drug_dose_mean,SIDM00097,Breast,0.1053277505441451,0.018818790441988222
drug_dose_mean,SIDM00118,Colon,0.18434767947751002,0.05087878563691797
drug_dose_mean,SIDM00122,Breast,0.1300661343484586,0.024846977715104045
drug_dose_mean,SIDM00130,Pancreas,0.10541555869561815,0.018560868877894435
drug_dose_mean,SIDM00132,Pancreas,0.10012381456287872,0.015851807480098727
drug_dose_mean,SIDM00135,Breast,0.19323145348191276,0.0519624544483186
drug_dose_mean,SIDM00146,Breast,0.12351301822118682,0.02446847195971403
drug_dose_mean,SIDM00148,Breast,0.1607797892283936,0.03883188136367471
drug_dose_mean,SIDM00150,Colon,0.206740246742005,0.05763075195294945
drug_dose_mean,SIDM00193,Colon,0.16924735363481982,0.03841367594926424
drug_dose_mean,SIDM00214,Colon,0.13075225306621693,0.026438559897725682
drug_dose_mean,SIDM00216,Colon,0.217668357799939,0.06558025273994056
drug_dose_mean,SIDM00217,Colon,0.109072436218616,0.01860732110917262
drug_dose_mean,SIDM00241,Breast,0.24434636519507025,0.08544934344239676
drug_dose_mean,SIDM00272,Breast,0.14950853689564458,0.037179047643478194
drug_dose_mean,SIDM00282,Colon,0.16654513140223887,0.04139026426849646
drug_dose_mean,SIDM00359,Colon,0.14652360757664484,0.03124883894211536
drug_dose_mean,SIDM00411,Pancreas,0.10428539158524842,0.017360059717192233
drug_dose_mean,SIDM00455,Pancreas,0.11248367461827737,0.02090045521025001
drug_dose_mean,SIDM00469,Pancreas,0.23902955892465627,0.0744083255596672
drug_dose_mean,SIDM00487,Colon,0.19339712341406423,0.05216830656591978
drug_dose_mean,SIDM00488,Colon,0.14056099761879767,0.029491881055440924
drug_dose_mean,SIDM00498,Colon,0.13270756837487377,0.02934973455062674
drug_dose_mean,SIDM00505,Pancreas,0.1091542916263528,0.020144083427379462
drug_dose_mean,SIDM00527,Colon,0.21905785250167475,0.0738441396186091
drug_dose_mean,SIDM00528,Breast,0.16469675717088303,0.0425765289904689
drug_dose_mean,SIDM00529,Breast,0.178124025180795,0.04629139840756443
drug_dose_mean,SIDM00531,Pancreas,0.18329054708502956,0.04963895945535103
drug_dose_mean,SIDM00533,Pancreas,0.1164347288642707,0.021259590953514748
drug_dose_mean,SIDM00534,Colon,0.13864516082751113,0.02935048991274423
drug_dose_mean,SIDM00537,Colon,0.1792477173596959,0.052058260807011536
drug_dose_mean,SIDM00541,Colon,0.20384734523002304,0.059620002689240816
drug_dose_mean,SIDM00562,Breast,0.2029236606687457,0.06304793402977006
drug_dose_mean,SIDM00571,Pancreas,0.15013265943317589,0.039232601361998354
drug_dose_mean,SIDM00582,Pancreas,0.13829155325883763,0.02588880407156064
drug_dose_mean,SIDM00628,Breast,0.16997662044271197,0.04094144303892488
drug_dose_mean,SIDM00629,Breast,0.15325847403643061,0.03887418939620079
drug_dose_mean,SIDM00630,Breast,0.165556471303547,0.04269315392688149
drug_dose_mean,SIDM00631,Breast,0.1546119054770055,0.04070857498308692
drug_dose_mean,SIDM00633,Breast,0.13954025407614146,0.03517747725433464
drug_dose_mean,SIDM00660,Colon,0.14714664300374672,0.030342364032732726
drug_dose_mean,SIDM00664,Pancreas,0.10882758263428091,0.020316382826125152
drug_dose_mean,SIDM00670,Pancreas,0.1179284918014964,0.023620182825888843
drug_dose_mean,SIDM00673,Breast,0.14908926453356325,0.03665254076597144
drug_dose_mean,SIDM00675,Breast,0.17095937791268662,0.04429854806911393
drug_dose_mean,SIDM00677,Colon,0.22896394002937914,0.07176060767221763
drug_dose_mean,SIDM00680,Colon,0.11929093635422444,0.02042179120161939
drug_dose_mean,SIDM00681,Colon,0.13086978973658134,0.024487888466256998
drug_dose_mean,SIDM00772,Breast,0.21952644175108513,0.069578586803481
drug_dose_mean,SIDM00774,Breast,0.20967638859528637,0.05846299984269682
drug_dose_mean,SIDM00776,Colon,0.10688726136272113,0.01910029929974187
drug_dose_mean,SIDM00777,Colon,0.18328128196385407,0.043639348728084816
drug_dose_mean,SIDM00778,Colon,0.11719668544256905,0.021794494250648784
drug_dose_mean,SIDM00779,Colon,0.19315425390519864,0.05277822127741721
drug_dose_mean,SIDM00781,Colon,0.08831090194991371,0.015133791861330561
drug_dose_mean,SIDM00782,Colon,0.1178545475579077,0.021041435527267643
drug_dose_mean,SIDM00783,Colon,0.19233789661162873,0.05638534072152375
drug_dose_mean,SIDM00812,Colon,0.12114144412722734,0.02726913045329433
drug_dose_mean,SIDM00826,Colon,0.23821478570984078,0.07691751671172953
drug_dose_mean,SIDM00832,Colon,0.122183401054505,0.021347508305047547
drug_dose_mean,SIDM00833,Colon,0.11347580143011246,0.02162622121960854
drug_dose_mean,SIDM00834,Colon,0.1451372790241456,0.03864621260627879
drug_dose_mean,SIDM00835,Colon,0.16385149338219818,0.04011821068683195
drug_dose_mean,SIDM00837,Colon,0.2326527993449997,0.07160528266310574
drug_dose_mean,SIDM00839,Colon,0.23367263964731527,0.07777401292872133
drug_dose_mean,SIDM00842,Colon,0.16553122273855897,0.04191434314981745
drug_dose_mean,SIDM00866,Breast,0.0968031587498481,0.018176775487987858
drug_dose_mean,SIDM00870,Breast,0.1455168050218093,0.03562239534950746
drug_dose_mean,SIDM00872,Breast,0.15149470947079835,0.036865737348917134
drug_dose_mean,SIDM00875,Breast,0.13710464338436953,0.029948625628391956
drug_dose_mean,SIDM00877,Breast,0.1443206237312598,0.03473253353211791
drug_dose_mean,SIDM00878,Breast,0.12018001945815347,0.02410821103655678
drug_dose_mean,SIDM00879,Breast,0.18813836786487714,0.05835116081502528
drug_dose_mean,SIDM00881,Breast,0.19900720415148176,0.056087442005219305
drug_dose_mean,SIDM00882,Breast,0.19094851750020667,0.05909743571974054
drug_dose_mean,SIDM00884,Breast,0.13054255815351332,0.026856484880465645
drug_dose_mean,SIDM00885,Breast,0.27817510302147946,0.11602274603162938
drug_dose_mean,SIDM00892,Breast,0.18231269834793093,0.05064091522631449
drug_dose_mean,SIDM00893,Breast,0.13746302327595689,0.031222179388718678
drug_dose_mean,SIDM00899,Pancreas,0.1672804291190773,0.04040667840585768
drug_dose_mean,SIDM00920,Breast,0.13266189589177627,0.02710798974965199
drug_dose_mean,SIDM00933,Breast,0.161314137588561,0.03852977638747402
drug_dose_mean,SIDM00934,Pancreas,0.11366059321144227,0.019793788342676834
drug_dose_mean,SIDM00938,Breast,0.24324512048927308,0.08219554493868983
drug_dose_mean,SIDM00940,Breast,0.13548959203346753,0.02755682206428541
drug_dose_mean,SIDM00943,Pancreas,0.13416864608099927,0.02811460149527057
drug_dose_mean,SIDM00944,Colon,0.15367045742078994,0.03719925714640058
drug_dose_mean,SIDM00950,Pancreas,0.1423104153780415,0.0340137001821955
drug_dose_mean,SIDM00954,Breast,0.132576228564174,0.028847243011771752
drug_dose_mean,SIDM00957,Colon,0.20501142737435238,0.059871198057780246
drug_dose_mean,SIDM00971,Breast,0.19258015945530968,0.05744937675160803
drug_dose_mean,SIDM01001,Breast,0.3206114109386514,0.14491526313129172
drug_dose_mean,SIDM01002,Breast,0.16056920119687532,0.04056404747761518
drug_dose_mean,SIDM01037,Breast,0.1449330340361559,0.031982447366353924
drug_dose_mean,SIDM01042,Breast,0.20723890600056802,0.07106560355042514
drug_dose_mean,SIDM01056,Breast,0.12446944344692722,0.023258756492470983
drug_dose_mean,SIDM01062,Breast,0.12732129150222796,0.025468063682929882
drug_dose_mean,SIDM01090,Colon,0.1967611697930887,0.05944492602653808
drug_dose_mean,SIDM01135,Pancreas,0.09177201459489262,0.012436666285816664
drug_dose_mean,SIDM01136,Pancreas,0.19793374860797833,0.06230348186366294
drug_dose_mean,SIDM01137,Pancreas,0.11238829913679425,0.017521812600039065
drug_dose_mean,SIDM01138,Pancreas,0.13943472353593653,0.038590623150265964
drug_dose_mean,SIDM01139,Pancreas,0.0945817727786856,0.017623616686706797
drug_dose_mean,SIDM01165,Pancreas,0.10122676188046825,0.01804431692102062
drug_dose_mean,SIDM01186,Breast,0.20154680818183002,0.06350614717916078
drug_dose_mean,SIDM01187,Breast,0.1583706266532578,0.03643606228781188
drug_dose_mean,SIDM01188,Pancreas,0.13998242338097866,0.024634990761077367
drug_dose_mean,SIDM01197,Colon,0.19174054519246822,0.05374236399529746
drug_dose_mean,SIDM01233,Colon,0.16327245690975878,0.03821684108517434
state_ridge,SIDM00042,Pancreas,0.14967818862382673,0.03033395634471706
state_ridge,SIDM00049,Colon,0.15253362332641118,0.03604439296761215
state_ridge,SIDM00097,Breast,0.12941948400873998,0.030212534471772298
state_ridge,SIDM00118,Colon,0.15859614342531436,0.03289363544476317
state_ridge,SIDM00122,Breast,0.11010067152721384,0.0186237658855695
state_ridge,SIDM00130,Pancreas,0.13493688939342702,0.030164739329519318
state_ridge,SIDM00132,Pancreas,0.12689520677937385,0.03151387016975417
state_ridge,SIDM00135,Breast,0.1933098969686296,0.05842858677781666
state_ridge,SIDM00146,Breast,0.12982808733010182,0.025132247497816028
state_ridge,SIDM00148,Breast,0.18836898146919584,0.052237842140604604
state_ridge,SIDM00150,Colon,0.130514362345367,0.029032248710368115
state_ridge,SIDM00193,Colon,0.19214670082375776,0.05061312557938731
state_ridge,SIDM00214,Colon,0.12106669525747314,0.021617914035413414
state_ridge,SIDM00216,Colon,0.20830274134325064,0.06483309112128599
state_ridge,SIDM00217,Colon,0.1726015932558376,0.04184727091880342
state_ridge,SIDM00241,Breast,0.20657540456489132,0.063598996907667
state_ridge,SIDM00272,Breast,0.13173921565733118,0.028698838635686844
state_ridge,SIDM00282,Colon,0.15995468776507263,0.037021268398181296
state_ridge,SIDM00359,Colon,0.11697825067115175,0.03052524213377886
state_ridge,SIDM00411,Pancreas,0.09579220749160824,0.015084079832836748
state_ridge,SIDM00455,Pancreas,0.09852109324061198,0.013008008407765028
state_ridge,SIDM00469,Pancreas,0.2679258255611095,0.10387903997439604
state_ridge,SIDM00487,Colon,0.14725129210364804,0.03551376036199574
state_ridge,SIDM00488,Colon,0.16311056778270447,0.042318332179354
state_ridge,SIDM00498,Colon,0.1287021111534568,0.028965501202219822
state_ridge,SIDM00505,Pancreas,0.11743261081384983,0.02547106413953843
state_ridge,SIDM00527,Colon,0.18423310443213503,0.05245814667981306
state_ridge,SIDM00528,Breast,0.13870273231720395,0.037444878906828336
state_ridge,SIDM00529,Breast,0.1849798377373373,0.05226796780578971
state_ridge,SIDM00531,Pancreas,0.178464269462689,0.048153043357560904
state_ridge,SIDM00533,Pancreas,0.10665425505256759,0.019244346029115327
state_ridge,SIDM00534,Colon,0.1189170743967384,0.021738604652548964
state_ridge,SIDM00537,Colon,0.1643104383611598,0.03719330645228064
state_ridge,SIDM00541,Colon,0.18539426978133275,0.04755278152383244
state_ridge,SIDM00562,Breast,0.21627118378832158,0.07223341466910344
state_ridge,SIDM00571,Pancreas,0.13770337034164654,0.04123368810347532
state_ridge,SIDM00582,Pancreas,0.15245520772400595,0.03189256553836776
state_ridge,SIDM00628,Breast,0.2227016126682382,0.07032271264071827
state_ridge,SIDM00629,Breast,0.1373042954251386,0.0389996902353379
state_ridge,SIDM00630,Breast,0.1389828545359473,0.03258387320931309
state_ridge,SIDM00631,Breast,0.10148657492159946,0.017927972040064976
state_ridge,SIDM00633,Breast,0.13146217923460307,0.03580033195988362
state_ridge,SIDM00660,Colon,0.1483403200901006,0.033688789618559874
state_ridge,SIDM00664,Pancreas,0.11595917656062787,0.025848760748872716
state_ridge,SIDM00670,Pancreas,0.1442122103158111,0.033992731233572146
state_ridge,SIDM00673,Breast,0.155907117305694,0.04493851897712226
state_ridge,SIDM00675,Breast,0.20699238778812185,0.06151259251071513
state_ridge,SIDM00677,Colon,0.19365499759567406,0.04907683645382722
state_ridge,SIDM00680,Colon,0.10631880043271369,0.017526880189931034
state_ridge,SIDM00681,Colon,0.10042935684740777,0.019694676780043444
state_ridge,SIDM00772,Breast,0.2233027860626071,0.07019441902737247
state_ridge,SIDM00774,Breast,0.18981111631339284,0.04562678099726532
state_ridge,SIDM00776,Colon,0.10523834255027158,0.018635815641359313
state_ridge,SIDM00777,Colon,0.14320497366136112,0.02786055372972266
state_ridge,SIDM00778,Colon,0.1107972018863215,0.020012406867220212
state_ridge,SIDM00779,Colon,0.20482803959851995,0.0675759550626312
state_ridge,SIDM00781,Colon,0.1260192579439012,0.02576836062708843
state_ridge,SIDM00782,Colon,0.15266378387296206,0.0319750285153235
state_ridge,SIDM00783,Colon,0.09260473119382553,0.013385188154118878
state_ridge,SIDM00812,Colon,0.14437143501074862,0.02810731793165955
state_ridge,SIDM00826,Colon,0.21068353455246405,0.06474168083611845
state_ridge,SIDM00832,Colon,0.10914990091653358,0.017702837830630137
state_ridge,SIDM00833,Colon,0.10386627264415677,0.01764721150340829
state_ridge,SIDM00834,Colon,0.16909952233704395,0.04933947949715511
state_ridge,SIDM00835,Colon,0.1468470968533486,0.03205225843493311
state_ridge,SIDM00837,Colon,0.1529551105363052,0.0362553831482994
state_ridge,SIDM00839,Colon,0.2120222903337205,0.06442923425823117
state_ridge,SIDM00842,Colon,0.24200381882155927,0.0890804107095614
state_ridge,SIDM00866,Breast,0.12949128624247294,0.027299054172031934
state_ridge,SIDM00870,Breast,0.12657857211943477,0.02649856201131295
state_ridge,SIDM00872,Breast,0.12254047734097985,0.024148557815906156
state_ridge,SIDM00875,Breast,0.16209179786444464,0.043397327438967036
state_ridge,SIDM00877,Breast,0.15055282611295698,0.03434868171416036
state_ridge,SIDM00878,Breast,0.11998497133531658,0.02507319056796159
state_ridge,SIDM00879,Breast,0.19746433398777766,0.07295349501077529
state_ridge,SIDM00881,Breast,0.18285012960289704,0.058419736517508286
state_ridge,SIDM00882,Breast,0.18517728006046077,0.05152105162602367
state_ridge,SIDM00884,Breast,0.1292973902660955,0.026185230414237166
state_ridge,SIDM00885,Breast,0.2523891711886298,0.11008234551868769
state_ridge,SIDM00892,Breast,0.15035465196792186,0.03585336179410264
state_ridge,SIDM00893,Breast,0.13157901329183572,0.03195494661515536
state_ridge,SIDM00899,Pancreas,0.1176164725822341,0.02170934232646217
state_ridge,SIDM00920,Breast,0.11321342204521553,0.02160974963513189
state_ridge,SIDM00933,Breast,0.14420917858701973,0.03124307201211853
state_ridge,SIDM00934,Pancreas,0.11269246866080272,0.021250236915937817
state_ridge,SIDM00938,Breast,0.2171684114102095,0.07628689996384509
state_ridge,SIDM00940,Breast,0.14733201646387564,0.03440723280068687
state_ridge,SIDM00943,Pancreas,0.13534229399092432,0.03020924768215507
state_ridge,SIDM00944,Colon,0.11969729333359055,0.02347880747582144
state_ridge,SIDM00950,Pancreas,0.19505544160055593,0.06187271579646073
state_ridge,SIDM00954,Breast,0.13840680120872365,0.031393869775688595
state_ridge,SIDM00957,Colon,0.3651500791524365,0.16305918553511145
state_ridge,SIDM00971,Breast,0.15945039332703653,0.04550384201668239
state_ridge,SIDM01001,Breast,0.3003647120486972,0.14066267023352527
state_ridge,SIDM01002,Breast,0.13639222107214255,0.03164278846322574
state_ridge,SIDM01037,Breast,0.12103701939550232,0.024231324261283032
state_ridge,SIDM01042,Breast,0.18844669271094766,0.054542327848899945
state_ridge,SIDM01056,Breast,0.1130866753563907,0.021050219015030514
state_ridge,SIDM01062,Breast,0.22319849478721293,0.07743272319879768
state_ridge,SIDM01090,Colon,0.13245112076632595,0.029894489325377537
state_ridge,SIDM01135,Pancreas,0.12618673977993097,0.02654165945433494
state_ridge,SIDM01136,Pancreas,0.17404039349074857,0.0525143482142854
state_ridge,SIDM01137,Pancreas,0.09678126795940156,0.015905587973401143
state_ridge,SIDM01138,Pancreas,0.18573275148345056,0.05648493020199731
state_ridge,SIDM01139,Pancreas,0.11326085015386406,0.019395879131761495
state_ridge,SIDM01165,Pancreas,0.12994994139538296,0.025208511176700848
state_ridge,SIDM01186,Breast,0.18546820064817482,0.05473001503161783
state_ridge,SIDM01187,Breast,0.13302561698190363,0.028266813103194968
state_ridge,SIDM01188,Pancreas,0.11794814545871123,0.024404441515497408
state_ridge,SIDM01197,Colon,0.15387112547570145,0.037777461782497496
state_ridge,SIDM01233,Colon,0.17727304866258628,0.043772517294611235
state_shuffled,SIDM00042,Pancreas,0.11827119128890493,0.019618408925226885
state_shuffled,SIDM00049,Colon,0.1455325894346093,0.029689054331090977
state_shuffled,SIDM00097,Breast,0.10406805460309038,0.019220783180405283
state_shuffled,SIDM00118,Colon,0.17083438404788004,0.037162724664494245
state_shuffled,SIDM00122,Breast,0.14147363457549628,0.03149375528698717
state_shuffled,SIDM00130,Pancreas,0.0988212494836672,0.017882454372317995
state_shuffled,SIDM00132,Pancreas,0.1220807657731645,0.025866511635082908
state_shuffled,SIDM00135,Breast,0.18015545936625096,0.045105011112943356
state_shuffled,SIDM00146,Breast,0.171005371715335,0.046203583855084523
state_shuffled,SIDM00148,Breast,0.17445313801815793,0.047247318290941975
state_shuffled,SIDM00150,Colon,0.17552754929674866,0.04062795084727497
state_shuffled,SIDM00193,Colon,0.23339355697389141,0.07263590840666928
state_shuffled,SIDM00214,Colon,0.12889890753607655,0.0250404343336059
state_shuffled,SIDM00216,Colon,0.19256381701988975,0.05615494979206864
state_shuffled,SIDM00217,Colon,0.1444854242104103,0.03113485330062652
state_shuffled,SIDM00241,Breast,0.2555655302120857,0.09715468941140365
state_shuffled,SIDM00272,Breast,0.18323317730198785,0.050485504134470074
state_shuffled,SIDM00282,Colon,0.19182403136224582,0.052262868126932795
state_shuffled,SIDM00359,Colon,0.1464034873433657,0.037718301198885855
state_shuffled,SIDM00411,Pancreas,0.08930640530842102,0.015867513121758034
state_shuffled,SIDM00455,Pancreas,0.10664064277813343,0.016364904393782315
state_shuffled,SIDM00469,Pancreas,0.251668943521111,0.08564888873819423
state_shuffled,SIDM00487,Colon,0.142350046006148,0.036699939640036594
state_shuffled,SIDM00488,Colon,0.1566437979100944,0.03704254872663623
state_shuffled,SIDM00498,Colon,0.15099334054387997,0.03584548632778075
state_shuffled,SIDM00505,Pancreas,0.1056356493192913,0.016703904897196194
state_shuffled,SIDM00527,Colon,0.2091559193944006,0.0664056900220495
state_shuffled,SIDM00528,Breast,0.15377047631873572,0.04179798478170054
state_shuffled,SIDM00529,Breast,0.17554629422423032,0.04656418139587882
state_shuffled,SIDM00531,Pancreas,0.15216562661633437,0.0388735788917373
state_shuffled,SIDM00533,Pancreas,0.11917708886515069,0.02174691767357221
state_shuffled,SIDM00534,Colon,0.12458534682671905,0.026940552501382428
state_shuffled,SIDM00537,Colon,0.18184129741452565,0.05501745901843449
state_shuffled,SIDM00541,Colon,0.15924183113200913,0.039643132599461145
state_shuffled,SIDM00562,Breast,0.2085759971906279,0.06865499456533108
state_shuffled,SIDM00571,Pancreas,0.149985701504351,0.03851020633167386
state_shuffled,SIDM00582,Pancreas,0.12974095640883318,0.024875169158673986
state_shuffled,SIDM00628,Breast,0.19353173258756412,0.054832233990542684
state_shuffled,SIDM00629,Breast,0.18570107939035024,0.05899094841910487
state_shuffled,SIDM00630,Breast,0.18770516279997176,0.05706874640378913
state_shuffled,SIDM00631,Breast,0.1565060830204313,0.041619411998778895
state_shuffled,SIDM00633,Breast,0.19131348639122905,0.06267997046831411
state_shuffled,SIDM00660,Colon,0.1888948434927123,0.05126308246007892
state_shuffled,SIDM00664,Pancreas,0.11336533138547214,0.022285661116851128
state_shuffled,SIDM00670,Pancreas,0.16574438446285722,0.038137071061420905
state_shuffled,SIDM00673,Breast,0.13642702686414723,0.03247668382305101
state_shuffled,SIDM00675,Breast,0.1950304453119818,0.0555390847086344
state_shuffled,SIDM00677,Colon,0.1895038829191933,0.05407411779923818
state_shuffled,SIDM00680,Colon,0.10904719345032265,0.01617556209947966
state_shuffled,SIDM00681,Colon,0.11858297272842093,0.025347778034276184
state_shuffled,SIDM00772,Breast,0.22512447750974132,0.07554127454346023
state_shuffled,SIDM00774,Breast,0.2011972954375463,0.05723694859351523
state_shuffled,SIDM00776,Colon,0.13094915425578577,0.02939501516277995
state_shuffled,SIDM00777,Colon,0.16828271698969807,0.040822963712258256
state_shuffled,SIDM00778,Colon,0.12156995264318976,0.023455694590403805
state_shuffled,SIDM00779,Colon,0.20536245105372228,0.0665949546329932
state_shuffled,SIDM00781,Colon,0.14465186950217274,0.027806919577912304
state_shuffled,SIDM00782,Colon,0.1395885040909474,0.02952492923192829
state_shuffled,SIDM00783,Colon,0.16545667398357103,0.0381574479641721
state_shuffled,SIDM00812,Colon,0.1567712305871183,0.03796635686008978
state_shuffled,SIDM00826,Colon,0.1995926575605006,0.060199729591231516
state_shuffled,SIDM00832,Colon,0.10601724299261737,0.021929403956036323
state_shuffled,SIDM00833,Colon,0.1688728688241678,0.04626948068332294
state_shuffled,SIDM00834,Colon,0.15177052101610106,0.043085995436073735
state_shuffled,SIDM00835,Colon,0.18339398649154348,0.045922628840746604
state_shuffled,SIDM00837,Colon,0.17662167861926822,0.04671419402969345
state_shuffled,SIDM00839,Colon,0.187012593018775,0.05710139651955827
state_shuffled,SIDM00842,Colon,0.17719560187098402,0.057037298914010985
state_shuffled,SIDM00866,Breast,0.10353021236309613,0.020065226696966927
state_shuffled,SIDM00870,Breast,0.1476861485230214,0.04336559859750269
state_shuffled,SIDM00872,Breast,0.17297122361499306,0.0503929934879931
state_shuffled,SIDM00875,Breast,0.15333132748037723,0.032508594184680335
state_shuffled,SIDM00877,Breast,0.14790651977352962,0.03907828676117902
state_shuffled,SIDM00878,Breast,0.12629445566515987,0.029242177246345362
state_shuffled,SIDM00879,Breast,0.19985524734174268,0.07332902381640514
state_shuffled,SIDM00881,Breast,0.21242405104852902,0.07650024936551827
state_shuffled,SIDM00882,Breast,0.20179287196975626,0.0653464460400999
state_shuffled,SIDM00884,Breast,0.14369233979233426,0.03399872572800991
state_shuffled,SIDM00885,Breast,0.27969615845916695,0.12293310244118692
state_shuffled,SIDM00892,Breast,0.1866412916457321,0.054074760835127716
state_shuffled,SIDM00893,Breast,0.1562383388415117,0.041046451254968086
state_shuffled,SIDM00899,Pancreas,0.12540266925728563,0.02854909107537982
state_shuffled,SIDM00920,Breast,0.11874115729781934,0.02602007238922918
state_shuffled,SIDM00933,Breast,0.17024554902209862,0.04311891258919377
state_shuffled,SIDM00934,Pancreas,0.12016625691277384,0.01942077909388855
state_shuffled,SIDM00938,Breast,0.21175194034223033,0.07296083020792576
state_shuffled,SIDM00940,Breast,0.14518766286871734,0.03411072865305334
state_shuffled,SIDM00943,Pancreas,0.11271764441976226,0.0228839787153875
state_shuffled,SIDM00944,Colon,0.1465794349507935,0.035485527206212494
state_shuffled,SIDM00950,Pancreas,0.2018946843174536,0.06920171422205877
state_shuffled,SIDM00954,Breast,0.15636765130975253,0.03754023599144176
state_shuffled,SIDM00957,Colon,0.24332288986645925,0.07966024176410601
state_shuffled,SIDM00971,Breast,0.2439923429741421,0.09527239826461689
state_shuffled,SIDM01001,Breast,0.36862061372257116,0.20219143552880292
state_shuffled,SIDM01002,Breast,0.1874705334014529,0.057049160595331834
state_shuffled,SIDM01037,Breast,0.14332850251208648,0.03380636725684555
state_shuffled,SIDM01042,Breast,0.22084728971471332,0.07764868506250762
state_shuffled,SIDM01056,Breast,0.12665190743862056,0.026366258459410465
state_shuffled,SIDM01062,Breast,0.21399239601948533,0.07233946249975748
state_shuffled,SIDM01090,Colon,0.19248411094851178,0.05833584968715288
state_shuffled,SIDM01135,Pancreas,0.11199950542635685,0.02284837104650541
state_shuffled,SIDM01136,Pancreas,0.1630285521310317,0.0463194712284104
state_shuffled,SIDM01137,Pancreas,0.09339373581767105,0.013625245070567314
state_shuffled,SIDM01138,Pancreas,0.18516141744756284,0.060686107421558715
state_shuffled,SIDM01139,Pancreas,0.13023891845132088,0.027020337397032208
state_shuffled,SIDM01165,Pancreas,0.08518558442421117,0.011877918498730121
state_shuffled,SIDM01186,Breast,0.2090344512641524,0.0685200671412075
state_shuffled,SIDM01187,Breast,0.1521062969261303,0.032486051494354656
state_shuffled,SIDM01188,Pancreas,0.09834809533337936,0.012977074970244142
state_shuffled,SIDM01197,Colon,0.13947751278153558,0.030271339929458855
state_shuffled,SIDM01233,Colon,0.22168623095404316,0.07094556935751065
tissue_reference,SIDM00042,Pancreas,0.12250282528798767,0.019910685746341947
tissue_reference,SIDM00049,Colon,0.1493369645382698,0.030379190955828462
tissue_reference,SIDM00097,Breast,0.10747967709729843,0.01931327985059426
tissue_reference,SIDM00118,Colon,0.15898749551805316,0.03430161960625275
tissue_reference,SIDM00122,Breast,0.13021908361587053,0.02608213568147799
tissue_reference,SIDM00130,Pancreas,0.1060872987422937,0.018873544295222738
tissue_reference,SIDM00132,Pancreas,0.0806053656607141,0.01332388600618583
tissue_reference,SIDM00135,Breast,0.19004897645856755,0.05034997126210235
tissue_reference,SIDM00146,Breast,0.13777793517102552,0.028811276463794937
tissue_reference,SIDM00148,Breast,0.15588945797458426,0.03503309224904592
tissue_reference,SIDM00150,Colon,0.17105601190091896,0.04208760133863269
tissue_reference,SIDM00193,Colon,0.2059369581477327,0.05895622765814235
tissue_reference,SIDM00214,Colon,0.10795146962044658,0.018603092623838073
tissue_reference,SIDM00216,Colon,0.192378402369099,0.056354212817212285
tissue_reference,SIDM00217,Colon,0.14390835066289806,0.03035818093093514
tissue_reference,SIDM00241,Breast,0.23246981064333297,0.0792165965121653
tissue_reference,SIDM00272,Breast,0.14460161234471428,0.03479301655679716
tissue_reference,SIDM00282,Colon,0.1763233116217761,0.04920733380708743
tissue_reference,SIDM00359,Colon,0.12954421803064917,0.02253121833622863
tissue_reference,SIDM00411,Pancreas,0.08566728447259472,0.012864997834656984
tissue_reference,SIDM00455,Pancreas,0.10096846877888951,0.01474030547466464
tissue_reference,SIDM00469,Pancreas,0.21865954718418965,0.06486398554390654
tissue_reference,SIDM00487,Colon,0.16369684560596753,0.04102290025543951
tissue_reference,SIDM00488,Colon,0.17172239521389376,0.04678542321688352
tissue_reference,SIDM00498,Colon,0.12841530483746474,0.026941946941505077
tissue_reference,SIDM00505,Pancreas,0.0903952433209522,0.014482352522577171
tissue_reference,SIDM00527,Colon,0.1750082627482165,0.05052379304536239
tissue_reference,SIDM00528,Breast,0.15094041038877043,0.03861473124647812
tissue_reference,SIDM00529,Breast,0.1764835922059354,0.0470374397981748
tissue_reference,SIDM00531,Pancreas,0.16143524801815626,0.03940655537628067
tissue_reference,SIDM00533,Pancreas,0.10117544421327374,0.016440916463668152
tissue_reference,SIDM00534,Colon,0.11446198194844776,0.02346878621297023
tissue_reference,SIDM00537,Colon,0.17015368815939028,0.046569706165687556
tissue_reference,SIDM00541,Colon,0.17693524095145186,0.0480533076505471
tissue_reference,SIDM00562,Breast,0.20056904621928992,0.06261305029098499
tissue_reference,SIDM00571,Pancreas,0.13304380582165926,0.032565736939402
tissue_reference,SIDM00582,Pancreas,0.12603786067968537,0.022666189317598173
tissue_reference,SIDM00628,Breast,0.17027807199310555,0.041417943935013316
tissue_reference,SIDM00629,Breast,0.15331372054423256,0.03952364578496019
tissue_reference,SIDM00630,Breast,0.14381733988669662,0.033605677737363275
tissue_reference,SIDM00631,Breast,0.13288596897362115,0.03089961276666331
tissue_reference,SIDM00633,Breast,0.13613841997559117,0.03336135554323716
tissue_reference,SIDM00660,Colon,0.13198068612735053,0.02395355936972037
tissue_reference,SIDM00664,Pancreas,0.09741869821506308,0.01896894238576011
tissue_reference,SIDM00670,Pancreas,0.1421387258279222,0.03173262821861661
tissue_reference,SIDM00673,Breast,0.13933923276113191,0.033962021538491684
tissue_reference,SIDM00675,Breast,0.167474782426461,0.04140056327276737
tissue_reference,SIDM00677,Colon,0.19053058947055612,0.047976399335128914
tissue_reference,SIDM00680,Colon,0.09892907493704398,0.015140280926171805
tissue_reference,SIDM00681,Colon,0.11028398026504427,0.020721935843432043
tissue_reference,SIDM00772,Breast,0.2084588850405148,0.06388057787708899
tissue_reference,SIDM00774,Breast,0.17951927295992007,0.04532379198507689
tissue_reference,SIDM00776,Colon,0.13280308038220767,0.026194044656079916
tissue_reference,SIDM00777,Colon,0.14950362034959544,0.030925628034197364
tissue_reference,SIDM00778,Colon,0.1172094401302678,0.020991038686442077
tissue_reference,SIDM00779,Colon,0.17677068366076132,0.04399365405885334
tissue_reference,SIDM00781,Colon,0.11413543226631137,0.020223974332684393
tissue_reference,SIDM00782,Colon,0.12300652895650925,0.02227710735726948
tissue_reference,SIDM00783,Colon,0.1607974669772766,0.03619579737368497
tissue_reference,SIDM00812,Colon,0.14701158209619355,0.03542066499805336
tissue_reference,SIDM00826,Colon,0.20733135000056874,0.05934249620401673
tissue_reference,SIDM00832,Colon,0.10038505347400845,0.014563549080236387
tissue_reference,SIDM00833,Colon,0.11189495834160113,0.0205591893207311
tissue_reference,SIDM00834,Colon,0.13629810182414176,0.033535991318848136
tissue_reference,SIDM00835,Colon,0.17545175211668126,0.04582193520248924
tissue_reference,SIDM00837,Colon,0.19176078949520683,0.05136957514291377
tissue_reference,SIDM00839,Colon,0.20076316217765877,0.0610055665525609
tissue_reference,SIDM00842,Colon,0.1720797251370607,0.053768447337863234
tissue_reference,SIDM00866,Breast,0.10187164145736727,0.018609535002238574
tissue_reference,SIDM00870,Breast,0.12325435407140233,0.029060128639647298
tissue_reference,SIDM00872,Breast,0.13498075932361964,0.03283636544080059
tissue_reference,SIDM00875,Breast,0.1504442523335272,0.034785102602889
tissue_reference,SIDM00877,Breast,0.14476903246268333,0.035843142013261914
tissue_reference,SIDM00878,Breast,0.1185418872879174,0.024977556806952374
tissue_reference,SIDM00879,Breast,0.18207971401858733,0.05955027779944432
tissue_reference,SIDM00881,Breast,0.19138433386499423,0.05499653598023857
tissue_reference,SIDM00882,Breast,0.17892508502355323,0.052044652234677656
tissue_reference,SIDM00884,Breast,0.12881605244951413,0.02699029105920229
tissue_reference,SIDM00885,Breast,0.2616397581678306,0.10750572974898416
tissue_reference,SIDM00892,Breast,0.17440643676721915,0.04676531933884177
tissue_reference,SIDM00893,Breast,0.12792415638788937,0.028563404687383935
tissue_reference,SIDM00899,Pancreas,0.13116458078745477,0.02901779512009252
tissue_reference,SIDM00920,Breast,0.11517482839425736,0.023729434040868375
tissue_reference,SIDM00933,Breast,0.16415789328931793,0.03951721760269614
tissue_reference,SIDM00934,Pancreas,0.08897122417956754,0.012542953430156113
tissue_reference,SIDM00938,Breast,0.23885831920764325,0.08249235618947287
tissue_reference,SIDM00940,Breast,0.1319009957863185,0.02822310087591952
tissue_reference,SIDM00943,Pancreas,0.11677756023933981,0.02296585746400728
tissue_reference,SIDM00944,Colon,0.15576272681064712,0.0350349564436051
tissue_reference,SIDM00950,Pancreas,0.18004448799861625,0.054291936807988064
tissue_reference,SIDM00954,Breast,0.13407621699840166,0.027790995831875182
tissue_reference,SIDM00957,Colon,0.2596681633489271,0.08584451543409433
tissue_reference,SIDM00971,Breast,0.18032341570053825,0.051491613521222765
tissue_reference,SIDM01001,Breast,0.3314520670728723,0.16262091159446473
tissue_reference,SIDM01002,Breast,0.14425528873918345,0.034839673584480466
tissue_reference,SIDM01037,Breast,0.13500984040549463,0.02787389358834572
tissue_reference,SIDM01042,Breast,0.19896635289489392,0.06793786651329783
tissue_reference,SIDM01056,Breast,0.1163149501799507,0.02057178406585631
tissue_reference,SIDM01062,Breast,0.13046343829612825,0.027780918552020514
tissue_reference,SIDM01090,Colon,0.16168656069313678,0.04312394108392278
tissue_reference,SIDM01135,Pancreas,0.10907208261752138,0.020528335859937775
tissue_reference,SIDM01136,Pancreas,0.16937066619057434,0.04889583960756587
tissue_reference,SIDM01137,Pancreas,0.08371392416479313,0.010897842889186863
tissue_reference,SIDM01138,Pancreas,0.15023131802698622,0.04063907024716074
tissue_reference,SIDM01139,Pancreas,0.09411852390637274,0.01546840309162989
tissue_reference,SIDM01165,Pancreas,0.08997300339375891,0.01311148679672395
tissue_reference,SIDM01186,Breast,0.19342882250921273,0.05968329648157057
tissue_reference,SIDM01187,Breast,0.1447739485536757,0.03163159342733696
tissue_reference,SIDM01188,Pancreas,0.11142846239325227,0.016219107959863543
tissue_reference,SIDM01197,Colon,0.1572767920213339,0.03873837564826326
tissue_reference,SIDM01233,Colon,0.20432704062335127,0.05588033727934232
