sidm,tissue,drug_id,dose_uM,prediction,baseline,support,status
SIDM00332,Breast,1011,10.0,0.25071401445275104,0.26164882909888315,111,context_conditional_reference
SIDM00332,Breast,1012,5.0,0.30998977850046683,0.39546555215284523,46,context_conditional_reference
SIDM00332,Breast,1047,10.0,0.73410379761225,0.8532854478593717,87,context_conditional_reference
SIDM00332,Breast,1053,10.0,0.5287402049729675,0.6174333152525722,109,context_conditional_reference
SIDM00332,Breast,1054,4.0,0.9316556410041829,0.8581636195653839,86,context_conditional_reference
SIDM00332,Breast,1058,4.0,0.31258851678642097,0.4657601507600289,46,context_conditional_reference
SIDM00332,Breast,1073,20.0,0.8488695965190299,0.7633816146068882,110,context_conditional_reference
SIDM00332,Breast,1083,10.0,0.66866002669051,0.477670743896174,85,context_conditional_reference
SIDM00332,Breast,1179,10.0,0.45573396399194854,0.3509935338033968,85,context_conditional_reference
SIDM00332,Breast,1190,10.0,0.6611721336585711,0.6616084181109041,45,context_conditional_reference
SIDM00332,Breast,1191,0.02,0.36472933041620237,0.23702274774539514,45,context_conditional_reference
SIDM00332,Breast,1510,10.0,0.9064048940466138,0.7704526323205055,109,context_conditional_reference
SIDM00332,Breast,1549,5.0,0.5777837119960147,0.7719742547912235,85,context_conditional_reference
SIDM00332,Breast,1005,4.0,0.9164671777987433,0.9432172472761104,46,context_conditional_reference
SIDM00332,Breast,1007,0.0125,0.6247444885133797,0.5701260706380207,46,context_conditional_reference
SIDM00332,Breast,1017,10.0,0.8952317757607996,0.8924480055874954,108,context_conditional_reference
SIDM00332,Breast,1021,10.0,0.5602508885322017,0.6781617099758318,45,context_conditional_reference
SIDM00332,Breast,1022,1.0,0.6353883406222945,0.5568187383443078,109,context_conditional_reference
SIDM00332,Breast,1372,1.0,0.8877107807956793,0.6311904588563256,110,context_conditional_reference
SIDM00332,Breast,1375,30.0,1.061957456945893,1.0510111008873533,44,context_conditional_reference
SIDM00332,Breast,1558,10.0,0.361059277765251,0.49563849555818534,68,context_conditional_reference
SIDM00332,Breast,1559,0.1,0.3686534594063322,0.4952416653907356,44,context_conditional_reference
SIDM00332,Breast,1561,10.0,0.3914173871521551,0.5126073131754706,110,context_conditional_reference
SIDM00332,Breast,1594,4.0,0.46787515418811576,0.5826149141024145,69,context_conditional_reference
SIDM00874,Breast,1011,10.0,0.32593790808517986,0.26164882909888315,111,context_conditional_reference
SIDM00874,Breast,1012,5.0,0.5232552581555739,0.39546555215284523,46,context_conditional_reference
SIDM00874,Breast,1047,10.0,0.806346635664287,0.8532854478593717,87,context_conditional_reference
SIDM00874,Breast,1049,10.0,0.9011851523836039,0.8438748421754182,46,context_conditional_reference
SIDM00874,Breast,1053,10.0,0.5808532367247915,0.6174333152525722,109,context_conditional_reference
SIDM00874,Breast,1054,4.0,0.944178080341049,0.8581636195653839,86,context_conditional_reference
SIDM00874,Breast,1058,4.0,0.45820370486089285,0.4657601507600289,46,context_conditional_reference
SIDM00874,Breast,1073,20.0,0.8684031390682742,0.7633816146068882,110,context_conditional_reference
SIDM00874,Breast,1083,10.0,0.6834239014651616,0.477670743896174,85,context_conditional_reference
SIDM00874,Breast,1179,10.0,0.44601786244815117,0.3509935338033968,85,context_conditional_reference
SIDM00874,Breast,1190,10.0,0.6712646338701106,0.6616084181109041,45,context_conditional_reference
SIDM00874,Breast,1191,0.02,0.10526801417185838,0.23702274774539514,45,context_conditional_reference
SIDM00874,Breast,1510,10.0,0.8685720892063423,0.7704526323205055,109,context_conditional_reference
SIDM00874,Breast,1549,5.0,0.6714838095388377,0.7719742547912235,85,context_conditional_reference
SIDM00874,Breast,1005,4.0,0.9378053932391257,0.9432172472761104,46,context_conditional_reference
SIDM00874,Breast,1007,0.0125,0.508880399478807,0.5701260706380207,46,context_conditional_reference
SIDM00874,Breast,1017,10.0,0.8983506661754427,0.8924480055874954,108,context_conditional_reference
SIDM00874,Breast,1021,10.0,0.7392357339293038,0.6781617099758318,45,context_conditional_reference
SIDM00874,Breast,1022,1.0,0.616223036687006,0.5568187383443078,109,context_conditional_reference
SIDM00874,Breast,1372,1.0,0.825180552156273,0.6311904588563256,110,context_conditional_reference
SIDM00874,Breast,1375,30.0,1.0308586195511704,1.0510111008873533,44,context_conditional_reference
SIDM00874,Breast,1558,10.0,0.3060252782848685,0.49563849555818534,68,context_conditional_reference
SIDM00874,Breast,1559,0.1,0.5627921182626666,0.4952416653907356,44,context_conditional_reference
SIDM00874,Breast,1561,10.0,0.46346125227216073,0.5126073131754706,110,context_conditional_reference
SIDM00874,Breast,1594,4.0,0.5811873332756532,0.5826149141024145,69,context_conditional_reference
SIDM00898,Breast,1011,10.0,0.2970629760290828,0.26164882909888315,111,context_conditional_reference
SIDM00898,Breast,1012,5.0,0.4782371541523285,0.39546555215284523,46,context_conditional_reference
SIDM00898,Breast,1047,10.0,0.941923714311754,0.8532854478593717,87,context_conditional_reference
SIDM00898,Breast,1049,10.0,0.9162766397208596,0.8438748421754182,46,context_conditional_reference
SIDM00898,Breast,1053,10.0,0.4818349500468896,0.6174333152525722,109,context_conditional_reference
SIDM00898,Breast,1054,4.0,0.916568658742223,0.8581636195653839,86,context_conditional_reference
SIDM00898,Breast,1058,4.0,0.422991192920387,0.4657601507600289,46,context_conditional_reference
SIDM00898,Breast,1073,20.0,0.8798049855061907,0.7633816146068882,110,context_conditional_reference
SIDM00898,Breast,1083,10.0,0.6966256829675177,0.477670743896174,85,context_conditional_reference
SIDM00898,Breast,1179,10.0,0.4474551706317455,0.3509935338033968,85,context_conditional_reference
SIDM00898,Breast,1191,0.02,0.22782333262310706,0.23702274774539514,45,context_conditional_reference
SIDM00898,Breast,1510,10.0,0.8424154148214734,0.7704526323205055,109,context_conditional_reference
SIDM00898,Breast,1549,5.0,0.7553496583680461,0.7719742547912235,85,context_conditional_reference
SIDM00898,Breast,1005,4.0,0.9674135377204961,0.9432172472761104,46,context_conditional_reference
SIDM00898,Breast,1007,0.0125,0.46335616549008235,0.5701260706380207,46,context_conditional_reference
SIDM00898,Breast,1017,10.0,0.9207172742889524,0.8924480055874954,108,context_conditional_reference
SIDM00898,Breast,1021,10.0,0.6926331445686966,0.6781617099758318,45,context_conditional_reference
SIDM00898,Breast,1022,1.0,0.6577518242576679,0.5568187383443078,109,context_conditional_reference
SIDM00898,Breast,1372,1.0,0.9206988855846703,0.6311904588563256,110,context_conditional_reference
SIDM00898,Breast,1375,30.0,1.0743537772700111,1.0510111008873533,44,context_conditional_reference
SIDM00898,Breast,1558,10.0,0.417326605628208,0.49563849555818534,68,context_conditional_reference
SIDM00898,Breast,1559,0.1,0.5379939183929662,0.4952416653907356,44,context_conditional_reference
SIDM00898,Breast,1561,10.0,0.4003492407050378,0.5126073131754706,110,context_conditional_reference
SIDM00898,Breast,1594,4.0,0.4953695608420622,0.5826149141024145,69,context_conditional_reference
SIDM00928,Breast,1011,10.0,0.34605213190652273,0.26164882909888315,111,context_conditional_reference
SIDM00928,Breast,1012,5.0,0.6197584604887164,0.39546555215284523,46,context_conditional_reference
SIDM00928,Breast,1047,10.0,0.9756360993173421,0.8532854478593717,87,context_conditional_reference
SIDM00928,Breast,1049,10.0,0.8109534516597219,0.8438748421754182,46,context_conditional_reference
SIDM00928,Breast,1053,10.0,0.5391530316681785,0.6174333152525722,109,context_conditional_reference
SIDM00928,Breast,1054,4.0,0.9170165801265618,0.8581636195653839,86,context_conditional_reference
SIDM00928,Breast,1058,4.0,0.5617102228217695,0.4657601507600289,46,context_conditional_reference
SIDM00928,Breast,1073,20.0,0.8185897946276091,0.7633816146068882,110,context_conditional_reference
SIDM00928,Breast,1083,10.0,0.5077377041694315,0.477670743896174,85,context_conditional_reference
SIDM00928,Breast,1179,10.0,0.4069427197766583,0.3509935338033968,85,context_conditional_reference
SIDM00928,Breast,1190,10.0,0.5729136488440646,0.6616084181109041,45,context_conditional_reference
SIDM00928,Breast,1191,0.02,0.1044890844530221,0.23702274774539514,45,context_conditional_reference
SIDM00928,Breast,1510,10.0,0.8859614043793824,0.7704526323205055,109,context_conditional_reference
SIDM00928,Breast,1549,5.0,0.8316102855999132,0.7719742547912235,85,context_conditional_reference
SIDM00928,Breast,1005,4.0,0.8686012464982301,0.9432172472761104,46,context_conditional_reference
SIDM00928,Breast,1007,0.0125,0.5321530006187493,0.5701260706380207,46,context_conditional_reference
SIDM00928,Breast,1017,10.0,0.8472768294774615,0.8924480055874954,108,context_conditional_reference
SIDM00928,Breast,1021,10.0,0.6756849355024809,0.6781617099758318,45,context_conditional_reference
SIDM00928,Breast,1022,1.0,0.4187753452177396,0.5568187383443078,109,context_conditional_reference
SIDM00928,Breast,1372,1.0,0.7759373265694727,0.6311904588563256,110,context_conditional_reference
SIDM00928,Breast,1375,30.0,1.008971014024045,1.0510111008873533,44,context_conditional_reference
SIDM00928,Breast,1558,10.0,0.31390632478684377,0.49563849555818534,68,context_conditional_reference
SIDM00928,Breast,1559,0.1,0.6064777165149627,0.4952416653907356,44,context_conditional_reference
SIDM00928,Breast,1561,10.0,0.4996461319513997,0.5126073131754706,110,context_conditional_reference
SIDM00928,Breast,1594,4.0,0.6158465597778505,0.5826149141024145,69,context_conditional_reference
SIDM00963,Breast,1011,10.0,0.229792031947457,0.26164882909888315,111,context_conditional_reference
SIDM00963,Breast,1012,5.0,0.3147715766575214,0.39546555215284523,46,context_conditional_reference
SIDM00963,Breast,1047,10.0,0.9440484842435459,0.8532854478593717,87,context_conditional_reference
SIDM00963,Breast,1049,10.0,0.8652889864276583,0.8438748421754182,46,context_conditional_reference
SIDM00963,Breast,1053,10.0,0.5459736374885954,0.6174333152525722,109,context_conditional_reference
SIDM00963,Breast,1054,4.0,0.9119450147788711,0.8581636195653839,86,context_conditional_reference
SIDM00963,Breast,1058,4.0,0.5594806308973717,0.4657601507600289,46,context_conditional_reference
SIDM00963,Breast,1073,20.0,0.9001628394367663,0.7633816146068882,110,context_conditional_reference
SIDM00963,Breast,1083,10.0,0.7303348142311008,0.477670743896174,85,context_conditional_reference
SIDM00963,Breast,1179,10.0,0.5175118765680025,0.3509935338033968,85,context_conditional_reference
SIDM00963,Breast,1190,10.0,0.7860414796739754,0.6616084181109041,45,context_conditional_reference
SIDM00963,Breast,1191,0.02,0.33125340662330904,0.23702274774539514,45,context_conditional_reference
SIDM00963,Breast,1510,10.0,0.8400759359596666,0.7704526323205055,109,context_conditional_reference
SIDM00963,Breast,1549,5.0,0.8159597166013576,0.7719742547912235,85,context_conditional_reference
SIDM00963,Breast,1005,4.0,0.9846728592602934,0.9432172472761104,46,context_conditional_reference
SIDM00963,Breast,1007,0.0125,0.5461707317653169,0.5701260706380207,46,context_conditional_reference
SIDM00963,Breast,1017,10.0,0.9412732764174863,0.8924480055874954,108,context_conditional_reference
SIDM00963,Breast,1021,10.0,0.6662987955622516,0.6781617099758318,45,context_conditional_reference
SIDM00963,Breast,1022,1.0,0.718826849453625,0.5568187383443078,109,context_conditional_reference
SIDM00963,Breast,1372,1.0,0.9296168733521201,0.6311904588563256,110,context_conditional_reference
SIDM00963,Breast,1375,30.0,1.0804642144513454,1.0510111008873533,44,context_conditional_reference
SIDM00963,Breast,1558,10.0,0.4845197317225631,0.49563849555818534,68,context_conditional_reference
SIDM00963,Breast,1559,0.1,0.521468648941531,0.4952416653907356,44,context_conditional_reference
SIDM00963,Breast,1561,10.0,0.5208755595406664,0.5126073131754706,110,context_conditional_reference
SIDM00963,Breast,1594,4.0,0.5100441337805041,0.5826149141024145,69,context_conditional_reference
SIDM00136,Colon,1011,10.0,0.34015263645931554,0.26164882909888315,111,context_conditional_reference
SIDM00136,Colon,1032|1372,10.0,,,0,no_exact_drug_dose_history
SIDM00136,Colon,1047,10.0,0.8830732736368755,0.8532854478593717,87,context_conditional_reference
SIDM00136,Colon,1053,10.0,0.548020050190253,0.6174333152525722,109,context_conditional_reference
SIDM00136,Colon,1054,4.0,0.8239286253723838,0.8581636195653839,86,context_conditional_reference
SIDM00136,Colon,1059,1.0,0.5786864253140871,0.5842578777951495,84,context_conditional_reference
SIDM00136,Colon,1073,20.0,0.6223513517943488,0.7633816146068882,110,context_conditional_reference
SIDM00136,Colon,1083,10.0,0.2996353320921546,0.477670743896174,85,context_conditional_reference
SIDM00136,Colon,1089,10.0,0.49666283711296577,0.6892460100166649,65,context_conditional_reference
SIDM00136,Colon,1510,10.0,0.7802284391894234,0.7704526323205055,109,context_conditional_reference
SIDM00136,Colon,1561,10.0,0.386520433385804,0.5126073131754706,110,context_conditional_reference
SIDM00136,Colon,1564,5.0,0.4871713586275888,0.6509700525961589,83,context_conditional_reference
SIDM00136,Colon,2048,0.1,0.5118491769009902,0.46179959031557055,41,context_conditional_reference
SIDM00136,Colon,2171,10.0,0.3897958290752674,0.4692442933224696,41,context_conditional_reference
SIDM00136,Colon,1003,0.1,0.6452938706898469,0.6630126969092064,82,context_conditional_reference
SIDM00136,Colon,1017,10.0,0.8712586985709821,0.8924480055874954,108,context_conditional_reference
SIDM00136,Colon,1022,1.0,0.4618174551329384,0.5568187383443078,109,context_conditional_reference
SIDM00136,Colon,1025,10.0,0.8561428339917628,0.9425072653008241,84,context_conditional_reference
SIDM00136,Colon,1032,10.0,0.2657271788333069,0.363599587374349,82,context_conditional_reference
SIDM00136,Colon,1179,10.0,0.2653138051123777,0.3509935338033968,85,context_conditional_reference
SIDM00136,Colon,1194,10.0,0.429473693577769,0.4833787103150631,41,context_conditional_reference
SIDM00136,Colon,1372,1.0,0.43164728859016516,0.6311904588563256,110,context_conditional_reference
SIDM00136,Colon,1373,10.0,0.9802645913715797,0.8715095696513265,83,context_conditional_reference
SIDM00136,Colon,1549,5.0,0.7686692904202918,0.7719742547912235,85,context_conditional_reference
SIDM00136,Colon,1598,10.0,0.7649563954009826,0.8276869045215338,65,context_conditional_reference
SIDM00136,Colon,1786,10.0,0.514976047633577,0.6783175171130421,41,context_conditional_reference
SIDM00789,Colon,1011,10.0,0.1350675471522561,0.26164882909888315,111,context_conditional_reference
SIDM00789,Colon,1032|1372,10.0,,,0,no_exact_drug_dose_history
SIDM00789,Colon,1047,10.0,0.8487496476644258,0.8532854478593717,87,context_conditional_reference
SIDM00789,Colon,1053,10.0,0.6354894696791392,0.6174333152525722,109,context_conditional_reference
SIDM00789,Colon,1054,4.0,0.7809391415384486,0.8581636195653839,86,context_conditional_reference
SIDM00789,Colon,1059,1.0,0.6595086136970761,0.5842578777951495,84,context_conditional_reference
SIDM00789,Colon,1073,20.0,0.5976753018445602,0.7633816146068882,110,context_conditional_reference
SIDM00789,Colon,1083,10.0,0.23608445448230703,0.477670743896174,85,context_conditional_reference
SIDM00789,Colon,1089,10.0,0.7006618788257681,0.6892460100166649,65,context_conditional_reference
SIDM00789,Colon,1510,10.0,0.6306131036419267,0.7704526323205055,109,context_conditional_reference
SIDM00789,Colon,1561,10.0,0.552884217307878,0.5126073131754706,110,context_conditional_reference
SIDM00789,Colon,1564,5.0,0.478843587208975,0.6509700525961589,83,context_conditional_reference
SIDM00789,Colon,2048,0.1,0.4576573891266644,0.46179959031557055,41,context_conditional_reference
SIDM00789,Colon,2171,10.0,0.6022460864898012,0.4692442933224696,41,context_conditional_reference
SIDM00789,Colon,1003,0.1,0.4947154721052904,0.6630126969092064,82,context_conditional_reference
SIDM00789,Colon,1017,10.0,0.8841033771826062,0.8924480055874954,108,context_conditional_reference
SIDM00789,Colon,1022,1.0,0.5251120302561655,0.5568187383443078,109,context_conditional_reference
SIDM00789,Colon,1025,10.0,0.8548264176044249,0.9425072653008241,84,context_conditional_reference
SIDM00789,Colon,1032,10.0,0.28237767101574185,0.363599587374349,82,context_conditional_reference
SIDM00789,Colon,1179,10.0,0.21121283171597327,0.3509935338033968,85,context_conditional_reference
SIDM00789,Colon,1194,10.0,0.6150379444977934,0.4833787103150631,41,context_conditional_reference
SIDM00789,Colon,1372,1.0,0.4133468735005845,0.6311904588563256,110,context_conditional_reference
SIDM00789,Colon,1373,10.0,0.8449526457093124,0.8715095696513265,83,context_conditional_reference
SIDM00789,Colon,1549,5.0,0.9030289740179558,0.7719742547912235,85,context_conditional_reference
SIDM00789,Colon,1598,10.0,0.8858109365269519,0.8276869045215338,65,context_conditional_reference
SIDM00789,Colon,1786,10.0,0.7504354191512285,0.6783175171130421,41,context_conditional_reference
SIDM00841,Colon,1011,10.0,0.11863488759845392,0.26164882909888315,111,context_conditional_reference
SIDM00841,Colon,1032|1372,10.0,,,0,no_exact_drug_dose_history
SIDM00841,Colon,1047,10.0,0.9367032509423322,0.8532854478593717,87,context_conditional_reference
SIDM00841,Colon,1053,10.0,0.6238034054635644,0.6174333152525722,109,context_conditional_reference
SIDM00841,Colon,1054,4.0,0.7531464204008065,0.8581636195653839,86,context_conditional_reference
SIDM00841,Colon,1059,1.0,0.5362971655892765,0.5842578777951495,84,context_conditional_reference
SIDM00841,Colon,1073,20.0,0.6142902065595587,0.7633816146068882,110,context_conditional_reference
SIDM00841,Colon,1083,10.0,0.28031757480632974,0.477670743896174,85,context_conditional_reference
SIDM00841,Colon,1089,10.0,0.5757643643360894,0.6892460100166649,65,context_conditional_reference
SIDM00841,Colon,1510,10.0,0.5871623339608966,0.7704526323205055,109,context_conditional_reference
SIDM00841,Colon,1561,10.0,0.5354640212530488,0.5126073131754706,110,context_conditional_reference
SIDM00841,Colon,1564,5.0,0.37191080094663337,0.6509700525961589,83,context_conditional_reference
SIDM00841,Colon,2048,0.1,0.41208613343351397,0.46179959031557055,41,context_conditional_reference
SIDM00841,Colon,2171,10.0,0.42865754613412443,0.4692442933224696,41,context_conditional_reference
SIDM00841,Colon,1003,0.1,0.4373402293026411,0.6630126969092064,82,context_conditional_reference
SIDM00841,Colon,1017,10.0,0.8813614120376736,0.8924480055874954,108,context_conditional_reference
SIDM00841,Colon,1022,1.0,0.5031033008515038,0.5568187383443078,109,context_conditional_reference
SIDM00841,Colon,1025,10.0,0.8589015993726336,0.9425072653008241,84,context_conditional_reference
SIDM00841,Colon,1032,10.0,0.3407732607625345,0.363599587374349,82,context_conditional_reference
SIDM00841,Colon,1179,10.0,0.20630607902183018,0.3509935338033968,85,context_conditional_reference
SIDM00841,Colon,1194,10.0,0.5185680723177265,0.4833787103150631,41,context_conditional_reference
SIDM00841,Colon,1373,10.0,0.7451643651218329,0.8715095696513265,83,context_conditional_reference
SIDM00841,Colon,1549,5.0,0.8618330338448924,0.7719742547912235,85,context_conditional_reference
SIDM00841,Colon,1598,10.0,0.862283512021974,0.8276869045215338,65,context_conditional_reference
SIDM00841,Colon,1786,10.0,0.6321524310032122,0.6783175171130421,41,context_conditional_reference
SIDM01096,Colon,1011,10.0,0.303442117095112,0.26164882909888315,111,context_conditional_reference
SIDM01096,Colon,1032|1372,10.0,,,0,no_exact_drug_dose_history
SIDM01096,Colon,1047,10.0,0.6555814860733522,0.8532854478593717,87,context_conditional_reference
SIDM01096,Colon,1053,10.0,0.5724419860688155,0.6174333152525722,109,context_conditional_reference
SIDM01096,Colon,1054,4.0,0.768103292364611,0.8581636195653839,86,context_conditional_reference
SIDM01096,Colon,1059,1.0,0.5118472126955357,0.5842578777951495,84,context_conditional_reference
SIDM01096,Colon,1073,20.0,0.6586763238539799,0.7633816146068882,110,context_conditional_reference
SIDM01096,Colon,1083,10.0,0.4303778190237221,0.477670743896174,85,context_conditional_reference
SIDM01096,Colon,1089,10.0,0.6542895539350032,0.6892460100166649,65,context_conditional_reference
SIDM01096,Colon,1510,10.0,0.6490956927677161,0.7704526323205055,109,context_conditional_reference
SIDM01096,Colon,1561,10.0,0.5015423240254226,0.5126073131754706,110,context_conditional_reference
SIDM01096,Colon,1564,5.0,0.39228018782738894,0.6509700525961589,83,context_conditional_reference
SIDM01096,Colon,2048,0.1,0.44347865000707165,0.46179959031557055,41,context_conditional_reference
SIDM01096,Colon,2171,10.0,0.40899342596646,0.4692442933224696,41,context_conditional_reference
SIDM01096,Colon,1003,0.1,0.41119832928762734,0.6630126969092064,82,context_conditional_reference
SIDM01096,Colon,1017,10.0,0.8747023422903453,0.8924480055874954,108,context_conditional_reference
SIDM01096,Colon,1022,1.0,0.513306792860154,0.5568187383443078,109,context_conditional_reference
SIDM01096,Colon,1025,10.0,0.872561491663109,0.9425072653008241,84,context_conditional_reference
SIDM01096,Colon,1032,10.0,0.30775437158813745,0.363599587374349,82,context_conditional_reference
SIDM01096,Colon,1179,10.0,0.35662188842255,0.3509935338033968,85,context_conditional_reference
SIDM01096,Colon,1194,10.0,0.5089776172469509,0.4833787103150631,41,context_conditional_reference
SIDM01096,Colon,1372,1.0,0.4391114683308226,0.6311904588563256,110,context_conditional_reference
SIDM01096,Colon,1373,10.0,0.6826876110971445,0.8715095696513265,83,context_conditional_reference
SIDM01096,Colon,1549,5.0,0.7219649420841443,0.7719742547912235,85,context_conditional_reference
SIDM01096,Colon,1598,10.0,0.8064728826495198,0.8276869045215338,65,context_conditional_reference
SIDM01096,Colon,1786,10.0,0.7443018498901994,0.6783175171130421,41,context_conditional_reference
SIDM00053,Pancreas,1005,8.0,0.8832135905066888,0.7980179081377415,24,context_conditional_reference
SIDM00053,Pancreas,1011,10.0,0.3620864227803377,0.26164882909888315,111,context_conditional_reference
SIDM00053,Pancreas,1057,0.1,0.783634945278118,0.6804358893062453,23,context_conditional_reference
SIDM00053,Pancreas,1073,20.0,0.959343526064973,0.7633816146068882,110,context_conditional_reference
SIDM00053,Pancreas,1079,2.0,0.5943903202463204,0.7142079599875902,23,context_conditional_reference
SIDM00053,Pancreas,1080,0.1,0.6586505734518456,0.5627710323109945,65,context_conditional_reference
SIDM00053,Pancreas,1168,10.0,0.7809333767074625,0.7586427653668576,24,context_conditional_reference
SIDM00053,Pancreas,1179,4.0,0.5285084105828969,0.4953288467049444,24,context_conditional_reference
SIDM00053,Pancreas,1507,10.0,0.9985730132164231,0.967903983580343,24,context_conditional_reference
SIDM00053,Pancreas,1510,10.0,0.8770745064043375,0.7704526323205055,109,context_conditional_reference
SIDM00053,Pancreas,1558,10.0,0.7371406235615624,0.49563849555818534,68,context_conditional_reference
SIDM00053,Pancreas,1561,10.0,0.6813319604036154,0.5126073131754706,110,context_conditional_reference
SIDM00053,Pancreas,1564,10.0,0.6347279990513336,0.5712038492159422,24,context_conditional_reference
SIDM00053,Pancreas,1594,4.0,0.8296459792837035,0.5826149141024145,69,context_conditional_reference
SIDM00053,Pancreas,1017,10.0,0.8973160319276563,0.8924480055874954,108,context_conditional_reference
SIDM00053,Pancreas,1022,1.0,0.7298171768672952,0.5568187383443078,109,context_conditional_reference
SIDM00053,Pancreas,1053,10.0,0.8736702841373517,0.6174333152525722,109,context_conditional_reference
SIDM00053,Pancreas,1054,8.0,0.9272766868117216,0.8360712951904309,23,context_conditional_reference
SIDM00053,Pancreas,1083,8.0,0.5420965634004555,0.5572315442990263,24,context_conditional_reference
SIDM00053,Pancreas,1085,10.0,0.7051564599631301,0.4745090206214071,66,context_conditional_reference
SIDM00053,Pancreas,1088,5.0,0.6755867694793616,0.7451227437553456,24,context_conditional_reference
SIDM00053,Pancreas,1089,10.0,0.8383113443273287,0.6892460100166649,65,context_conditional_reference
SIDM00053,Pancreas,1190,0.2,0.686494416545517,0.6626843085532589,24,context_conditional_reference
SIDM00053,Pancreas,1372,1.0,0.5842616007006393,0.6311904588563256,110,context_conditional_reference
SIDM00053,Pancreas,1598,10.0,0.7974762011252237,0.8276869045215338,65,context_conditional_reference
SIDM00053,Pancreas,2265,10.0,0.9987582172264088,0.982092343072407,24,context_conditional_reference
SIDM00301,Pancreas,1005,8.0,0.8809599096536971,0.7980179081377415,24,context_conditional_reference
SIDM00301,Pancreas,1011,10.0,0.23937653046465895,0.26164882909888315,111,context_conditional_reference
SIDM00301,Pancreas,1057,0.1,0.6411831277784056,0.6804358893062453,23,context_conditional_reference
SIDM00301,Pancreas,1073,20.0,0.7235055500669764,0.7633816146068882,110,context_conditional_reference
SIDM00301,Pancreas,1079,2.0,0.8255796365602319,0.7142079599875902,23,context_conditional_reference
SIDM00301,Pancreas,1080,0.1,0.6309066766539614,0.5627710323109945,65,context_conditional_reference
SIDM00301,Pancreas,1168,10.0,0.8233430206821952,0.7586427653668576,24,context_conditional_reference
SIDM00301,Pancreas,1179,4.0,0.4626408733873667,0.4953288467049444,24,context_conditional_reference
SIDM00301,Pancreas,1507,10.0,0.9420031168583788,0.967903983580343,24,context_conditional_reference
SIDM00301,Pancreas,1510,10.0,0.7259935578865646,0.7704526323205055,109,context_conditional_reference
SIDM00301,Pancreas,1558,10.0,0.6388386429060403,0.49563849555818534,68,context_conditional_reference
SIDM00301,Pancreas,1561,10.0,0.6281618515797106,0.5126073131754706,110,context_conditional_reference
SIDM00301,Pancreas,1564,10.0,0.40128791969631733,0.5712038492159422,24,context_conditional_reference
SIDM00301,Pancreas,1594,4.0,0.613610427749065,0.5826149141024145,69,context_conditional_reference
SIDM00301,Pancreas,1017,10.0,0.8803699294664553,0.8924480055874954,108,context_conditional_reference
SIDM00301,Pancreas,1022,1.0,0.49084062643481424,0.5568187383443078,109,context_conditional_reference
SIDM00301,Pancreas,1053,10.0,0.821476317390712,0.6174333152525722,109,context_conditional_reference
SIDM00301,Pancreas,1054,8.0,0.7583346079424608,0.8360712951904309,23,context_conditional_reference
SIDM00301,Pancreas,1083,8.0,0.5388657767878996,0.5572315442990263,24,context_conditional_reference
SIDM00301,Pancreas,1085,10.0,0.4487277732949717,0.4745090206214071,66,context_conditional_reference
SIDM00301,Pancreas,1088,5.0,0.7646935995447728,0.7451227437553456,24,context_conditional_reference
SIDM00301,Pancreas,1089,10.0,0.7536989632273283,0.6892460100166649,65,context_conditional_reference
SIDM00301,Pancreas,1190,0.2,0.6908532489768469,0.6626843085532589,24,context_conditional_reference
SIDM00301,Pancreas,1372,1.0,0.47825408282025605,0.6311904588563256,110,context_conditional_reference
SIDM00301,Pancreas,1598,10.0,0.8651682780584502,0.8276869045215338,65,context_conditional_reference
SIDM00301,Pancreas,2265,10.0,0.9504595924446926,0.982092343072407,24,context_conditional_reference
SIDM00371,Pancreas,1005,8.0,0.9149260153401951,0.7980179081377415,24,context_conditional_reference
SIDM00371,Pancreas,1011,10.0,0.24509145702374316,0.26164882909888315,111,context_conditional_reference
SIDM00371,Pancreas,1057,0.1,0.7774638426864291,0.6804358893062453,23,context_conditional_reference
SIDM00371,Pancreas,1073,20.0,0.8171701837981561,0.7633816146068882,110,context_conditional_reference
SIDM00371,Pancreas,1079,2.0,0.7873497343845007,0.7142079599875902,23,context_conditional_reference
SIDM00371,Pancreas,1080,0.1,0.6946226943933249,0.5627710323109945,65,context_conditional_reference
SIDM00371,Pancreas,1168,10.0,0.8076200786647285,0.7586427653668576,24,context_conditional_reference
SIDM00371,Pancreas,1179,4.0,0.5766699769822292,0.4953288467049444,24,context_conditional_reference
SIDM00371,Pancreas,1507,10.0,0.9702538846343268,0.967903983580343,24,context_conditional_reference
SIDM00371,Pancreas,1510,10.0,0.8228406479306776,0.7704526323205055,109,context_conditional_reference
SIDM00371,Pancreas,1558,10.0,0.7376968249716004,0.49563849555818534,68,context_conditional_reference
SIDM00371,Pancreas,1561,10.0,0.6176402215585456,0.5126073131754706,110,context_conditional_reference
SIDM00371,Pancreas,1564,10.0,0.6580597567929205,0.5712038492159422,24,context_conditional_reference
SIDM00371,Pancreas,1594,4.0,0.672671089639043,0.5826149141024145,69,context_conditional_reference
SIDM00371,Pancreas,1017,10.0,0.8952691724768491,0.8924480055874954,108,context_conditional_reference
SIDM00371,Pancreas,1022,1.0,0.6751765054430907,0.5568187383443078,109,context_conditional_reference
SIDM00371,Pancreas,1053,10.0,0.832691019044864,0.6174333152525722,109,context_conditional_reference
SIDM00371,Pancreas,1054,8.0,0.8277369320360147,0.8360712951904309,23,context_conditional_reference
SIDM00371,Pancreas,1083,8.0,0.5790609924379237,0.5572315442990263,24,context_conditional_reference
SIDM00371,Pancreas,1085,10.0,0.6382023071801701,0.4745090206214071,66,context_conditional_reference
SIDM00371,Pancreas,1088,5.0,0.7464663096786003,0.7451227437553456,24,context_conditional_reference
SIDM00371,Pancreas,1089,10.0,0.8595531464086381,0.6892460100166649,65,context_conditional_reference
SIDM00371,Pancreas,1190,0.2,0.7484028538456635,0.6626843085532589,24,context_conditional_reference
SIDM00371,Pancreas,1372,1.0,0.5822441947429187,0.6311904588563256,110,context_conditional_reference
SIDM00371,Pancreas,1598,10.0,0.8665109329887277,0.8276869045215338,65,context_conditional_reference
SIDM00371,Pancreas,2265,10.0,0.952627979831144,0.982092343072407,24,context_conditional_reference
SIDM00453,Pancreas,1005,8.0,0.6791741153443291,0.7980179081377415,24,context_conditional_reference
SIDM00453,Pancreas,1011,10.0,0.2884882800141189,0.26164882909888315,111,context_conditional_reference
SIDM00453,Pancreas,1057,0.1,0.5525353220256354,0.6804358893062453,23,context_conditional_reference
SIDM00453,Pancreas,1073,20.0,0.766483996133722,0.7633816146068882,110,context_conditional_reference
SIDM00453,Pancreas,1079,2.0,0.8583213222597745,0.7142079599875902,23,context_conditional_reference
SIDM00453,Pancreas,1080,0.1,0.5220697392032345,0.5627710323109945,65,context_conditional_reference
SIDM00453,Pancreas,1168,10.0,0.7959086941118815,0.7586427653668576,24,context_conditional_reference
SIDM00453,Pancreas,1179,4.0,0.36967191914149833,0.4953288467049444,24,context_conditional_reference
SIDM00453,Pancreas,1507,10.0,0.9228962382824287,0.967903983580343,24,context_conditional_reference
SIDM00453,Pancreas,1510,10.0,0.7418403036919404,0.7704526323205055,109,context_conditional_reference
SIDM00453,Pancreas,1558,10.0,0.7774570808011465,0.49563849555818534,68,context_conditional_reference
SIDM00453,Pancreas,1561,10.0,0.5824334131350524,0.5126073131754706,110,context_conditional_reference
SIDM00453,Pancreas,1564,10.0,0.30086380720925326,0.5712038492159422,24,context_conditional_reference
SIDM00453,Pancreas,1594,4.0,0.543912169661695,0.5826149141024145,69,context_conditional_reference
SIDM00453,Pancreas,1017,10.0,0.9079754311324312,0.8924480055874954,108,context_conditional_reference
SIDM00453,Pancreas,1022,1.0,0.5230884620030533,0.5568187383443078,109,context_conditional_reference
SIDM00453,Pancreas,1053,10.0,0.7674291275406986,0.6174333152525722,109,context_conditional_reference
SIDM00453,Pancreas,1054,8.0,0.766670185186358,0.8360712951904309,23,context_conditional_reference
SIDM00453,Pancreas,1083,8.0,0.4661637000355497,0.5572315442990263,24,context_conditional_reference
SIDM00453,Pancreas,1085,10.0,0.40460784587415394,0.4745090206214071,66,context_conditional_reference
SIDM00453,Pancreas,1088,5.0,0.683554591566751,0.7451227437553456,24,context_conditional_reference
SIDM00453,Pancreas,1089,10.0,0.7332521840280318,0.6892460100166649,65,context_conditional_reference
SIDM00453,Pancreas,1190,0.2,0.5725524261265555,0.6626843085532589,24,context_conditional_reference
SIDM00453,Pancreas,1372,1.0,0.5970889079176604,0.6311904588563256,110,context_conditional_reference
SIDM00453,Pancreas,1598,10.0,0.8054351074733794,0.8276869045215338,65,context_conditional_reference
SIDM00453,Pancreas,2265,10.0,1.0190012513022157,0.982092343072407,24,context_conditional_reference
SIDM00583,Pancreas,1005,8.0,0.8179002102031694,0.7980179081377415,24,context_conditional_reference
SIDM00583,Pancreas,1011,10.0,0.3158693734849953,0.26164882909888315,111,context_conditional_reference
SIDM00583,Pancreas,1057,0.1,0.662175512522095,0.6804358893062453,23,context_conditional_reference
SIDM00583,Pancreas,1073,20.0,0.7728177079266279,0.7633816146068882,110,context_conditional_reference
SIDM00583,Pancreas,1079,2.0,0.4906953999056911,0.7142079599875902,23,context_conditional_reference
SIDM00583,Pancreas,1080,0.1,0.5477931082617141,0.5627710323109945,65,context_conditional_reference
SIDM00583,Pancreas,1168,10.0,0.8502228534286913,0.7586427653668576,24,context_conditional_reference
SIDM00583,Pancreas,1179,4.0,0.27510290626883444,0.4953288467049444,24,context_conditional_reference
SIDM00583,Pancreas,1507,10.0,0.8933120244563187,0.967903983580343,24,context_conditional_reference
SIDM00583,Pancreas,1510,10.0,0.7947977560764459,0.7704526323205055,109,context_conditional_reference
SIDM00583,Pancreas,1558,10.0,0.6184988758758541,0.49563849555818534,68,context_conditional_reference
SIDM00583,Pancreas,1561,10.0,0.585522919987833,0.5126073131754706,110,context_conditional_reference
SIDM00583,Pancreas,1564,10.0,0.330457267658905,0.5712038492159422,24,context_conditional_reference
SIDM00583,Pancreas,1594,4.0,0.6038954034766818,0.5826149141024145,69,context_conditional_reference
SIDM00583,Pancreas,1017,10.0,0.8714497391170037,0.8924480055874954,108,context_conditional_reference
SIDM00583,Pancreas,1022,1.0,0.5018805414349018,0.5568187383443078,109,context_conditional_reference
SIDM00583,Pancreas,1053,10.0,0.7747788831217014,0.6174333152525722,109,context_conditional_reference
SIDM00583,Pancreas,1054,8.0,0.7751337545430408,0.8360712951904309,23,context_conditional_reference
SIDM00583,Pancreas,1083,8.0,0.3960123482733238,0.5572315442990263,24,context_conditional_reference
SIDM00583,Pancreas,1085,10.0,0.4861916044418968,0.4745090206214071,66,context_conditional_reference
SIDM00583,Pancreas,1088,5.0,0.6226363969498979,0.7451227437553456,24,context_conditional_reference
SIDM00583,Pancreas,1089,10.0,0.7868967428070707,0.6892460100166649,65,context_conditional_reference
SIDM00583,Pancreas,1190,0.2,0.513842772325659,0.6626843085532589,24,context_conditional_reference
SIDM00583,Pancreas,1372,1.0,0.5333760206148753,0.6311904588563256,110,context_conditional_reference
SIDM00583,Pancreas,1598,10.0,0.8065420449608854,0.8276869045215338,65,context_conditional_reference
SIDM00583,Pancreas,2265,10.0,0.9369692111961097,0.982092343072407,24,context_conditional_reference
