context,arm,A,credits,utility,flags,posthoc
PANC-1,M0_KG8,0,5,0.08106839195347558,"[143, 123, 5, 106, 6]",True
PANC-1,M0_KG8,1,6,0.08106839195347558,"[143, 123, 5, 106, 6]",True
PANC-1,M0_KG8,2,7,0.08106839195347558,"[143, 123, 5, 106, 6]",True
PANC-1,M0_KG8,3,8,0.11362416418836425,"[143, 123, 106, 72, 5]",True
PANC-1,M0_KG8,4,9,0.11362416418836425,"[143, 123, 72, 106, 5]",True
PANC-1,M0_KG8,5,10,0.11362416418836425,"[143, 123, 72, 106, 5]",True
PANC-1,M0_KG8,6,11,0.11362416418836425,"[143, 123, 72, 106, 5]",True
PANC-1,M0_KG8,7,12,0.11362416418836425,"[143, 123, 72, 106, 5]",True
PANC-1,M0_KG8,8,13,0.11362416418836425,"[143, 123, 72, 106, 5]",True
PANC-1,M2_KG8,0,5,0.1081479657665253,"[143, 123, 72, 5, 6]",True
PANC-1,M2_KG8,1,6,0.11362416418836425,"[143, 123, 72, 5, 106]",True
PANC-1,M2_KG8,2,7,0.11362416418836425,"[143, 123, 72, 5, 106]",True
PANC-1,M2_KG8,3,8,0.11362416418836425,"[143, 72, 123, 5, 106]",True
PANC-1,M2_KG8,4,9,0.11362416418836425,"[143, 72, 123, 5, 106]",True
PANC-1,M2_KG8,5,10,0.11362416418836425,"[143, 72, 123, 5, 106]",True
PANC-1,M2_KG8,6,11,0.11362416418836425,"[143, 72, 123, 106, 5]",True
PANC-1,M2_KG8,7,12,0.11362416418836425,"[143, 72, 123, 106, 5]",True
PANC-1,M2_KG8,8,13,0.11362416418836425,"[143, 72, 123, 106, 5]",True
PANC-1,M2_KG4096,0,5,0.1081479657665253,"[143, 123, 72, 5, 6]",True
PANC-1,M2_KG4096,1,6,0.11362416418836425,"[143, 123, 72, 5, 106]",True
PANC-1,M2_KG4096,2,7,0.11362416418836425,"[143, 123, 72, 5, 106]",True
PANC-1,M2_KG4096,3,8,0.11362416418836425,"[143, 72, 123, 5, 106]",True
PANC-1,M2_KG4096,4,9,0.11362416418836425,"[143, 123, 72, 5, 106]",True
PANC-1,M2_KG4096,5,10,0.11362416418836425,"[143, 123, 72, 5, 106]",True
PANC-1,M2_KG4096,6,11,0.11362416418836425,"[143, 72, 123, 5, 106]",True
PANC-1,M2_KG4096,7,12,0.11362416418836425,"[143, 72, 123, 106, 5]",True
PANC-1,M2_KG4096,8,13,0.11362416418836425,"[143, 72, 123, 106, 5]",True
PANC-1,M0_fixed8,0,5,0.08106839195347558,"[143, 123, 5, 106, 6]",True
PANC-1,M0_fixed8,1,6,0.08106839195347558,"[143, 123, 5, 106, 6]",True
PANC-1,M0_fixed8,2,7,0.08106839195347558,"[143, 123, 5, 106, 6]",True
PANC-1,M0_fixed8,3,8,0.08106839195347558,"[143, 123, 106, 6, 5]",True
PANC-1,M0_fixed8,4,9,0.08106839195347558,"[143, 123, 106, 6, 5]",True
PANC-1,M0_fixed8,5,10,0.08346904592009452,"[143, 123, 106, 5, 102]",True
PANC-1,M0_fixed8,6,11,0.08127243600290221,"[143, 123, 106, 5, 119]",True
PANC-1,M0_fixed8,7,12,0.07821272297923525,"[143, 123, 106, 5, 114]",True
PANC-1,M0_fixed8,8,13,0.07821272297923525,"[143, 123, 106, 5, 114]",True
PANC-1,M2_fixed8,0,5,0.1081479657665253,"[143, 123, 72, 5, 6]",True
PANC-1,M2_fixed8,1,6,0.1081479657665253,"[143, 123, 72, 5, 6]",True
PANC-1,M2_fixed8,2,7,0.1081479657665253,"[143, 123, 72, 5, 6]",True
PANC-1,M2_fixed8,3,8,0.1081479657665253,"[143, 123, 72, 5, 6]",True
PANC-1,M2_fixed8,4,9,0.10745307096901037,"[143, 123, 72, 106, 6]",True
PANC-1,M2_fixed8,5,10,0.11362416418836425,"[143, 72, 123, 106, 5]",True
PANC-1,M2_fixed8,6,11,0.11362416418836425,"[143, 72, 123, 106, 5]",True
PANC-1,M2_fixed8,7,12,0.11362416418836425,"[143, 72, 123, 106, 5]",True
PANC-1,M2_fixed8,8,13,0.11362416418836425,"[143, 72, 123, 106, 5]",True
PANC-1,M2_fixed5,0,5,0.1081479657665253,"[143, 123, 72, 5, 6]",True
PANC-1,M2_fixed5,1,6,0.1081479657665253,"[143, 123, 72, 5, 6]",True
PANC-1,M2_fixed5,2,7,0.1081479657665253,"[143, 123, 72, 5, 6]",True
PANC-1,M2_fixed5,3,8,0.1081479657665253,"[143, 123, 72, 5, 6]",True
PANC-1,M2_fixed5,4,9,0.10745307096901037,"[143, 123, 72, 106, 6]",True
PANC-1,M2_fixed5,5,10,0.11362416418836425,"[143, 72, 123, 106, 5]",True
PANC-1,M0_boundary_common,0,5,0.08106839195347558,"[143, 123, 5, 106, 6]",True
PANC-1,M0_boundary_common,1,6,0.08106839195347558,"[143, 123, 5, 106, 6]",True
PANC-1,M0_boundary_common,2,7,0.11362416418836427,"[143, 123, 106, 5, 72]",True
PANC-1,M0_boundary_common,3,8,0.11362416418836425,"[143, 123, 106, 72, 5]",True
PANC-1,M0_boundary_common,4,9,0.11362416418836425,"[143, 123, 72, 106, 5]",True
PANC-1,M0_boundary_common,5,10,0.11362416418836425,"[143, 123, 72, 106, 5]",True
PANC-1,M0_boundary_common,6,11,0.11362416418836425,"[143, 123, 72, 106, 5]",True
PANC-1,M0_boundary_common,7,12,0.11362416418836425,"[143, 123, 72, 106, 5]",True
PANC-1,M0_boundary_common,8,13,0.11362416418836425,"[143, 123, 72, 106, 5]",True
PANC-1,M2_boundary_common,0,5,0.1081479657665253,"[143, 123, 72, 5, 6]",True
PANC-1,M2_boundary_common,1,6,0.11362416418836425,"[143, 123, 72, 5, 106]",True
PANC-1,M2_boundary_common,2,7,0.11362416418836425,"[143, 123, 72, 5, 106]",True
PANC-1,M2_boundary_common,3,8,0.11362416418836425,"[143, 72, 123, 5, 106]",True
PANC-1,M2_boundary_common,4,9,0.11362416418836425,"[143, 72, 123, 5, 106]",True
PANC-1,M2_boundary_common,5,10,0.11362416418836425,"[143, 72, 123, 5, 106]",True
PANC-1,M2_boundary_common,6,11,0.11362416418836425,"[143, 72, 123, 5, 106]",True
PANC-1,M2_boundary_common,7,12,0.11362416418836425,"[143, 72, 123, 106, 5]",True
PANC-1,M2_boundary_common,8,13,0.11362416418836425,"[143, 72, 123, 106, 5]",True
PANC-1,M2_boundary_common_no_stop,0,5,0.1081479657665253,"[143, 123, 72, 5, 6]",True
PANC-1,M2_boundary_common_no_stop,1,6,0.11362416418836425,"[143, 123, 72, 5, 106]",True
PANC-1,M2_boundary_common_no_stop,2,7,0.11362416418836425,"[143, 123, 72, 5, 106]",True
PANC-1,M2_boundary_common_no_stop,3,8,0.11362416418836425,"[143, 72, 123, 5, 106]",True
PANC-1,M2_boundary_common_no_stop,4,9,0.11362416418836425,"[143, 72, 123, 5, 106]",True
PANC-1,M2_boundary_common_no_stop,5,10,0.11362416418836425,"[143, 72, 123, 5, 106]",True
PANC-1,M2_boundary_common_no_stop,6,11,0.11362416418836425,"[143, 72, 123, 5, 106]",True
PANC-1,M2_boundary_common_no_stop,7,12,0.11362416418836425,"[143, 72, 123, 106, 5]",True
PANC-1,M2_boundary_common_no_stop,8,13,0.11362416418836425,"[143, 72, 123, 106, 5]",True
PANC-1,M2_boundary_residual,0,5,0.1081479657665253,"[143, 123, 72, 5, 6]",True
PANC-1,M2_boundary_residual,1,6,0.11362416418836425,"[143, 123, 72, 5, 106]",True
PANC-1,M2_boundary_residual,2,7,0.11362416418836425,"[143, 123, 72, 5, 106]",True
PANC-1,M2_boundary_residual,3,8,0.1081479657665253,"[143, 123, 72, 5, 6]",True
PANC-1,M2_boundary_residual,4,9,0.1081479657665253,"[143, 123, 72, 5, 6]",True
PANC-1,M2_boundary_residual,5,10,0.1081479657665253,"[143, 123, 72, 5, 6]",True
PANC-1,M2_boundary_residual,6,11,0.11362416418836425,"[143, 72, 123, 5, 106]",True
PANC-1,M2_boundary_residual,7,12,0.11362416418836425,"[143, 72, 123, 5, 106]",True
PANC-1,M2_boundary_residual,8,13,0.11362416418836425,"[143, 72, 123, 5, 106]",True
PANC-1,M2_boundary_design,0,5,0.1081479657665253,"[143, 123, 72, 5, 6]",True
PANC-1,M2_boundary_design,1,6,0.11362416418836425,"[143, 123, 72, 5, 106]",True
PANC-1,M2_boundary_design,2,7,0.11362416418836425,"[143, 123, 72, 5, 106]",True
PANC-1,M2_boundary_design,3,8,0.11362416418836425,"[143, 72, 123, 5, 106]",True
PANC-1,M2_boundary_design,4,9,0.11362416418836425,"[143, 72, 123, 5, 106]",True
PANC-1,M2_boundary_design,5,10,0.11362416418836425,"[143, 72, 123, 5, 106]",True
PANC-1,M2_boundary_design,6,11,0.11362416418836425,"[143, 123, 72, 5, 106]",True
PANC-1,M2_boundary_design,7,12,0.11362416418836425,"[143, 72, 123, 5, 106]",True
PANC-1,M2_boundary_design,8,13,0.11362416418836425,"[143, 72, 123, 106, 5]",True
PANC-1,M2_permuted_boundary,0,5,0.08106839195347558,"[143, 123, 106, 6, 5]",True
PANC-1,M2_permuted_boundary,1,6,0.11362416418836425,"[143, 123, 72, 106, 5]",True
PANC-1,M2_permuted_boundary,2,7,0.11362416418836425,"[143, 123, 72, 106, 5]",True
PANC-1,M2_permuted_boundary,3,8,0.11362416418836425,"[123, 143, 72, 106, 5]",True
PANC-1,M2_permuted_boundary,4,9,0.11362416418836425,"[123, 143, 72, 106, 5]",True
PANC-1,M2_permuted_boundary,5,10,0.11362416418836425,"[123, 143, 72, 106, 5]",True
PANC-1,M2_permuted_boundary,6,11,0.10745307096901037,"[123, 143, 72, 106, 6]",True
PANC-1,M2_permuted_boundary,7,12,0.10459740199477004,"[123, 143, 72, 106, 114]",True
PANC-1,M2_permuted_boundary,8,13,0.10459740199477004,"[123, 143, 72, 106, 114]",True
HepG2/C3A,M0_KG8,0,5,0.12511794257741898,"[143, 123, 5, 106, 6]",True
HepG2/C3A,M0_KG8,1,6,0.12511794257741898,"[143, 123, 5, 106, 6]",True
HepG2/C3A,M0_KG8,2,7,0.12511794257741898,"[143, 123, 106, 5, 6]",True
HepG2/C3A,M0_KG8,3,8,0.12511794257741898,"[143, 123, 106, 5, 6]",True
HepG2/C3A,M0_KG8,4,9,0.12511794257741898,"[143, 123, 106, 5, 6]",True
HepG2/C3A,M0_KG8,5,10,0.12688023520884317,"[143, 123, 106, 5, 102]",True
HepG2/C3A,M0_KG8,6,11,0.12511794257741898,"[143, 123, 106, 5, 6]",True
HepG2/C3A,M0_KG8,7,12,0.12511794257741898,"[143, 123, 106, 5, 6]",True
HepG2/C3A,M0_KG8,8,13,0.132038877136671,"[143, 123, 106, 5, 114]",True
HepG2/C3A,M2_KG8,0,5,0.11947981180408251,"[143, 123, 49, 106, 114]",True
HepG2/C3A,M2_KG8,1,6,0.11929783928178202,"[143, 123, 106, 23, 5]",True
HepG2/C3A,M2_KG8,2,7,0.11929783928178202,"[143, 123, 106, 5, 23]",True
HepG2/C3A,M2_KG8,3,8,0.11929783928178202,"[143, 123, 106, 5, 23]",True
HepG2/C3A,M2_KG8,4,9,0.11929783928178202,"[143, 123, 106, 23, 5]",True
HepG2/C3A,M2_KG8,5,10,0.11929783928178202,"[143, 123, 106, 5, 23]",True
HepG2/C3A,M2_KG8,6,11,0.132038877136671,"[143, 123, 106, 114, 5]",True
HepG2/C3A,M2_KG8,7,12,0.132038877136671,"[143, 123, 106, 114, 5]",True
HepG2/C3A,M2_KG8,8,13,0.132038877136671,"[143, 123, 106, 114, 5]",True
HepG2/C3A,M2_KG4096,0,5,0.11947981180408251,"[143, 123, 49, 106, 114]",True
HepG2/C3A,M2_KG4096,1,6,0.11929783928178202,"[143, 123, 106, 23, 5]",True
HepG2/C3A,M2_KG4096,2,7,0.11929783928178202,"[143, 123, 106, 23, 5]",True
HepG2/C3A,M2_KG4096,3,8,0.11929783928178202,"[143, 123, 106, 23, 5]",True
HepG2/C3A,M2_KG4096,4,9,0.11929783928178202,"[143, 123, 106, 23, 5]",True
HepG2/C3A,M2_KG4096,5,10,0.11929783928178202,"[143, 123, 106, 23, 5]",True
HepG2/C3A,M2_KG4096,6,11,0.12052925307608137,"[143, 123, 106, 23, 114]",True
HepG2/C3A,M2_KG4096,7,12,0.12052925307608137,"[143, 123, 106, 23, 114]",True
HepG2/C3A,M2_KG4096,8,13,0.132038877136671,"[143, 123, 106, 114, 5]",True
HepG2/C3A,M0_fixed8,0,5,0.12511794257741898,"[143, 123, 5, 106, 6]",True
HepG2/C3A,M0_fixed8,1,6,0.12511794257741898,"[143, 123, 5, 106, 6]",True
HepG2/C3A,M0_fixed8,2,7,0.12511794257741898,"[143, 123, 5, 106, 6]",True
HepG2/C3A,M0_fixed8,3,8,0.12511794257741898,"[143, 123, 5, 106, 6]",True
HepG2/C3A,M0_fixed8,4,9,0.12511794257741898,"[143, 123, 106, 5, 6]",True
HepG2/C3A,M0_fixed8,5,10,0.12688023520884317,"[143, 123, 106, 5, 102]",True
HepG2/C3A,M0_fixed8,6,11,0.12511794257741898,"[143, 123, 106, 5, 6]",True
HepG2/C3A,M0_fixed8,7,12,0.132038877136671,"[143, 123, 106, 5, 114]",True
HepG2/C3A,M0_fixed8,8,13,0.12869367394476935,"[143, 123, 106, 5, 119]",True
HepG2/C3A,M2_fixed8,0,5,0.11947981180408251,"[143, 123, 49, 106, 114]",True
HepG2/C3A,M2_fixed8,1,6,0.11947981180408251,"[143, 123, 49, 106, 114]",True
HepG2/C3A,M2_fixed8,2,7,0.11824839800978316,"[143, 123, 49, 106, 5]",True
HepG2/C3A,M2_fixed8,3,8,0.12511794257741898,"[143, 123, 106, 5, 6]",True
HepG2/C3A,M2_fixed8,4,9,0.12511794257741898,"[143, 123, 106, 5, 6]",True
HepG2/C3A,M2_fixed8,5,10,0.132038877136671,"[143, 123, 106, 114, 5]",True
HepG2/C3A,M2_fixed8,6,11,0.132038877136671,"[143, 123, 106, 114, 5]",True
HepG2/C3A,M2_fixed8,7,12,0.132038877136671,"[143, 123, 106, 114, 5]",True
HepG2/C3A,M2_fixed8,8,13,0.132038877136671,"[143, 123, 106, 114, 5]",True
HepG2/C3A,M2_fixed5,0,5,0.11947981180408251,"[143, 123, 49, 106, 114]",True
HepG2/C3A,M2_fixed5,1,6,0.11947981180408251,"[143, 123, 49, 106, 114]",True
HepG2/C3A,M2_fixed5,2,7,0.11824839800978316,"[143, 123, 49, 106, 5]",True
HepG2/C3A,M2_fixed5,3,8,0.12511794257741898,"[143, 123, 106, 5, 6]",True
HepG2/C3A,M2_fixed5,4,9,0.12511794257741898,"[143, 123, 106, 5, 6]",True
HepG2/C3A,M2_fixed5,5,10,0.132038877136671,"[143, 123, 106, 114, 5]",True
HepG2/C3A,M0_boundary_common,0,5,0.12511794257741898,"[143, 123, 5, 106, 6]",True
HepG2/C3A,M0_boundary_common,1,6,0.12511794257741898,"[143, 123, 5, 106, 6]",True
HepG2/C3A,M0_boundary_common,2,7,0.12511794257741898,"[143, 123, 106, 5, 6]",True
HepG2/C3A,M0_boundary_common,3,8,0.12511794257741898,"[143, 123, 106, 5, 6]",True
HepG2/C3A,M0_boundary_common,4,9,0.12511794257741898,"[143, 123, 106, 5, 6]",True
HepG2/C3A,M0_boundary_common,5,10,0.12511794257741898,"[143, 123, 106, 5, 6]",True
HepG2/C3A,M0_boundary_common,6,11,0.12511794257741898,"[143, 123, 106, 5, 6]",True
HepG2/C3A,M0_boundary_common,7,12,0.12511794257741898,"[143, 123, 106, 5, 6]",True
HepG2/C3A,M0_boundary_common,8,13,0.12688023520884317,"[143, 123, 106, 5, 102]",True
HepG2/C3A,M2_boundary_common,0,5,0.11947981180408251,"[143, 123, 49, 106, 114]",True
HepG2/C3A,M2_boundary_common,1,6,0.11929783928178202,"[143, 123, 106, 23, 5]",True
HepG2/C3A,M2_boundary_common,2,7,0.11929783928178202,"[143, 123, 106, 23, 5]",True
HepG2/C3A,M2_boundary_common,3,8,0.11929783928178202,"[143, 123, 106, 23, 5]",True
HepG2/C3A,M2_boundary_common,4,9,0.11929783928178202,"[143, 123, 106, 23, 5]",True
HepG2/C3A,M2_boundary_common,5,10,0.11929783928178202,"[143, 123, 106, 23, 5]",True
HepG2/C3A,M2_boundary_common,6,11,0.132038877136671,"[143, 123, 106, 114, 5]",True
HepG2/C3A,M2_boundary_common,7,12,0.132038877136671,"[143, 123, 106, 114, 5]",True
HepG2/C3A,M2_boundary_common,8,13,0.132038877136671,"[143, 123, 106, 114, 5]",True
HepG2/C3A,M2_boundary_common_no_stop,0,5,0.11947981180408251,"[143, 123, 49, 106, 114]",True
HepG2/C3A,M2_boundary_common_no_stop,1,6,0.11929783928178202,"[143, 123, 106, 23, 5]",True
HepG2/C3A,M2_boundary_common_no_stop,2,7,0.11929783928178202,"[143, 123, 106, 23, 5]",True
HepG2/C3A,M2_boundary_common_no_stop,3,8,0.11929783928178202,"[143, 123, 106, 23, 5]",True
HepG2/C3A,M2_boundary_common_no_stop,4,9,0.11929783928178202,"[143, 123, 106, 23, 5]",True
HepG2/C3A,M2_boundary_common_no_stop,5,10,0.11929783928178202,"[143, 123, 106, 23, 5]",True
HepG2/C3A,M2_boundary_common_no_stop,6,11,0.132038877136671,"[143, 123, 106, 114, 5]",True
HepG2/C3A,M2_boundary_common_no_stop,7,12,0.132038877136671,"[143, 123, 106, 114, 5]",True
HepG2/C3A,M2_boundary_common_no_stop,8,13,0.132038877136671,"[143, 123, 106, 114, 5]",True
HepG2/C3A,M2_boundary_residual,0,5,0.11947981180408251,"[143, 123, 49, 106, 114]",True
HepG2/C3A,M2_boundary_residual,1,6,0.11929783928178202,"[143, 123, 106, 23, 5]",True
HepG2/C3A,M2_boundary_residual,2,7,0.11929783928178202,"[143, 123, 106, 23, 5]",True
HepG2/C3A,M2_boundary_residual,3,8,0.11929783928178202,"[143, 123, 106, 23, 5]",True
HepG2/C3A,M2_boundary_residual,4,9,0.11929783928178202,"[143, 123, 106, 23, 5]",True
HepG2/C3A,M2_boundary_residual,5,10,0.11929783928178202,"[143, 123, 106, 23, 5]",True
HepG2/C3A,M2_boundary_residual,6,11,0.11929783928178202,"[143, 123, 106, 23, 5]",True
HepG2/C3A,M2_boundary_residual,7,12,0.132038877136671,"[143, 123, 106, 114, 5]",True
HepG2/C3A,M2_boundary_residual,8,13,0.132038877136671,"[143, 123, 106, 114, 5]",True
HepG2/C3A,M2_boundary_design,0,5,0.11947981180408251,"[143, 123, 49, 106, 114]",True
HepG2/C3A,M2_boundary_design,1,6,0.11929783928178202,"[143, 123, 106, 23, 5]",True
HepG2/C3A,M2_boundary_design,2,7,0.11929783928178202,"[143, 123, 106, 23, 5]",True
HepG2/C3A,M2_boundary_design,3,8,0.11929783928178202,"[143, 123, 106, 5, 23]",True
HepG2/C3A,M2_boundary_design,4,9,0.11929783928178202,"[143, 123, 106, 23, 5]",True
HepG2/C3A,M2_boundary_design,5,10,0.11929783928178202,"[143, 123, 106, 23, 5]",True
HepG2/C3A,M2_boundary_design,6,11,0.11929783928178202,"[143, 123, 106, 23, 5]",True
HepG2/C3A,M2_boundary_design,7,12,0.132038877136671,"[143, 123, 106, 114, 5]",True
HepG2/C3A,M2_boundary_design,8,13,0.132038877136671,"[143, 123, 106, 114, 5]",True
HepG2/C3A,M2_permuted_boundary,0,5,0.10376406155037095,"[143, 123, 6, 49, 5]",True
HepG2/C3A,M2_permuted_boundary,1,6,0.10376406155037095,"[143, 123, 6, 49, 5]",True
HepG2/C3A,M2_permuted_boundary,2,7,0.12511794257741898,"[143, 123, 6, 106, 5]",True
HepG2/C3A,M2_permuted_boundary,3,8,0.12511794257741898,"[143, 123, 6, 106, 5]",True
HepG2/C3A,M2_permuted_boundary,4,9,0.12511794257741898,"[143, 123, 6, 106, 5]",True
HepG2/C3A,M2_permuted_boundary,5,10,0.12511794257741898,"[143, 123, 6, 106, 5]",True
HepG2/C3A,M2_permuted_boundary,6,11,0.12511794257741898,"[143, 123, 6, 106, 5]",True
HepG2/C3A,M2_permuted_boundary,7,12,0.12511794257741898,"[143, 123, 6, 106, 5]",True
HepG2/C3A,M2_permuted_boundary,8,13,0.12511794257741898,"[143, 123, 6, 106, 5]",True
HOP62,M0_KG8,0,5,0.2324393674886475,"[143, 123, 5, 106, 6]",True
HOP62,M0_KG8,1,6,0.2324393674886475,"[143, 123, 5, 106, 6]",True
HOP62,M0_KG8,2,7,0.2497488719333584,"[143, 123, 102, 5, 106]",True
HOP62,M0_KG8,3,8,0.2497488719333584,"[143, 123, 102, 5, 106]",True
HOP62,M0_KG8,4,9,0.21928981946667847,"[143, 123, 102, 5, 6]",True
HOP62,M0_KG8,5,10,0.21928981946667847,"[143, 123, 102, 6, 5]",True
HOP62,M0_KG8,6,11,0.27907469629710063,"[143, 72, 123, 102, 106]",True
HOP62,M0_KG8,7,12,0.27907469629710063,"[143, 72, 123, 102, 106]",True
HOP62,M0_KG8,8,13,0.27907469629710063,"[143, 72, 123, 102, 106]",True
HOP62,M2_KG8,0,5,0.2497488719333584,"[143, 123, 106, 102, 5]",True
HOP62,M2_KG8,1,6,0.27907469629710063,"[143, 72, 123, 106, 102]",True
HOP62,M2_KG8,2,7,0.27907469629710063,"[143, 72, 123, 102, 106]",True
HOP62,M2_KG8,3,8,0.27907469629710063,"[143, 72, 123, 102, 106]",True
HOP62,M2_KG8,4,9,0.27907469629710063,"[143, 72, 123, 102, 106]",True
HOP62,M2_KG8,5,10,0.27907469629710063,"[143, 72, 123, 102, 106]",True
HOP62,M2_KG8,6,11,0.27907469629710063,"[143, 72, 123, 102, 106]",True
HOP62,M2_KG8,7,12,0.27907469629710063,"[143, 72, 123, 102, 106]",True
HOP62,M2_KG8,8,13,0.27907469629710063,"[143, 72, 123, 102, 106]",True
HOP62,M2_KG4096,0,5,0.2497488719333584,"[143, 123, 106, 102, 5]",True
HOP62,M2_KG4096,1,6,0.27907469629710063,"[143, 72, 123, 106, 102]",True
HOP62,M2_KG4096,2,7,0.27907469629710063,"[143, 72, 123, 106, 102]",True
HOP62,M2_KG4096,3,8,0.27907469629710063,"[143, 72, 123, 102, 106]",True
HOP62,M2_KG4096,4,9,0.27907469629710063,"[143, 72, 123, 102, 106]",True
HOP62,M2_KG4096,5,10,0.27907469629710063,"[143, 72, 123, 102, 106]",True
HOP62,M2_KG4096,6,11,0.27907469629710063,"[143, 72, 123, 102, 106]",True
HOP62,M2_KG4096,7,12,0.27907469629710063,"[143, 72, 123, 102, 106]",True
HOP62,M2_KG4096,8,13,0.27907469629710063,"[143, 72, 123, 102, 106]",True
HOP62,M0_fixed8,0,5,0.2324393674886475,"[143, 123, 5, 106, 6]",True
HOP62,M0_fixed8,1,6,0.2324393674886475,"[143, 123, 5, 106, 6]",True
HOP62,M0_fixed8,2,7,0.2324393674886475,"[143, 123, 5, 106, 6]",True
HOP62,M0_fixed8,3,8,0.2324393674886475,"[143, 123, 5, 106, 6]",True
HOP62,M0_fixed8,4,9,0.2324393674886475,"[143, 123, 5, 106, 6]",True
HOP62,M0_fixed8,5,10,0.2324393674886475,"[143, 123, 6, 5, 106]",True
HOP62,M0_fixed8,6,11,0.21928981946667847,"[143, 123, 102, 6, 5]",True
HOP62,M0_fixed8,7,12,0.21928981946667847,"[143, 123, 102, 6, 5]",True
HOP62,M0_fixed8,8,13,0.21928981946667847,"[143, 123, 102, 5, 6]",True
HOP62,M2_fixed8,0,5,0.2497488719333584,"[143, 123, 106, 102, 5]",True
HOP62,M2_fixed8,1,6,0.2497488719333584,"[143, 123, 106, 102, 5]",True
HOP62,M2_fixed8,2,7,0.2497488719333584,"[143, 123, 106, 102, 5]",True
HOP62,M2_fixed8,3,8,0.2497488719333584,"[143, 123, 106, 102, 5]",True
HOP62,M2_fixed8,4,9,0.2497488719333584,"[143, 123, 102, 106, 5]",True
HOP62,M2_fixed8,5,10,0.2497488719333584,"[143, 123, 102, 106, 5]",True
HOP62,M2_fixed8,6,11,0.24278562180160615,"[143, 123, 102, 106, 6]",True
HOP62,M2_fixed8,7,12,0.24278562180160615,"[143, 123, 102, 106, 6]",True
HOP62,M2_fixed8,8,13,0.24278562180160615,"[143, 123, 102, 106, 6]",True
HOP62,M2_fixed5,0,5,0.2497488719333584,"[143, 123, 106, 102, 5]",True
HOP62,M2_fixed5,1,6,0.2497488719333584,"[143, 123, 106, 102, 5]",True
HOP62,M2_fixed5,2,7,0.2497488719333584,"[143, 123, 106, 102, 5]",True
HOP62,M2_fixed5,3,8,0.2497488719333584,"[143, 123, 106, 102, 5]",True
HOP62,M2_fixed5,4,9,0.2497488719333584,"[143, 123, 102, 106, 5]",True
HOP62,M2_fixed5,5,10,0.2497488719333584,"[143, 123, 102, 106, 5]",True
HOP62,M0_boundary_common,0,5,0.2324393674886475,"[143, 123, 5, 106, 6]",True
HOP62,M0_boundary_common,1,6,0.2324393674886475,"[143, 123, 5, 106, 6]",True
HOP62,M0_boundary_common,2,7,0.268728441984142,"[143, 72, 123, 106, 5]",True
HOP62,M0_boundary_common,3,8,0.27907469629710063,"[143, 72, 123, 102, 106]",True
HOP62,M0_boundary_common,4,9,0.27907469629710063,"[143, 72, 123, 102, 106]",True
HOP62,M0_boundary_common,5,10,0.27907469629710063,"[143, 72, 123, 102, 106]",True
HOP62,M0_boundary_common,6,11,0.27907469629710063,"[143, 72, 123, 102, 106]",True
HOP62,M0_boundary_common,7,12,0.27907469629710063,"[143, 72, 123, 102, 106]",True
HOP62,M0_boundary_common,8,13,0.27907469629710063,"[143, 72, 123, 102, 106]",True
HOP62,M2_boundary_common,0,5,0.2497488719333584,"[143, 123, 106, 102, 5]",True
HOP62,M2_boundary_common,1,6,0.27907469629710063,"[143, 72, 123, 106, 102]",True
HOP62,M2_boundary_common,2,7,0.27907469629710063,"[143, 72, 123, 102, 106]",True
HOP62,M2_boundary_common,3,8,0.27907469629710063,"[143, 72, 123, 102, 106]",True
HOP62,M2_boundary_common,4,9,0.27907469629710063,"[143, 72, 123, 102, 106]",True
HOP62,M2_boundary_common,5,10,0.27907469629710063,"[143, 72, 123, 102, 106]",True
HOP62,M2_boundary_common,6,11,0.27907469629710063,"[143, 72, 123, 102, 106]",True
HOP62,M2_boundary_common,7,12,0.27907469629710063,"[143, 72, 123, 102, 106]",True
HOP62,M2_boundary_common,8,13,0.27907469629710063,"[143, 72, 123, 102, 106]",True
HOP62,M2_boundary_common_no_stop,0,5,0.2497488719333584,"[143, 123, 106, 102, 5]",True
HOP62,M2_boundary_common_no_stop,1,6,0.27907469629710063,"[143, 72, 123, 106, 102]",True
HOP62,M2_boundary_common_no_stop,2,7,0.27907469629710063,"[143, 72, 123, 102, 106]",True
HOP62,M2_boundary_common_no_stop,3,8,0.27907469629710063,"[143, 72, 123, 102, 106]",True
HOP62,M2_boundary_common_no_stop,4,9,0.27907469629710063,"[143, 72, 123, 102, 106]",True
HOP62,M2_boundary_common_no_stop,5,10,0.27907469629710063,"[143, 72, 123, 102, 106]",True
HOP62,M2_boundary_common_no_stop,6,11,0.27907469629710063,"[143, 72, 123, 102, 106]",True
HOP62,M2_boundary_common_no_stop,7,12,0.27907469629710063,"[143, 72, 123, 102, 106]",True
HOP62,M2_boundary_common_no_stop,8,13,0.27907469629710063,"[143, 72, 123, 102, 106]",True
HOP62,M2_boundary_residual,0,5,0.2497488719333584,"[143, 123, 106, 102, 5]",True
HOP62,M2_boundary_residual,1,6,0.27907469629710063,"[143, 72, 123, 106, 102]",True
HOP62,M2_boundary_residual,2,7,0.27907469629710063,"[143, 72, 123, 106, 102]",True
HOP62,M2_boundary_residual,3,8,0.27907469629710063,"[143, 72, 123, 102, 106]",True
HOP62,M2_boundary_residual,4,9,0.27907469629710063,"[143, 72, 123, 102, 106]",True
HOP62,M2_boundary_residual,5,10,0.27907469629710063,"[143, 72, 123, 102, 106]",True
HOP62,M2_boundary_residual,6,11,0.27907469629710063,"[143, 72, 123, 102, 106]",True
HOP62,M2_boundary_residual,7,12,0.27907469629710063,"[143, 72, 123, 102, 106]",True
HOP62,M2_boundary_residual,8,13,0.27907469629710063,"[143, 72, 123, 102, 106]",True
HOP62,M2_boundary_design,0,5,0.2497488719333584,"[143, 123, 106, 102, 5]",True
HOP62,M2_boundary_design,1,6,0.27907469629710063,"[143, 72, 123, 106, 102]",True
HOP62,M2_boundary_design,2,7,0.27907469629710063,"[143, 72, 123, 106, 102]",True
HOP62,M2_boundary_design,3,8,0.27907469629710063,"[143, 72, 123, 102, 106]",True
HOP62,M2_boundary_design,4,9,0.27907469629710063,"[143, 72, 123, 102, 106]",True
HOP62,M2_boundary_design,5,10,0.27907469629710063,"[143, 72, 123, 102, 106]",True
HOP62,M2_boundary_design,6,11,0.27907469629710063,"[143, 72, 123, 102, 106]",True
HOP62,M2_boundary_design,7,12,0.27907469629710063,"[143, 72, 123, 102, 106]",True
HOP62,M2_boundary_design,8,13,0.27907469629710063,"[143, 72, 123, 102, 106]",True
HOP62,M2_permuted_boundary,0,5,0.24278562180160615,"[143, 123, 102, 6, 106]",True
HOP62,M2_permuted_boundary,1,6,0.24278562180160615,"[143, 123, 102, 6, 106]",True
HOP62,M2_permuted_boundary,2,7,0.2790746962971006,"[143, 123, 72, 106, 102]",True
HOP62,M2_permuted_boundary,3,8,0.27907469629710063,"[143, 123, 72, 102, 106]",True
HOP62,M2_permuted_boundary,4,9,0.27907469629710063,"[143, 123, 72, 102, 106]",True
HOP62,M2_permuted_boundary,5,10,0.27907469629710063,"[143, 123, 72, 102, 106]",True
HOP62,M2_permuted_boundary,6,11,0.27907469629710063,"[143, 123, 72, 102, 106]",True
HOP62,M2_permuted_boundary,7,12,0.27907469629710063,"[143, 123, 72, 102, 106]",True
HOP62,M2_permuted_boundary,8,13,0.27907469629710063,"[143, 123, 72, 102, 106]",True
Hs 766T,M0_KG8,0,5,0.12488541391510993,"[143, 123, 5, 106, 6]",True
Hs 766T,M0_KG8,1,6,0.12488541391510993,"[143, 123, 5, 106, 6]",True
Hs 766T,M0_KG8,2,7,0.1259488781872325,"[143, 123, 102, 5, 6]",True
Hs 766T,M0_KG8,3,8,0.1259488781872325,"[143, 123, 102, 5, 6]",True
Hs 766T,M0_KG8,4,9,0.16542369003097218,"[143, 123, 102, 5, 49]",True
Hs 766T,M0_KG8,5,10,0.16542369003097218,"[143, 123, 102, 5, 49]",True
Hs 766T,M0_KG8,6,11,0.12632560322526842,"[143, 123, 102, 5, 65]",True
Hs 766T,M0_KG8,7,12,0.12632560322526842,"[143, 123, 102, 5, 65]",True
Hs 766T,M0_KG8,8,13,0.1259488781872325,"[143, 123, 102, 5, 6]",True
Hs 766T,M2_KG8,0,5,0.13117736403066185,"[143, 123, 5, 102, 106]",True
Hs 766T,M2_KG8,1,6,0.13117736403066185,"[143, 123, 5, 102, 106]",True
Hs 766T,M2_KG8,2,7,0.16542369003097213,"[143, 123, 5, 102, 49]",True
Hs 766T,M2_KG8,3,8,0.16542369003097213,"[143, 123, 5, 102, 49]",True
Hs 766T,M2_KG8,4,9,0.1263256032252684,"[143, 123, 5, 102, 65]",True
Hs 766T,M2_KG8,5,10,0.12632560322526842,"[143, 123, 102, 5, 65]",True
Hs 766T,M2_KG8,6,11,0.12632560322526842,"[143, 123, 102, 5, 65]",True
Hs 766T,M2_KG8,7,12,0.12632560322526842,"[143, 123, 102, 5, 65]",True
Hs 766T,M2_KG8,8,13,0.12632560322526842,"[143, 123, 102, 5, 65]",True
Hs 766T,M2_KG4096,0,5,0.13117736403066185,"[143, 123, 5, 102, 106]",True
Hs 766T,M2_KG4096,1,6,0.13117736403066185,"[143, 123, 5, 102, 106]",True
Hs 766T,M2_KG4096,2,7,0.16542369003097213,"[143, 123, 5, 102, 49]",True
Hs 766T,M2_KG4096,3,8,0.16542369003097213,"[143, 123, 5, 102, 49]",True
Hs 766T,M2_KG4096,4,9,0.1263256032252684,"[143, 123, 5, 102, 65]",True
Hs 766T,M2_KG4096,5,10,0.12632560322526842,"[143, 123, 102, 5, 65]",True
Hs 766T,M2_KG4096,6,11,0.12632560322526842,"[143, 123, 102, 5, 65]",True
Hs 766T,M2_KG4096,7,12,0.12632560322526842,"[143, 123, 102, 5, 65]",True
Hs 766T,M2_KG4096,8,13,0.12632560322526842,"[143, 123, 102, 5, 65]",True
Hs 766T,M0_fixed8,0,5,0.12488541391510993,"[143, 123, 5, 106, 6]",True
Hs 766T,M0_fixed8,1,6,0.12488541391510993,"[143, 123, 5, 106, 6]",True
Hs 766T,M0_fixed8,2,7,0.12488541391510993,"[143, 123, 5, 106, 6]",True
Hs 766T,M0_fixed8,3,8,0.12488541391510993,"[143, 123, 5, 106, 6]",True
Hs 766T,M0_fixed8,4,9,0.12594887818723247,"[143, 123, 5, 6, 102]",True
Hs 766T,M0_fixed8,5,10,0.12594887818723247,"[143, 123, 5, 6, 102]",True
Hs 766T,M0_fixed8,6,11,0.1259488781872325,"[143, 123, 102, 5, 6]",True
Hs 766T,M0_fixed8,7,12,0.1259488781872325,"[143, 123, 102, 5, 6]",True
Hs 766T,M0_fixed8,8,13,0.1259488781872325,"[143, 123, 102, 5, 6]",True
Hs 766T,M2_fixed8,0,5,0.13117736403066185,"[143, 123, 5, 102, 106]",True
Hs 766T,M2_fixed8,1,6,0.13117736403066185,"[143, 123, 5, 102, 106]",True
Hs 766T,M2_fixed8,2,7,0.13117736403066185,"[143, 5, 123, 102, 106]",True
Hs 766T,M2_fixed8,3,8,0.13117736403066185,"[143, 5, 123, 102, 106]",True
Hs 766T,M2_fixed8,4,9,0.13117736403066188,"[143, 102, 5, 123, 106]",True
Hs 766T,M2_fixed8,5,10,0.12632560322526842,"[143, 102, 5, 123, 65]",True
Hs 766T,M2_fixed8,6,11,0.12632560322526842,"[143, 102, 5, 123, 65]",True
Hs 766T,M2_fixed8,7,12,0.12632560322526842,"[143, 102, 5, 123, 65]",True
Hs 766T,M2_fixed8,8,13,0.12632560322526842,"[143, 102, 5, 123, 65]",True
Hs 766T,M2_fixed5,0,5,0.13117736403066185,"[143, 123, 5, 102, 106]",True
Hs 766T,M2_fixed5,1,6,0.13117736403066185,"[143, 123, 5, 102, 106]",True
Hs 766T,M2_fixed5,2,7,0.13117736403066185,"[143, 5, 123, 102, 106]",True
Hs 766T,M2_fixed5,3,8,0.13117736403066185,"[143, 5, 123, 102, 106]",True
Hs 766T,M2_fixed5,4,9,0.13117736403066188,"[143, 102, 5, 123, 106]",True
Hs 766T,M2_fixed5,5,10,0.12632560322526842,"[143, 102, 5, 123, 65]",True
Hs 766T,M0_boundary_common,0,5,0.12488541391510993,"[143, 123, 5, 106, 6]",True
Hs 766T,M0_boundary_common,1,6,0.12488541391510993,"[143, 123, 5, 106, 6]",True
Hs 766T,M0_boundary_common,2,7,0.12594887818723247,"[143, 123, 6, 5, 102]",True
Hs 766T,M0_boundary_common,3,8,0.1259488781872325,"[143, 123, 102, 6, 5]",True
Hs 766T,M0_boundary_common,4,9,0.1259488781872325,"[143, 123, 102, 5, 6]",True
Hs 766T,M0_boundary_common,5,10,0.1259488781872325,"[143, 123, 102, 5, 6]",True
Hs 766T,M0_boundary_common,6,11,0.1259488781872325,"[143, 123, 102, 5, 6]",True
Hs 766T,M0_boundary_common,7,12,0.1259488781872325,"[143, 123, 102, 5, 6]",True
Hs 766T,M0_boundary_common,8,13,0.1259488781872325,"[143, 123, 102, 5, 6]",True
Hs 766T,M2_boundary_common,0,5,0.13117736403066185,"[143, 123, 5, 102, 106]",True
Hs 766T,M2_boundary_common,1,6,0.13117736403066185,"[143, 123, 5, 102, 106]",True
Hs 766T,M2_boundary_common,2,7,0.16542369003097213,"[143, 123, 5, 102, 49]",True
Hs 766T,M2_boundary_common,3,8,0.16542369003097213,"[143, 123, 5, 102, 49]",True
Hs 766T,M2_boundary_common,4,9,0.1263256032252684,"[143, 123, 5, 102, 65]",True
Hs 766T,M2_boundary_common,5,10,0.12632560322526842,"[143, 123, 102, 5, 65]",True
Hs 766T,M2_boundary_common,6,11,0.12632560322526842,"[143, 123, 102, 5, 65]",True
Hs 766T,M2_boundary_common,7,12,0.12632560322526842,"[143, 123, 102, 5, 65]",True
Hs 766T,M2_boundary_common,8,13,0.12632560322526842,"[143, 123, 102, 5, 65]",True
Hs 766T,M2_boundary_common_no_stop,0,5,0.13117736403066185,"[143, 123, 5, 102, 106]",True
Hs 766T,M2_boundary_common_no_stop,1,6,0.13117736403066185,"[143, 123, 5, 102, 106]",True
Hs 766T,M2_boundary_common_no_stop,2,7,0.16542369003097213,"[143, 123, 5, 102, 49]",True
Hs 766T,M2_boundary_common_no_stop,3,8,0.16542369003097213,"[143, 123, 5, 102, 49]",True
Hs 766T,M2_boundary_common_no_stop,4,9,0.1263256032252684,"[143, 123, 5, 102, 65]",True
Hs 766T,M2_boundary_common_no_stop,5,10,0.12632560322526842,"[143, 123, 102, 5, 65]",True
Hs 766T,M2_boundary_common_no_stop,6,11,0.12632560322526842,"[143, 123, 102, 5, 65]",True
Hs 766T,M2_boundary_common_no_stop,7,12,0.12632560322526842,"[143, 123, 102, 5, 65]",True
Hs 766T,M2_boundary_common_no_stop,8,13,0.12632560322526842,"[143, 123, 102, 5, 65]",True
Hs 766T,M2_boundary_residual,0,5,0.13117736403066185,"[143, 123, 5, 102, 106]",True
Hs 766T,M2_boundary_residual,1,6,0.13117736403066185,"[143, 123, 5, 102, 106]",True
Hs 766T,M2_boundary_residual,2,7,0.16542369003097213,"[143, 123, 5, 102, 49]",True
Hs 766T,M2_boundary_residual,3,8,0.16542369003097213,"[143, 123, 5, 102, 49]",True
Hs 766T,M2_boundary_residual,4,9,0.16542369003097213,"[143, 123, 5, 102, 49]",True
Hs 766T,M2_boundary_residual,5,10,0.1263256032252684,"[143, 123, 5, 102, 65]",True
Hs 766T,M2_boundary_residual,6,11,0.12632560322526842,"[143, 123, 102, 5, 65]",True
Hs 766T,M2_boundary_residual,7,12,0.12632560322526842,"[143, 123, 102, 5, 65]",True
Hs 766T,M2_boundary_residual,8,13,0.12632560322526842,"[143, 123, 102, 5, 65]",True
Hs 766T,M2_boundary_design,0,5,0.13117736403066185,"[143, 123, 5, 102, 106]",True
Hs 766T,M2_boundary_design,1,6,0.13117736403066185,"[143, 123, 5, 102, 106]",True
Hs 766T,M2_boundary_design,2,7,0.16542369003097213,"[143, 123, 5, 102, 49]",True
Hs 766T,M2_boundary_design,3,8,0.16542369003097213,"[143, 123, 5, 102, 49]",True
Hs 766T,M2_boundary_design,4,9,0.16542369003097213,"[143, 123, 5, 102, 49]",True
Hs 766T,M2_boundary_design,5,10,0.1263256032252684,"[143, 123, 5, 102, 65]",True
Hs 766T,M2_boundary_design,6,11,0.12632560322526842,"[143, 123, 102, 5, 65]",True
Hs 766T,M2_boundary_design,7,12,0.12632560322526842,"[143, 123, 102, 5, 65]",True
Hs 766T,M2_boundary_design,8,13,0.12632560322526842,"[143, 123, 102, 5, 65]",True
Hs 766T,M2_permuted_boundary,0,5,0.09803927154727995,"[143, 5, 85, 2, 94]",True
Hs 766T,M2_permuted_boundary,1,6,0.08765711061035593,"[143, 5, 85, 2, 45]",True
Hs 766T,M2_permuted_boundary,2,7,0.08606851474943164,"[143, 5, 85, 6, 2]",True
Hs 766T,M2_permuted_boundary,3,8,0.08606851474943164,"[143, 5, 85, 6, 2]",True
Hs 766T,M2_permuted_boundary,4,9,0.12944506886056983,"[143, 5, 85, 6, 49]",True
Hs 766T,M2_permuted_boundary,5,10,0.12944506886056983,"[143, 5, 85, 6, 49]",True
Hs 766T,M2_permuted_boundary,6,11,0.12944506886056983,"[143, 5, 85, 6, 49]",True
Hs 766T,M2_permuted_boundary,7,12,0.12944506886056983,"[143, 85, 5, 6, 49]",True
Hs 766T,M2_permuted_boundary,8,13,0.12944506886056983,"[143, 85, 5, 6, 49]",True
C32,M0_KG8,0,5,0.14413429676847628,"[143, 123, 5, 106, 6]",True
C32,M0_KG8,1,6,0.14413429676847628,"[143, 123, 5, 106, 6]",True
C32,M0_KG8,2,7,0.14626498234261257,"[143, 123, 102, 5, 106]",True
C32,M0_KG8,3,8,0.14725135655279678,"[143, 123, 102, 5, 6]",True
C32,M0_KG8,4,9,0.14725135655279678,"[143, 123, 102, 5, 6]",True
C32,M0_KG8,5,10,0.14725135655279678,"[143, 123, 102, 5, 6]",True
C32,M0_KG8,6,11,0.14725135655279678,"[143, 123, 102, 5, 6]",True
C32,M0_KG8,7,12,0.14725135655279678,"[143, 123, 102, 5, 6]",True
C32,M0_KG8,8,13,0.14725135655279678,"[143, 123, 102, 5, 6]",True
C32,M2_KG8,0,5,0.14725135655279678,"[143, 123, 6, 5, 102]",True
C32,M2_KG8,1,6,0.14725135655279678,"[143, 123, 6, 5, 102]",True
C32,M2_KG8,2,7,0.14725135655279678,"[143, 123, 102, 6, 5]",True
C32,M2_KG8,3,8,0.14725135655279678,"[143, 123, 102, 6, 5]",True
C32,M2_KG8,4,9,0.14725135655279678,"[143, 123, 102, 6, 5]",True
C32,M2_KG8,5,10,0.14725135655279678,"[143, 123, 102, 6, 5]",True
C32,M2_KG8,6,11,0.14725135655279678,"[143, 123, 102, 6, 5]",True
C32,M2_KG8,7,12,0.14725135655279678,"[143, 123, 102, 6, 5]",True
C32,M2_KG8,8,13,0.14725135655279678,"[143, 123, 102, 6, 5]",True
C32,M2_KG4096,0,5,0.14725135655279678,"[143, 123, 6, 5, 102]",True
C32,M2_KG4096,1,6,0.14725135655279678,"[143, 123, 6, 5, 102]",True
C32,M2_KG4096,2,7,0.14725135655279678,"[143, 123, 6, 5, 102]",True
C32,M2_KG4096,3,8,0.14725135655279678,"[143, 123, 102, 6, 5]",True
C32,M2_KG4096,4,9,0.14725135655279678,"[143, 123, 102, 6, 5]",True
C32,M2_KG4096,5,10,0.14725135655279678,"[143, 123, 102, 6, 5]",True
C32,M2_KG4096,6,11,0.14725135655279678,"[143, 123, 102, 6, 5]",True
C32,M2_KG4096,7,12,0.14725135655279678,"[143, 123, 102, 6, 5]",True
C32,M2_KG4096,8,13,0.14725135655279678,"[143, 123, 102, 6, 5]",True
C32,M0_fixed8,0,5,0.14413429676847628,"[143, 123, 5, 106, 6]",True
C32,M0_fixed8,1,6,0.14413429676847628,"[143, 123, 5, 106, 6]",True
C32,M0_fixed8,2,7,0.14413429676847628,"[143, 123, 5, 106, 6]",True
C32,M0_fixed8,3,8,0.14413429676847628,"[143, 123, 5, 106, 6]",True
C32,M0_fixed8,4,9,0.14413429676847628,"[143, 123, 5, 6, 106]",True
C32,M0_fixed8,5,10,0.14725135655279675,"[143, 123, 5, 6, 102]",True
C32,M0_fixed8,6,11,0.14725135655279678,"[143, 123, 102, 5, 6]",True
C32,M0_fixed8,7,12,0.14725135655279678,"[143, 123, 102, 5, 6]",True
C32,M0_fixed8,8,13,0.14725135655279678,"[143, 123, 102, 5, 6]",True
C32,M2_fixed8,0,5,0.14725135655279678,"[143, 123, 6, 5, 102]",True
C32,M2_fixed8,1,6,0.14725135655279678,"[143, 123, 6, 5, 102]",True
C32,M2_fixed8,2,7,0.14725135655279678,"[143, 123, 6, 5, 102]",True
C32,M2_fixed8,3,8,0.14725135655279675,"[143, 123, 5, 6, 102]",True
C32,M2_fixed8,4,9,0.14725135655279675,"[143, 123, 5, 6, 102]",True
C32,M2_fixed8,5,10,0.14725135655279678,"[143, 123, 102, 5, 6]",True
C32,M2_fixed8,6,11,0.14725135655279678,"[143, 123, 102, 5, 6]",True
C32,M2_fixed8,7,12,0.14725135655279678,"[143, 123, 102, 5, 6]",True
C32,M2_fixed8,8,13,0.14725135655279678,"[143, 123, 102, 6, 5]",True
C32,M2_fixed5,0,5,0.14725135655279678,"[143, 123, 6, 5, 102]",True
C32,M2_fixed5,1,6,0.14725135655279678,"[143, 123, 6, 5, 102]",True
C32,M2_fixed5,2,7,0.14725135655279678,"[143, 123, 6, 5, 102]",True
C32,M2_fixed5,3,8,0.14725135655279675,"[143, 123, 5, 6, 102]",True
C32,M2_fixed5,4,9,0.14725135655279675,"[143, 123, 5, 6, 102]",True
C32,M2_fixed5,5,10,0.14725135655279678,"[143, 123, 102, 5, 6]",True
C32,M0_boundary_common,0,5,0.14413429676847628,"[143, 123, 5, 106, 6]",True
C32,M0_boundary_common,1,6,0.14413429676847628,"[143, 123, 5, 106, 6]",True
C32,M0_boundary_common,2,7,0.14413429676847628,"[143, 123, 5, 106, 6]",True
C32,M0_boundary_common,3,8,0.14626498234261257,"[143, 123, 102, 5, 106]",True
C32,M0_boundary_common,4,9,0.14725135655279678,"[143, 123, 102, 5, 6]",True
C32,M0_boundary_common,5,10,0.14725135655279678,"[143, 123, 102, 5, 6]",True
C32,M0_boundary_common,6,11,0.14725135655279678,"[143, 123, 102, 5, 6]",True
C32,M0_boundary_common,7,12,0.14725135655279678,"[143, 123, 102, 5, 6]",True
C32,M0_boundary_common,8,13,0.14725135655279678,"[143, 123, 102, 5, 6]",True
C32,M2_boundary_common,0,5,0.14725135655279678,"[143, 123, 6, 5, 102]",True
C32,M2_boundary_common,1,6,0.14725135655279678,"[143, 123, 6, 5, 102]",True
C32,M2_boundary_common,2,7,0.14725135655279678,"[143, 123, 102, 6, 5]",True
C32,M2_boundary_common,3,8,0.14725135655279678,"[143, 123, 102, 6, 5]",True
C32,M2_boundary_common,4,9,0.14725135655279678,"[143, 123, 102, 6, 5]",True
C32,M2_boundary_common,5,10,0.14725135655279678,"[143, 123, 102, 6, 5]",True
C32,M2_boundary_common,6,11,0.14725135655279678,"[143, 123, 102, 6, 5]",True
C32,M2_boundary_common,7,12,0.14725135655279678,"[143, 123, 102, 6, 5]",True
C32,M2_boundary_common,8,13,0.14725135655279678,"[143, 123, 102, 6, 5]",True
C32,M2_boundary_common_no_stop,0,5,0.14725135655279678,"[143, 123, 6, 5, 102]",True
C32,M2_boundary_common_no_stop,1,6,0.14725135655279678,"[143, 123, 6, 5, 102]",True
C32,M2_boundary_common_no_stop,2,7,0.14725135655279678,"[143, 123, 102, 6, 5]",True
C32,M2_boundary_common_no_stop,3,8,0.14725135655279678,"[143, 123, 102, 6, 5]",True
C32,M2_boundary_common_no_stop,4,9,0.14725135655279678,"[143, 123, 102, 6, 5]",True
C32,M2_boundary_common_no_stop,5,10,0.14725135655279678,"[143, 123, 102, 6, 5]",True
C32,M2_boundary_common_no_stop,6,11,0.14725135655279678,"[143, 123, 102, 6, 5]",True
C32,M2_boundary_common_no_stop,7,12,0.14725135655279678,"[143, 123, 102, 6, 5]",True
C32,M2_boundary_common_no_stop,8,13,0.14725135655279678,"[143, 123, 102, 6, 5]",True
C32,M2_boundary_residual,0,5,0.14725135655279678,"[143, 123, 6, 5, 102]",True
C32,M2_boundary_residual,1,6,0.14725135655279678,"[143, 123, 6, 5, 102]",True
C32,M2_boundary_residual,2,7,0.14725135655279678,"[143, 123, 6, 5, 102]",True
C32,M2_boundary_residual,3,8,0.14725135655279678,"[143, 123, 6, 5, 102]",True
C32,M2_boundary_residual,4,9,0.14725135655279678,"[143, 123, 102, 6, 5]",True
C32,M2_boundary_residual,5,10,0.14725135655279678,"[143, 123, 102, 6, 5]",True
C32,M2_boundary_residual,6,11,0.14725135655279678,"[143, 123, 102, 6, 5]",True
C32,M2_boundary_residual,7,12,0.14725135655279678,"[143, 123, 102, 6, 5]",True
C32,M2_boundary_residual,8,13,0.14725135655279678,"[143, 123, 102, 6, 5]",True
C32,M2_boundary_design,0,5,0.14725135655279678,"[143, 123, 6, 5, 102]",True
C32,M2_boundary_design,1,6,0.14725135655279678,"[143, 123, 6, 5, 102]",True
C32,M2_boundary_design,2,7,0.14725135655279678,"[143, 123, 6, 5, 102]",True
C32,M2_boundary_design,3,8,0.14725135655279678,"[143, 123, 102, 6, 5]",True
C32,M2_boundary_design,4,9,0.14725135655279678,"[143, 123, 102, 6, 5]",True
C32,M2_boundary_design,5,10,0.14725135655279678,"[143, 123, 102, 6, 5]",True
C32,M2_boundary_design,6,11,0.14725135655279678,"[143, 123, 102, 6, 5]",True
C32,M2_boundary_design,7,12,0.14725135655279678,"[143, 123, 102, 6, 5]",True
C32,M2_boundary_design,8,13,0.14725135655279678,"[143, 123, 102, 6, 5]",True
C32,M2_permuted_boundary,0,5,0.14413429676847628,"[143, 123, 106, 5, 6]",True
C32,M2_permuted_boundary,1,6,0.14413429676847628,"[143, 123, 106, 5, 6]",True
C32,M2_permuted_boundary,2,7,0.14413429676847628,"[143, 123, 106, 5, 6]",True
C32,M2_permuted_boundary,3,8,0.14413429676847628,"[143, 123, 106, 5, 6]",True
C32,M2_permuted_boundary,4,9,0.14413429676847628,"[143, 123, 106, 5, 6]",True
C32,M2_permuted_boundary,5,10,0.14413429676847628,"[143, 123, 106, 6, 5]",True
C32,M2_permuted_boundary,6,11,0.14413429676847628,"[143, 123, 106, 6, 5]",True
C32,M2_permuted_boundary,7,12,0.14413429676847628,"[143, 123, 106, 6, 5]",True
C32,M2_permuted_boundary,8,13,0.14413429676847628,"[143, 123, 6, 5, 106]",True
