MASTER_CELL_ID,CELL_LINE_NAME,model_id,unit,C_action,selection_hash
2112,MKN28,SIDM00260,SIDP00616,0,03779629479f5a298c40fe468bcc648576f5c6daf376497fe470b78d72efd1d9
799,ECC10,SIDM00280,SIDP00588,0,054bde4b6a06f4a0732b244e94e59b0169b54f3f25ded49e7ee0c0f056f337da
601,WSU-NHL,SIDM00412,SIDP01065,0,0619ae11f40bedfbc699385236bffa90a95410eea670f28117cc21ea5a71e689
2037,SW1271,SIDM01156,SIDP00334,0,092c3ab4e3c437ff8deef172a4d21d6980aed94aa073cce9cd2bfdcda8038f54
1202,HOS,SIDM00806,SIDP00046,1,0453d2e1acab9a59b5b719e516964f988189d4af468015cfe71b113228474adb
1560,SW982,SIDM01161,SIDP00348,1,0811ed266a6492a6a3a61b4d7f8cbf0ef1668e1a6ae47c407c497618f2d3e28b
1641,SK-LMS-1,SIDM01109,SIDP00308,1,18b6684d25a34a1df15650b27173495bba3a55a1fa52373aae1c63f0d474ec48
725,SK-UT-1,SIDM01113,SIDP00320,1,218778c96c90f6946cf82b28bbcab52efd8ed8cd2174092afb45ce471a9ab6fa
1861,NB7,SIDM00156,SIDP00649,2,07b965c630a06162c065cc5f0f7a95af23f9710f4b5ad7b25afbaaac9afddb22
915,NCI-H2087,SIDM00708,SIDP00224,2,0b02caf5e69ee80ade4c242ba3eb11ccfd979ded2e6e82b90bf6ab0a348a638b
2255,MPP-89,SIDM00222,SIDP00532,2,0fb6ffbf7b203012497209c4e6da26a39a62b3d2797b5031ef45e98783b9a501
233,SK-LU-1,SIDM01108,SIDP00309,2,0fcb694bec13a39a6a1c504c18d256ba0680edd5984b5be154b1168fc14017a6
