planned_culture_id,MASTER_CELL_ID,planned_day,actual_culture_id,parent_id,passage,medium,growth_mode,cells_seeded_per_well,state_sampled_at,state_processing_completed_at,state_available_at,decision_at,allocation_at,drug_executed_at,endpoint_measured_at,result_available_at,state_qc,assay_qc,failure_or_not_executed_reason,state_cost,assay_cost,compute_seconds,compute_cost,raw_file_sha256
planned:2112:start1,2112,1,,,,,,,,,,,,,,,,,,,,,,
planned:2112:start2,2112,2,,,,,,,,,,,,,,,,,,,,,,
planned:799:start1,799,2,,,,,,,,,,,,,,,,,,,,,,
planned:799:start2,799,3,,,,,,,,,,,,,,,,,,,,,,
planned:601:start1,601,3,,,,,,,,,,,,,,,,,,,,,,
planned:601:start2,601,4,,,,,,,,,,,,,,,,,,,,,,
planned:2037:start1,2037,4,,,,,,,,,,,,,,,,,,,,,,
planned:2037:start2,2037,1,,,,,,,,,,,,,,,,,,,,,,
planned:1202:start1,1202,1,,,,,,,,,,,,,,,,,,,,,,
planned:1202:start2,1202,2,,,,,,,,,,,,,,,,,,,,,,
planned:1560:start1,1560,2,,,,,,,,,,,,,,,,,,,,,,
planned:1560:start2,1560,3,,,,,,,,,,,,,,,,,,,,,,
planned:1641:start1,1641,3,,,,,,,,,,,,,,,,,,,,,,
planned:1641:start2,1641,4,,,,,,,,,,,,,,,,,,,,,,
planned:725:start1,725,4,,,,,,,,,,,,,,,,,,,,,,
planned:725:start2,725,1,,,,,,,,,,,,,,,,,,,,,,
planned:1861:start1,1861,1,,,,,,,,,,,,,,,,,,,,,,
planned:1861:start2,1861,2,,,,,,,,,,,,,,,,,,,,,,
planned:915:start1,915,2,,,,,,,,,,,,,,,,,,,,,,
planned:915:start2,915,3,,,,,,,,,,,,,,,,,,,,,,
planned:2255:start1,2255,3,,,,,,,,,,,,,,,,,,,,,,
planned:2255:start2,2255,4,,,,,,,,,,,,,,,,,,,,,,
planned:233:start1,233,4,,,,,,,,,,,,,,,,,,,,,,
planned:233:start2,233,1,,,,,,,,,,,,,,,,,,,,,,
