SIDM,role,arm,confirmations,spent,budget,screened,verified,unused,rounds
SIDM00053,SV,frozen_static,3,27,34,23,4,7,2
SIDM00053,SV,raw_reference,3,27,34,23,4,7,2
SIDM00053,SV,raw_shuffled,3,27,34,23,4,7,2
SIDM00053,VS,frozen_static,5,30,34,23,7,4,2
SIDM00053,VS,raw_reference,5,30,34,23,7,4,2
SIDM00053,VS,raw_shuffled,5,30,34,23,7,4,2
SIDM00136,SV,frozen_static,5,28,34,23,5,6,2
SIDM00136,SV,raw_reference,5,28,34,23,5,6,2
SIDM00136,SV,raw_shuffled,5,28,34,23,5,6,2
SIDM00136,VS,frozen_static,5,29,34,23,6,5,2
SIDM00136,VS,raw_reference,5,29,34,23,6,5,2
SIDM00136,VS,raw_shuffled,5,29,34,23,6,5,2
SIDM00301,SV,frozen_static,6,31,34,23,8,3,2
SIDM00301,SV,raw_reference,6,31,34,23,8,3,2
SIDM00301,SV,raw_shuffled,6,31,34,23,8,3,2
SIDM00301,VS,frozen_static,6,30,34,23,7,4,2
SIDM00301,VS,raw_reference,6,30,34,23,7,4,2
SIDM00301,VS,raw_shuffled,6,30,34,23,7,4,2
SIDM00332,SV,frozen_static,0,21,29,20,1,8,2
SIDM00332,SV,raw_reference,0,21,29,20,1,8,2
SIDM00332,SV,raw_shuffled,0,21,29,20,1,8,2
SIDM00332,VS,frozen_static,6,30,31,21,9,1,2
SIDM00332,VS,raw_reference,6,30,31,21,9,1,2
SIDM00332,VS,raw_shuffled,6,30,31,21,9,1,2
SIDM00371,SV,frozen_static,4,31,34,23,8,3,2
SIDM00371,SV,raw_reference,4,31,34,23,8,3,2
SIDM00371,SV,raw_shuffled,4,31,34,23,8,3,2
SIDM00371,VS,frozen_static,4,30,34,23,7,4,2
SIDM00371,VS,raw_reference,4,30,34,23,7,4,2
SIDM00371,VS,raw_shuffled,4,30,34,23,7,4,2
SIDM00453,SV,frozen_static,5,30,34,23,7,4,2
SIDM00453,SV,raw_reference,5,30,34,23,7,4,2
SIDM00453,SV,raw_shuffled,5,30,34,23,7,4,2
SIDM00453,VS,frozen_static,9,34,34,23,11,0,2
SIDM00453,VS,raw_reference,9,34,34,23,11,0,2
SIDM00453,VS,raw_shuffled,9,34,34,23,11,0,2
SIDM00583,SV,frozen_static,2,25,34,23,2,9,2
SIDM00583,SV,raw_reference,2,25,34,23,2,9,2
SIDM00583,SV,raw_shuffled,2,25,34,23,2,9,2
SIDM00583,VS,frozen_static,4,32,34,23,9,2,2
SIDM00583,VS,raw_reference,4,32,34,23,9,2,2
SIDM00583,VS,raw_shuffled,4,32,34,23,9,2,2
SIDM00789,SV,frozen_static,3,29,34,23,6,5,2
SIDM00789,SV,raw_reference,3,29,34,23,6,5,2
SIDM00789,SV,raw_shuffled,3,29,34,23,6,5,2
SIDM00789,VS,frozen_static,5,32,34,23,9,2,2
SIDM00789,VS,raw_reference,5,32,34,23,9,2,2
SIDM00789,VS,raw_shuffled,5,32,34,23,9,2,2
SIDM00841,SV,frozen_static,1,25,34,23,2,9,2
SIDM00841,SV,raw_reference,1,25,34,23,2,9,2
SIDM00841,SV,raw_shuffled,1,25,34,23,2,9,2
SIDM00841,VS,frozen_static,2,23,31,21,2,8,2
SIDM00841,VS,raw_reference,2,23,31,21,2,8,2
SIDM00841,VS,raw_shuffled,2,23,31,21,2,8,2
SIDM00874,SV,frozen_static,1,22,31,21,1,9,2
SIDM00874,SV,raw_reference,1,22,31,21,1,9,2
SIDM00874,SV,raw_shuffled,1,22,31,21,1,9,2
SIDM00874,VS,frozen_static,1,24,31,21,3,7,2
SIDM00874,VS,raw_reference,1,24,31,21,3,7,2
SIDM00874,VS,raw_shuffled,1,24,31,21,3,7,2
SIDM00898,SV,frozen_static,1,22,29,20,2,7,2
SIDM00898,SV,raw_reference,1,22,29,20,2,7,2
SIDM00898,SV,raw_shuffled,1,22,29,20,2,7,2
SIDM00898,VS,frozen_static,2,23,31,21,2,8,2
SIDM00898,VS,raw_reference,2,23,31,21,2,8,2
SIDM00898,VS,raw_shuffled,2,23,31,21,2,8,2
SIDM00928,SV,frozen_static,1,26,31,21,5,5,2
SIDM00928,SV,raw_reference,1,26,31,21,5,5,2
SIDM00928,SV,raw_shuffled,1,26,31,21,5,5,2
SIDM00928,VS,frozen_static,1,29,31,21,8,2,2
SIDM00928,VS,raw_reference,1,29,31,21,8,2,2
SIDM00928,VS,raw_shuffled,1,29,31,21,8,2,2
SIDM00963,SV,frozen_static,2,23,31,21,2,8,2
SIDM00963,SV,raw_reference,2,23,31,21,2,8,2
SIDM00963,SV,raw_shuffled,2,23,31,21,2,8,2
SIDM00963,VS,frozen_static,0,21,31,21,0,10,2
SIDM00963,VS,raw_reference,0,21,31,21,0,10,2
SIDM00963,VS,raw_shuffled,0,21,31,21,0,10,2
SIDM01096,SV,frozen_static,6,29,34,23,6,5,2
SIDM01096,SV,raw_reference,6,29,34,23,6,5,2
SIDM01096,SV,raw_shuffled,6,29,34,23,6,5,2
SIDM01096,VS,frozen_static,2,26,34,23,3,8,2
SIDM01096,VS,raw_reference,2,26,34,23,3,8,2
SIDM01096,VS,raw_shuffled,2,26,34,23,3,8,2
