planned_culture_id,MASTER_CELL_ID,CELL_LINE_NAME,original_recommendation,planned_day,actual_culture_id,independently_started_verified
planned:2112:start1,2112,MKN28,0,1,,False
planned:2112:start2,2112,MKN28,0,2,,False
planned:799:start1,799,ECC10,0,2,,False
planned:799:start2,799,ECC10,0,3,,False
planned:601:start1,601,WSU-NHL,0,3,,False
planned:601:start2,601,WSU-NHL,0,4,,False
planned:2037:start1,2037,SW1271,0,4,,False
planned:2037:start2,2037,SW1271,0,1,,False
planned:1202:start1,1202,HOS,1,1,,False
planned:1202:start2,1202,HOS,1,2,,False
planned:1560:start1,1560,SW982,1,2,,False
planned:1560:start2,1560,SW982,1,3,,False
planned:1641:start1,1641,SK-LMS-1,1,3,,False
planned:1641:start2,1641,SK-LMS-1,1,4,,False
planned:725:start1,725,SK-UT-1,1,4,,False
planned:725:start2,725,SK-UT-1,1,1,,False
planned:1861:start1,1861,NB7,2,1,,False
planned:1861:start2,1861,NB7,2,2,,False
planned:915:start1,915,NCI-H2087,2,2,,False
planned:915:start2,915,NCI-H2087,2,3,,False
planned:2255:start1,2255,MPP-89,2,3,,False
planned:2255:start2,2255,MPP-89,2,4,,False
planned:233:start1,233,SK-LU-1,2,4,,False
planned:233:start2,233,SK-LU-1,2,1,,False
