planned_culture_id,MASTER_CELL_ID,CELL_LINE_NAME,original_recommendation,planned_day,actual_culture_id,independently_started_verified,role,drug_id,drug_name,concentration_uM,technical_replicate,control_group,planned_plate,planned_well,executed,raw_result_id,endpoint_value,actual_cost
planned:2112:start1,2112,MKN28,0,1,,False,drug,1032.0,Afatinib,2.0,1,planned:2112:start1:vehicle+blank,D1:terminal,D08,False,,,
planned:2112:start1,2112,MKN28,0,1,,False,drug,1032.0,Afatinib,2.0,2,planned:2112:start1:vehicle+blank,D1:terminal,A01,False,,,
planned:2112:start1,2112,MKN28,0,1,,False,drug,1032.0,Afatinib,2.0,3,planned:2112:start1:vehicle+blank,D1:terminal,F01,False,,,
planned:2112:start1,2112,MKN28,0,1,,False,drug,1036.0,PLX-4720,10.0,1,planned:2112:start1:vehicle+blank,D1:terminal,A02,False,,,
planned:2112:start1,2112,MKN28,0,1,,False,drug,1036.0,PLX-4720,10.0,2,planned:2112:start1:vehicle+blank,D1:terminal,G07,False,,,
planned:2112:start1,2112,MKN28,0,1,,False,drug,1036.0,PLX-4720,10.0,3,planned:2112:start1:vehicle+blank,D1:terminal,A04,False,,,
planned:2112:start1,2112,MKN28,0,1,,False,drug,1060.0,PD0325901,0.25,1,planned:2112:start1:vehicle+blank,D1:terminal,E01,False,,,
planned:2112:start1,2112,MKN28,0,1,,False,drug,1060.0,PD0325901,0.25,2,planned:2112:start1:vehicle+blank,D1:terminal,F12,False,,,
planned:2112:start1,2112,MKN28,0,1,,False,drug,1060.0,PD0325901,0.25,3,planned:2112:start1:vehicle+blank,D1:terminal,D04,False,,,
planned:2112:start1,2112,MKN28,0,1,,False,vehicle,,,,1,planned:2112:start1:vehicle+blank,D1:terminal,B07,False,,,
planned:2112:start1,2112,MKN28,0,1,,False,vehicle,,,,2,planned:2112:start1:vehicle+blank,D1:terminal,H05,False,,,
planned:2112:start1,2112,MKN28,0,1,,False,vehicle,,,,3,planned:2112:start1:vehicle+blank,D1:terminal,G09,False,,,
planned:2112:start1,2112,MKN28,0,1,,False,blank,,,,1,planned:2112:start1:vehicle+blank,D1:terminal,C12,False,,,
planned:2112:start1,2112,MKN28,0,1,,False,blank,,,,2,planned:2112:start1:vehicle+blank,D1:terminal,H04,False,,,
planned:2037:start2,2037,SW1271,0,1,,False,drug,1032.0,Afatinib,2.0,1,planned:2037:start2:vehicle+blank,D1:terminal,A07,False,,,
planned:2037:start2,2037,SW1271,0,1,,False,drug,1032.0,Afatinib,2.0,2,planned:2037:start2:vehicle+blank,D1:terminal,B10,False,,,
planned:2037:start2,2037,SW1271,0,1,,False,drug,1032.0,Afatinib,2.0,3,planned:2037:start2:vehicle+blank,D1:terminal,A10,False,,,
planned:2037:start2,2037,SW1271,0,1,,False,drug,1036.0,PLX-4720,10.0,1,planned:2037:start2:vehicle+blank,D1:terminal,G02,False,,,
planned:2037:start2,2037,SW1271,0,1,,False,drug,1036.0,PLX-4720,10.0,2,planned:2037:start2:vehicle+blank,D1:terminal,F03,False,,,
planned:2037:start2,2037,SW1271,0,1,,False,drug,1036.0,PLX-4720,10.0,3,planned:2037:start2:vehicle+blank,D1:terminal,D12,False,,,
planned:2037:start2,2037,SW1271,0,1,,False,drug,1060.0,PD0325901,0.25,1,planned:2037:start2:vehicle+blank,D1:terminal,C08,False,,,
planned:2037:start2,2037,SW1271,0,1,,False,drug,1060.0,PD0325901,0.25,2,planned:2037:start2:vehicle+blank,D1:terminal,C09,False,,,
planned:2037:start2,2037,SW1271,0,1,,False,drug,1060.0,PD0325901,0.25,3,planned:2037:start2:vehicle+blank,D1:terminal,H01,False,,,
planned:2037:start2,2037,SW1271,0,1,,False,vehicle,,,,1,planned:2037:start2:vehicle+blank,D1:terminal,C02,False,,,
planned:2037:start2,2037,SW1271,0,1,,False,vehicle,,,,2,planned:2037:start2:vehicle+blank,D1:terminal,D09,False,,,
planned:2037:start2,2037,SW1271,0,1,,False,vehicle,,,,3,planned:2037:start2:vehicle+blank,D1:terminal,C03,False,,,
planned:2037:start2,2037,SW1271,0,1,,False,blank,,,,1,planned:2037:start2:vehicle+blank,D1:terminal,B08,False,,,
planned:2037:start2,2037,SW1271,0,1,,False,blank,,,,2,planned:2037:start2:vehicle+blank,D1:terminal,C05,False,,,
planned:1202:start1,1202,HOS,1,1,,False,drug,1032.0,Afatinib,2.0,1,planned:1202:start1:vehicle+blank,D1:terminal,A12,False,,,
planned:1202:start1,1202,HOS,1,1,,False,drug,1032.0,Afatinib,2.0,2,planned:1202:start1:vehicle+blank,D1:terminal,A03,False,,,
planned:1202:start1,1202,HOS,1,1,,False,drug,1032.0,Afatinib,2.0,3,planned:1202:start1:vehicle+blank,D1:terminal,F04,False,,,
planned:1202:start1,1202,HOS,1,1,,False,drug,1036.0,PLX-4720,10.0,1,planned:1202:start1:vehicle+blank,D1:terminal,C07,False,,,
planned:1202:start1,1202,HOS,1,1,,False,drug,1036.0,PLX-4720,10.0,2,planned:1202:start1:vehicle+blank,D1:terminal,F07,False,,,
planned:1202:start1,1202,HOS,1,1,,False,drug,1036.0,PLX-4720,10.0,3,planned:1202:start1:vehicle+blank,D1:terminal,D01,False,,,
planned:1202:start1,1202,HOS,1,1,,False,drug,1060.0,PD0325901,0.25,1,planned:1202:start1:vehicle+blank,D1:terminal,B04,False,,,
planned:1202:start1,1202,HOS,1,1,,False,drug,1060.0,PD0325901,0.25,2,planned:1202:start1:vehicle+blank,D1:terminal,B05,False,,,
planned:1202:start1,1202,HOS,1,1,,False,drug,1060.0,PD0325901,0.25,3,planned:1202:start1:vehicle+blank,D1:terminal,E05,False,,,
planned:1202:start1,1202,HOS,1,1,,False,vehicle,,,,1,planned:1202:start1:vehicle+blank,D1:terminal,B02,False,,,
planned:1202:start1,1202,HOS,1,1,,False,vehicle,,,,2,planned:1202:start1:vehicle+blank,D1:terminal,B03,False,,,
planned:1202:start1,1202,HOS,1,1,,False,vehicle,,,,3,planned:1202:start1:vehicle+blank,D1:terminal,F06,False,,,
planned:1202:start1,1202,HOS,1,1,,False,blank,,,,1,planned:1202:start1:vehicle+blank,D1:terminal,E10,False,,,
planned:1202:start1,1202,HOS,1,1,,False,blank,,,,2,planned:1202:start1:vehicle+blank,D1:terminal,E12,False,,,
planned:725:start2,725,SK-UT-1,1,1,,False,drug,1032.0,Afatinib,2.0,1,planned:725:start2:vehicle+blank,D1:terminal,H12,False,,,
planned:725:start2,725,SK-UT-1,1,1,,False,drug,1032.0,Afatinib,2.0,2,planned:725:start2:vehicle+blank,D1:terminal,G04,False,,,
planned:725:start2,725,SK-UT-1,1,1,,False,drug,1032.0,Afatinib,2.0,3,planned:725:start2:vehicle+blank,D1:terminal,D05,False,,,
planned:725:start2,725,SK-UT-1,1,1,,False,drug,1036.0,PLX-4720,10.0,1,planned:725:start2:vehicle+blank,D1:terminal,F10,False,,,
planned:725:start2,725,SK-UT-1,1,1,,False,drug,1036.0,PLX-4720,10.0,2,planned:725:start2:vehicle+blank,D1:terminal,D07,False,,,
planned:725:start2,725,SK-UT-1,1,1,,False,drug,1036.0,PLX-4720,10.0,3,planned:725:start2:vehicle+blank,D1:terminal,F09,False,,,
planned:725:start2,725,SK-UT-1,1,1,,False,drug,1060.0,PD0325901,0.25,1,planned:725:start2:vehicle+blank,D1:terminal,A08,False,,,
planned:725:start2,725,SK-UT-1,1,1,,False,drug,1060.0,PD0325901,0.25,2,planned:725:start2:vehicle+blank,D1:terminal,H06,False,,,
planned:725:start2,725,SK-UT-1,1,1,,False,drug,1060.0,PD0325901,0.25,3,planned:725:start2:vehicle+blank,D1:terminal,D11,False,,,
planned:725:start2,725,SK-UT-1,1,1,,False,vehicle,,,,1,planned:725:start2:vehicle+blank,D1:terminal,C06,False,,,
planned:725:start2,725,SK-UT-1,1,1,,False,vehicle,,,,2,planned:725:start2:vehicle+blank,D1:terminal,D06,False,,,
planned:725:start2,725,SK-UT-1,1,1,,False,vehicle,,,,3,planned:725:start2:vehicle+blank,D1:terminal,H02,False,,,
planned:725:start2,725,SK-UT-1,1,1,,False,blank,,,,1,planned:725:start2:vehicle+blank,D1:terminal,B11,False,,,
planned:725:start2,725,SK-UT-1,1,1,,False,blank,,,,2,planned:725:start2:vehicle+blank,D1:terminal,E09,False,,,
planned:1861:start1,1861,NB7,2,1,,False,drug,1032.0,Afatinib,2.0,1,planned:1861:start1:vehicle+blank,D1:terminal,E07,False,,,
planned:1861:start1,1861,NB7,2,1,,False,drug,1032.0,Afatinib,2.0,2,planned:1861:start1:vehicle+blank,D1:terminal,H11,False,,,
planned:1861:start1,1861,NB7,2,1,,False,drug,1032.0,Afatinib,2.0,3,planned:1861:start1:vehicle+blank,D1:terminal,D10,False,,,
planned:1861:start1,1861,NB7,2,1,,False,drug,1036.0,PLX-4720,10.0,1,planned:1861:start1:vehicle+blank,D1:terminal,B12,False,,,
planned:1861:start1,1861,NB7,2,1,,False,drug,1036.0,PLX-4720,10.0,2,planned:1861:start1:vehicle+blank,D1:terminal,C04,False,,,
planned:1861:start1,1861,NB7,2,1,,False,drug,1036.0,PLX-4720,10.0,3,planned:1861:start1:vehicle+blank,D1:terminal,B01,False,,,
planned:1861:start1,1861,NB7,2,1,,False,drug,1060.0,PD0325901,0.25,1,planned:1861:start1:vehicle+blank,D1:terminal,H07,False,,,
planned:1861:start1,1861,NB7,2,1,,False,drug,1060.0,PD0325901,0.25,2,planned:1861:start1:vehicle+blank,D1:terminal,C11,False,,,
planned:1861:start1,1861,NB7,2,1,,False,drug,1060.0,PD0325901,0.25,3,planned:1861:start1:vehicle+blank,D1:terminal,F05,False,,,
planned:1861:start1,1861,NB7,2,1,,False,vehicle,,,,1,planned:1861:start1:vehicle+blank,D1:terminal,G01,False,,,
planned:1861:start1,1861,NB7,2,1,,False,vehicle,,,,2,planned:1861:start1:vehicle+blank,D1:terminal,F02,False,,,
planned:1861:start1,1861,NB7,2,1,,False,vehicle,,,,3,planned:1861:start1:vehicle+blank,D1:terminal,D02,False,,,
planned:1861:start1,1861,NB7,2,1,,False,blank,,,,1,planned:1861:start1:vehicle+blank,D1:terminal,H10,False,,,
planned:1861:start1,1861,NB7,2,1,,False,blank,,,,2,planned:1861:start1:vehicle+blank,D1:terminal,C01,False,,,
planned:233:start2,233,SK-LU-1,2,1,,False,drug,1032.0,Afatinib,2.0,1,planned:233:start2:vehicle+blank,D1:terminal,E06,False,,,
planned:233:start2,233,SK-LU-1,2,1,,False,drug,1032.0,Afatinib,2.0,2,planned:233:start2:vehicle+blank,D1:terminal,E03,False,,,
planned:233:start2,233,SK-LU-1,2,1,,False,drug,1032.0,Afatinib,2.0,3,planned:233:start2:vehicle+blank,D1:terminal,G05,False,,,
planned:233:start2,233,SK-LU-1,2,1,,False,drug,1036.0,PLX-4720,10.0,1,planned:233:start2:vehicle+blank,D1:terminal,G12,False,,,
planned:233:start2,233,SK-LU-1,2,1,,False,drug,1036.0,PLX-4720,10.0,2,planned:233:start2:vehicle+blank,D1:terminal,A05,False,,,
planned:233:start2,233,SK-LU-1,2,1,,False,drug,1036.0,PLX-4720,10.0,3,planned:233:start2:vehicle+blank,D1:terminal,G11,False,,,
planned:233:start2,233,SK-LU-1,2,1,,False,drug,1060.0,PD0325901,0.25,1,planned:233:start2:vehicle+blank,D1:terminal,H08,False,,,
planned:233:start2,233,SK-LU-1,2,1,,False,drug,1060.0,PD0325901,0.25,2,planned:233:start2:vehicle+blank,D1:terminal,B09,False,,,
planned:233:start2,233,SK-LU-1,2,1,,False,drug,1060.0,PD0325901,0.25,3,planned:233:start2:vehicle+blank,D1:terminal,F11,False,,,
planned:233:start2,233,SK-LU-1,2,1,,False,vehicle,,,,1,planned:233:start2:vehicle+blank,D1:terminal,H03,False,,,
planned:233:start2,233,SK-LU-1,2,1,,False,vehicle,,,,2,planned:233:start2:vehicle+blank,D1:terminal,D03,False,,,
planned:233:start2,233,SK-LU-1,2,1,,False,vehicle,,,,3,planned:233:start2:vehicle+blank,D1:terminal,H09,False,,,
planned:233:start2,233,SK-LU-1,2,1,,False,blank,,,,1,planned:233:start2:vehicle+blank,D1:terminal,C10,False,,,
planned:233:start2,233,SK-LU-1,2,1,,False,blank,,,,2,planned:233:start2:vehicle+blank,D1:terminal,A06,False,,,
planned:2112:start1,2112,MKN28,0,1,,False,destructive_sister_timezero_ATP,,,,1,,D1:baseline,A05,False,,,
planned:2112:start1,2112,MKN28,0,1,,False,destructive_sister_timezero_ATP,,,,2,,D1:baseline,G01,False,,,
planned:2037:start2,2037,SW1271,0,1,,False,destructive_sister_timezero_ATP,,,,1,,D1:baseline,E06,False,,,
planned:2037:start2,2037,SW1271,0,1,,False,destructive_sister_timezero_ATP,,,,2,,D1:baseline,E01,False,,,
planned:1202:start1,1202,HOS,1,1,,False,destructive_sister_timezero_ATP,,,,1,,D1:baseline,B05,False,,,
planned:1202:start1,1202,HOS,1,1,,False,destructive_sister_timezero_ATP,,,,2,,D1:baseline,H01,False,,,
planned:725:start2,725,SK-UT-1,1,1,,False,destructive_sister_timezero_ATP,,,,1,,D1:baseline,D12,False,,,
planned:725:start2,725,SK-UT-1,1,1,,False,destructive_sister_timezero_ATP,,,,2,,D1:baseline,C12,False,,,
planned:1861:start1,1861,NB7,2,1,,False,destructive_sister_timezero_ATP,,,,1,,D1:baseline,C03,False,,,
planned:1861:start1,1861,NB7,2,1,,False,destructive_sister_timezero_ATP,,,,2,,D1:baseline,H04,False,,,
planned:233:start2,233,SK-LU-1,2,1,,False,destructive_sister_timezero_ATP,,,,1,,D1:baseline,C07,False,,,
planned:233:start2,233,SK-LU-1,2,1,,False,destructive_sister_timezero_ATP,,,,2,,D1:baseline,H10,False,,,
planned:2112:start2,2112,MKN28,0,2,,False,drug,1032.0,Afatinib,2.0,1,planned:2112:start2:vehicle+blank,D2:terminal,F04,False,,,
planned:2112:start2,2112,MKN28,0,2,,False,drug,1032.0,Afatinib,2.0,2,planned:2112:start2:vehicle+blank,D2:terminal,C08,False,,,
planned:2112:start2,2112,MKN28,0,2,,False,drug,1032.0,Afatinib,2.0,3,planned:2112:start2:vehicle+blank,D2:terminal,G06,False,,,
planned:2112:start2,2112,MKN28,0,2,,False,drug,1036.0,PLX-4720,10.0,1,planned:2112:start2:vehicle+blank,D2:terminal,D02,False,,,
planned:2112:start2,2112,MKN28,0,2,,False,drug,1036.0,PLX-4720,10.0,2,planned:2112:start2:vehicle+blank,D2:terminal,D11,False,,,
planned:2112:start2,2112,MKN28,0,2,,False,drug,1036.0,PLX-4720,10.0,3,planned:2112:start2:vehicle+blank,D2:terminal,C09,False,,,
planned:2112:start2,2112,MKN28,0,2,,False,drug,1060.0,PD0325901,0.25,1,planned:2112:start2:vehicle+blank,D2:terminal,G02,False,,,
planned:2112:start2,2112,MKN28,0,2,,False,drug,1060.0,PD0325901,0.25,2,planned:2112:start2:vehicle+blank,D2:terminal,G09,False,,,
planned:2112:start2,2112,MKN28,0,2,,False,drug,1060.0,PD0325901,0.25,3,planned:2112:start2:vehicle+blank,D2:terminal,E08,False,,,
planned:2112:start2,2112,MKN28,0,2,,False,vehicle,,,,1,planned:2112:start2:vehicle+blank,D2:terminal,A05,False,,,
planned:2112:start2,2112,MKN28,0,2,,False,vehicle,,,,2,planned:2112:start2:vehicle+blank,D2:terminal,B08,False,,,
planned:2112:start2,2112,MKN28,0,2,,False,vehicle,,,,3,planned:2112:start2:vehicle+blank,D2:terminal,E03,False,,,
planned:2112:start2,2112,MKN28,0,2,,False,blank,,,,1,planned:2112:start2:vehicle+blank,D2:terminal,A04,False,,,
planned:2112:start2,2112,MKN28,0,2,,False,blank,,,,2,planned:2112:start2:vehicle+blank,D2:terminal,E04,False,,,
planned:799:start1,799,ECC10,0,2,,False,drug,1032.0,Afatinib,2.0,1,planned:799:start1:vehicle+blank,D2:terminal,B11,False,,,
planned:799:start1,799,ECC10,0,2,,False,drug,1032.0,Afatinib,2.0,2,planned:799:start1:vehicle+blank,D2:terminal,H02,False,,,
planned:799:start1,799,ECC10,0,2,,False,drug,1032.0,Afatinib,2.0,3,planned:799:start1:vehicle+blank,D2:terminal,D01,False,,,
planned:799:start1,799,ECC10,0,2,,False,drug,1036.0,PLX-4720,10.0,1,planned:799:start1:vehicle+blank,D2:terminal,A11,False,,,
planned:799:start1,799,ECC10,0,2,,False,drug,1036.0,PLX-4720,10.0,2,planned:799:start1:vehicle+blank,D2:terminal,B02,False,,,
planned:799:start1,799,ECC10,0,2,,False,drug,1036.0,PLX-4720,10.0,3,planned:799:start1:vehicle+blank,D2:terminal,B10,False,,,
planned:799:start1,799,ECC10,0,2,,False,drug,1060.0,PD0325901,0.25,1,planned:799:start1:vehicle+blank,D2:terminal,E11,False,,,
planned:799:start1,799,ECC10,0,2,,False,drug,1060.0,PD0325901,0.25,2,planned:799:start1:vehicle+blank,D2:terminal,D12,False,,,
planned:799:start1,799,ECC10,0,2,,False,drug,1060.0,PD0325901,0.25,3,planned:799:start1:vehicle+blank,D2:terminal,F02,False,,,
planned:799:start1,799,ECC10,0,2,,False,vehicle,,,,1,planned:799:start1:vehicle+blank,D2:terminal,E01,False,,,
planned:799:start1,799,ECC10,0,2,,False,vehicle,,,,2,planned:799:start1:vehicle+blank,D2:terminal,F10,False,,,
planned:799:start1,799,ECC10,0,2,,False,vehicle,,,,3,planned:799:start1:vehicle+blank,D2:terminal,F09,False,,,
planned:799:start1,799,ECC10,0,2,,False,blank,,,,1,planned:799:start1:vehicle+blank,D2:terminal,C10,False,,,
planned:799:start1,799,ECC10,0,2,,False,blank,,,,2,planned:799:start1:vehicle+blank,D2:terminal,G03,False,,,
planned:1202:start2,1202,HOS,1,2,,False,drug,1032.0,Afatinib,2.0,1,planned:1202:start2:vehicle+blank,D2:terminal,E12,False,,,
planned:1202:start2,1202,HOS,1,2,,False,drug,1032.0,Afatinib,2.0,2,planned:1202:start2:vehicle+blank,D2:terminal,H05,False,,,
planned:1202:start2,1202,HOS,1,2,,False,drug,1032.0,Afatinib,2.0,3,planned:1202:start2:vehicle+blank,D2:terminal,A09,False,,,
planned:1202:start2,1202,HOS,1,2,,False,drug,1036.0,PLX-4720,10.0,1,planned:1202:start2:vehicle+blank,D2:terminal,D10,False,,,
planned:1202:start2,1202,HOS,1,2,,False,drug,1036.0,PLX-4720,10.0,2,planned:1202:start2:vehicle+blank,D2:terminal,F06,False,,,
planned:1202:start2,1202,HOS,1,2,,False,drug,1036.0,PLX-4720,10.0,3,planned:1202:start2:vehicle+blank,D2:terminal,D08,False,,,
planned:1202:start2,1202,HOS,1,2,,False,drug,1060.0,PD0325901,0.25,1,planned:1202:start2:vehicle+blank,D2:terminal,B09,False,,,
planned:1202:start2,1202,HOS,1,2,,False,drug,1060.0,PD0325901,0.25,2,planned:1202:start2:vehicle+blank,D2:terminal,E10,False,,,
planned:1202:start2,1202,HOS,1,2,,False,drug,1060.0,PD0325901,0.25,3,planned:1202:start2:vehicle+blank,D2:terminal,H04,False,,,
planned:1202:start2,1202,HOS,1,2,,False,vehicle,,,,1,planned:1202:start2:vehicle+blank,D2:terminal,C11,False,,,
planned:1202:start2,1202,HOS,1,2,,False,vehicle,,,,2,planned:1202:start2:vehicle+blank,D2:terminal,H03,False,,,
planned:1202:start2,1202,HOS,1,2,,False,vehicle,,,,3,planned:1202:start2:vehicle+blank,D2:terminal,G04,False,,,
planned:1202:start2,1202,HOS,1,2,,False,blank,,,,1,planned:1202:start2:vehicle+blank,D2:terminal,B12,False,,,
planned:1202:start2,1202,HOS,1,2,,False,blank,,,,2,planned:1202:start2:vehicle+blank,D2:terminal,C02,False,,,
planned:1560:start1,1560,SW982,1,2,,False,drug,1032.0,Afatinib,2.0,1,planned:1560:start1:vehicle+blank,D2:terminal,H06,False,,,
planned:1560:start1,1560,SW982,1,2,,False,drug,1032.0,Afatinib,2.0,2,planned:1560:start1:vehicle+blank,D2:terminal,D05,False,,,
planned:1560:start1,1560,SW982,1,2,,False,drug,1032.0,Afatinib,2.0,3,planned:1560:start1:vehicle+blank,D2:terminal,F11,False,,,
planned:1560:start1,1560,SW982,1,2,,False,drug,1036.0,PLX-4720,10.0,1,planned:1560:start1:vehicle+blank,D2:terminal,A12,False,,,
planned:1560:start1,1560,SW982,1,2,,False,drug,1036.0,PLX-4720,10.0,2,planned:1560:start1:vehicle+blank,D2:terminal,A02,False,,,
planned:1560:start1,1560,SW982,1,2,,False,drug,1036.0,PLX-4720,10.0,3,planned:1560:start1:vehicle+blank,D2:terminal,E07,False,,,
planned:1560:start1,1560,SW982,1,2,,False,drug,1060.0,PD0325901,0.25,1,planned:1560:start1:vehicle+blank,D2:terminal,F03,False,,,
planned:1560:start1,1560,SW982,1,2,,False,drug,1060.0,PD0325901,0.25,2,planned:1560:start1:vehicle+blank,D2:terminal,E06,False,,,
planned:1560:start1,1560,SW982,1,2,,False,drug,1060.0,PD0325901,0.25,3,planned:1560:start1:vehicle+blank,D2:terminal,G10,False,,,
planned:1560:start1,1560,SW982,1,2,,False,vehicle,,,,1,planned:1560:start1:vehicle+blank,D2:terminal,H08,False,,,
planned:1560:start1,1560,SW982,1,2,,False,vehicle,,,,2,planned:1560:start1:vehicle+blank,D2:terminal,E09,False,,,
planned:1560:start1,1560,SW982,1,2,,False,vehicle,,,,3,planned:1560:start1:vehicle+blank,D2:terminal,H11,False,,,
planned:1560:start1,1560,SW982,1,2,,False,blank,,,,1,planned:1560:start1:vehicle+blank,D2:terminal,A01,False,,,
planned:1560:start1,1560,SW982,1,2,,False,blank,,,,2,planned:1560:start1:vehicle+blank,D2:terminal,H12,False,,,
planned:1861:start2,1861,NB7,2,2,,False,drug,1032.0,Afatinib,2.0,1,planned:1861:start2:vehicle+blank,D2:terminal,B01,False,,,
planned:1861:start2,1861,NB7,2,2,,False,drug,1032.0,Afatinib,2.0,2,planned:1861:start2:vehicle+blank,D2:terminal,C04,False,,,
planned:1861:start2,1861,NB7,2,2,,False,drug,1032.0,Afatinib,2.0,3,planned:1861:start2:vehicle+blank,D2:terminal,A03,False,,,
planned:1861:start2,1861,NB7,2,2,,False,drug,1036.0,PLX-4720,10.0,1,planned:1861:start2:vehicle+blank,D2:terminal,F12,False,,,
planned:1861:start2,1861,NB7,2,2,,False,drug,1036.0,PLX-4720,10.0,2,planned:1861:start2:vehicle+blank,D2:terminal,D03,False,,,
planned:1861:start2,1861,NB7,2,2,,False,drug,1036.0,PLX-4720,10.0,3,planned:1861:start2:vehicle+blank,D2:terminal,H07,False,,,
planned:1861:start2,1861,NB7,2,2,,False,drug,1060.0,PD0325901,0.25,1,planned:1861:start2:vehicle+blank,D2:terminal,G01,False,,,
planned:1861:start2,1861,NB7,2,2,,False,drug,1060.0,PD0325901,0.25,2,planned:1861:start2:vehicle+blank,D2:terminal,E05,False,,,
planned:1861:start2,1861,NB7,2,2,,False,drug,1060.0,PD0325901,0.25,3,planned:1861:start2:vehicle+blank,D2:terminal,H10,False,,,
planned:1861:start2,1861,NB7,2,2,,False,vehicle,,,,1,planned:1861:start2:vehicle+blank,D2:terminal,H01,False,,,
planned:1861:start2,1861,NB7,2,2,,False,vehicle,,,,2,planned:1861:start2:vehicle+blank,D2:terminal,E02,False,,,
planned:1861:start2,1861,NB7,2,2,,False,vehicle,,,,3,planned:1861:start2:vehicle+blank,D2:terminal,C01,False,,,
planned:1861:start2,1861,NB7,2,2,,False,blank,,,,1,planned:1861:start2:vehicle+blank,D2:terminal,G11,False,,,
planned:1861:start2,1861,NB7,2,2,,False,blank,,,,2,planned:1861:start2:vehicle+blank,D2:terminal,D06,False,,,
planned:915:start1,915,NCI-H2087,2,2,,False,drug,1032.0,Afatinib,2.0,1,planned:915:start1:vehicle+blank,D2:terminal,B07,False,,,
planned:915:start1,915,NCI-H2087,2,2,,False,drug,1032.0,Afatinib,2.0,2,planned:915:start1:vehicle+blank,D2:terminal,G07,False,,,
planned:915:start1,915,NCI-H2087,2,2,,False,drug,1032.0,Afatinib,2.0,3,planned:915:start1:vehicle+blank,D2:terminal,F08,False,,,
planned:915:start1,915,NCI-H2087,2,2,,False,drug,1036.0,PLX-4720,10.0,1,planned:915:start1:vehicle+blank,D2:terminal,F01,False,,,
planned:915:start1,915,NCI-H2087,2,2,,False,drug,1036.0,PLX-4720,10.0,2,planned:915:start1:vehicle+blank,D2:terminal,G12,False,,,
planned:915:start1,915,NCI-H2087,2,2,,False,drug,1036.0,PLX-4720,10.0,3,planned:915:start1:vehicle+blank,D2:terminal,C07,False,,,
planned:915:start1,915,NCI-H2087,2,2,,False,drug,1060.0,PD0325901,0.25,1,planned:915:start1:vehicle+blank,D2:terminal,C12,False,,,
planned:915:start1,915,NCI-H2087,2,2,,False,drug,1060.0,PD0325901,0.25,2,planned:915:start1:vehicle+blank,D2:terminal,D07,False,,,
planned:915:start1,915,NCI-H2087,2,2,,False,drug,1060.0,PD0325901,0.25,3,planned:915:start1:vehicle+blank,D2:terminal,B04,False,,,
planned:915:start1,915,NCI-H2087,2,2,,False,vehicle,,,,1,planned:915:start1:vehicle+blank,D2:terminal,H09,False,,,
planned:915:start1,915,NCI-H2087,2,2,,False,vehicle,,,,2,planned:915:start1:vehicle+blank,D2:terminal,A07,False,,,
planned:915:start1,915,NCI-H2087,2,2,,False,vehicle,,,,3,planned:915:start1:vehicle+blank,D2:terminal,A06,False,,,
planned:915:start1,915,NCI-H2087,2,2,,False,blank,,,,1,planned:915:start1:vehicle+blank,D2:terminal,B05,False,,,
planned:915:start1,915,NCI-H2087,2,2,,False,blank,,,,2,planned:915:start1:vehicle+blank,D2:terminal,C05,False,,,
planned:2112:start2,2112,MKN28,0,2,,False,destructive_sister_timezero_ATP,,,,1,,D2:baseline,B01,False,,,
planned:2112:start2,2112,MKN28,0,2,,False,destructive_sister_timezero_ATP,,,,2,,D2:baseline,E11,False,,,
planned:799:start1,799,ECC10,0,2,,False,destructive_sister_timezero_ATP,,,,1,,D2:baseline,E04,False,,,
planned:799:start1,799,ECC10,0,2,,False,destructive_sister_timezero_ATP,,,,2,,D2:baseline,C06,False,,,
planned:1202:start2,1202,HOS,1,2,,False,destructive_sister_timezero_ATP,,,,1,,D2:baseline,C05,False,,,
planned:1202:start2,1202,HOS,1,2,,False,destructive_sister_timezero_ATP,,,,2,,D2:baseline,C10,False,,,
planned:1560:start1,1560,SW982,1,2,,False,destructive_sister_timezero_ATP,,,,1,,D2:baseline,E10,False,,,
planned:1560:start1,1560,SW982,1,2,,False,destructive_sister_timezero_ATP,,,,2,,D2:baseline,A07,False,,,
planned:1861:start2,1861,NB7,2,2,,False,destructive_sister_timezero_ATP,,,,1,,D2:baseline,H03,False,,,
planned:1861:start2,1861,NB7,2,2,,False,destructive_sister_timezero_ATP,,,,2,,D2:baseline,G02,False,,,
planned:915:start1,915,NCI-H2087,2,2,,False,destructive_sister_timezero_ATP,,,,1,,D2:baseline,E03,False,,,
planned:915:start1,915,NCI-H2087,2,2,,False,destructive_sister_timezero_ATP,,,,2,,D2:baseline,F05,False,,,
planned:799:start2,799,ECC10,0,3,,False,drug,1032.0,Afatinib,2.0,1,planned:799:start2:vehicle+blank,D3:terminal,H10,False,,,
planned:799:start2,799,ECC10,0,3,,False,drug,1032.0,Afatinib,2.0,2,planned:799:start2:vehicle+blank,D3:terminal,D03,False,,,
planned:799:start2,799,ECC10,0,3,,False,drug,1032.0,Afatinib,2.0,3,planned:799:start2:vehicle+blank,D3:terminal,H09,False,,,
planned:799:start2,799,ECC10,0,3,,False,drug,1036.0,PLX-4720,10.0,1,planned:799:start2:vehicle+blank,D3:terminal,B09,False,,,
planned:799:start2,799,ECC10,0,3,,False,drug,1036.0,PLX-4720,10.0,2,planned:799:start2:vehicle+blank,D3:terminal,A10,False,,,
planned:799:start2,799,ECC10,0,3,,False,drug,1036.0,PLX-4720,10.0,3,planned:799:start2:vehicle+blank,D3:terminal,G06,False,,,
planned:799:start2,799,ECC10,0,3,,False,drug,1060.0,PD0325901,0.25,1,planned:799:start2:vehicle+blank,D3:terminal,C11,False,,,
planned:799:start2,799,ECC10,0,3,,False,drug,1060.0,PD0325901,0.25,2,planned:799:start2:vehicle+blank,D3:terminal,F10,False,,,
planned:799:start2,799,ECC10,0,3,,False,drug,1060.0,PD0325901,0.25,3,planned:799:start2:vehicle+blank,D3:terminal,D10,False,,,
planned:799:start2,799,ECC10,0,3,,False,vehicle,,,,1,planned:799:start2:vehicle+blank,D3:terminal,F02,False,,,
planned:799:start2,799,ECC10,0,3,,False,vehicle,,,,2,planned:799:start2:vehicle+blank,D3:terminal,D05,False,,,
planned:799:start2,799,ECC10,0,3,,False,vehicle,,,,3,planned:799:start2:vehicle+blank,D3:terminal,D08,False,,,
planned:799:start2,799,ECC10,0,3,,False,blank,,,,1,planned:799:start2:vehicle+blank,D3:terminal,C04,False,,,
planned:799:start2,799,ECC10,0,3,,False,blank,,,,2,planned:799:start2:vehicle+blank,D3:terminal,A06,False,,,
planned:601:start1,601,WSU-NHL,0,3,,False,drug,1032.0,Afatinib,2.0,1,planned:601:start1:vehicle+blank,D3:terminal,E10,False,,,
planned:601:start1,601,WSU-NHL,0,3,,False,drug,1032.0,Afatinib,2.0,2,planned:601:start1:vehicle+blank,D3:terminal,B07,False,,,
planned:601:start1,601,WSU-NHL,0,3,,False,drug,1032.0,Afatinib,2.0,3,planned:601:start1:vehicle+blank,D3:terminal,A05,False,,,
planned:601:start1,601,WSU-NHL,0,3,,False,drug,1036.0,PLX-4720,10.0,1,planned:601:start1:vehicle+blank,D3:terminal,G04,False,,,
planned:601:start1,601,WSU-NHL,0,3,,False,drug,1036.0,PLX-4720,10.0,2,planned:601:start1:vehicle+blank,D3:terminal,A12,False,,,
planned:601:start1,601,WSU-NHL,0,3,,False,drug,1036.0,PLX-4720,10.0,3,planned:601:start1:vehicle+blank,D3:terminal,B01,False,,,
planned:601:start1,601,WSU-NHL,0,3,,False,drug,1060.0,PD0325901,0.25,1,planned:601:start1:vehicle+blank,D3:terminal,C06,False,,,
planned:601:start1,601,WSU-NHL,0,3,,False,drug,1060.0,PD0325901,0.25,2,planned:601:start1:vehicle+blank,D3:terminal,A01,False,,,
planned:601:start1,601,WSU-NHL,0,3,,False,drug,1060.0,PD0325901,0.25,3,planned:601:start1:vehicle+blank,D3:terminal,A02,False,,,
planned:601:start1,601,WSU-NHL,0,3,,False,vehicle,,,,1,planned:601:start1:vehicle+blank,D3:terminal,C07,False,,,
planned:601:start1,601,WSU-NHL,0,3,,False,vehicle,,,,2,planned:601:start1:vehicle+blank,D3:terminal,C02,False,,,
planned:601:start1,601,WSU-NHL,0,3,,False,vehicle,,,,3,planned:601:start1:vehicle+blank,D3:terminal,G03,False,,,
planned:601:start1,601,WSU-NHL,0,3,,False,blank,,,,1,planned:601:start1:vehicle+blank,D3:terminal,D11,False,,,
planned:601:start1,601,WSU-NHL,0,3,,False,blank,,,,2,planned:601:start1:vehicle+blank,D3:terminal,A07,False,,,
planned:1560:start2,1560,SW982,1,3,,False,drug,1032.0,Afatinib,2.0,1,planned:1560:start2:vehicle+blank,D3:terminal,F05,False,,,
planned:1560:start2,1560,SW982,1,3,,False,drug,1032.0,Afatinib,2.0,2,planned:1560:start2:vehicle+blank,D3:terminal,H03,False,,,
planned:1560:start2,1560,SW982,1,3,,False,drug,1032.0,Afatinib,2.0,3,planned:1560:start2:vehicle+blank,D3:terminal,G09,False,,,
planned:1560:start2,1560,SW982,1,3,,False,drug,1036.0,PLX-4720,10.0,1,planned:1560:start2:vehicle+blank,D3:terminal,B02,False,,,
planned:1560:start2,1560,SW982,1,3,,False,drug,1036.0,PLX-4720,10.0,2,planned:1560:start2:vehicle+blank,D3:terminal,H08,False,,,
planned:1560:start2,1560,SW982,1,3,,False,drug,1036.0,PLX-4720,10.0,3,planned:1560:start2:vehicle+blank,D3:terminal,D02,False,,,
planned:1560:start2,1560,SW982,1,3,,False,drug,1060.0,PD0325901,0.25,1,planned:1560:start2:vehicle+blank,D3:terminal,G11,False,,,
planned:1560:start2,1560,SW982,1,3,,False,drug,1060.0,PD0325901,0.25,2,planned:1560:start2:vehicle+blank,D3:terminal,G05,False,,,
planned:1560:start2,1560,SW982,1,3,,False,drug,1060.0,PD0325901,0.25,3,planned:1560:start2:vehicle+blank,D3:terminal,H12,False,,,
planned:1560:start2,1560,SW982,1,3,,False,vehicle,,,,1,planned:1560:start2:vehicle+blank,D3:terminal,A09,False,,,
planned:1560:start2,1560,SW982,1,3,,False,vehicle,,,,2,planned:1560:start2:vehicle+blank,D3:terminal,E12,False,,,
planned:1560:start2,1560,SW982,1,3,,False,vehicle,,,,3,planned:1560:start2:vehicle+blank,D3:terminal,F03,False,,,
planned:1560:start2,1560,SW982,1,3,,False,blank,,,,1,planned:1560:start2:vehicle+blank,D3:terminal,A08,False,,,
planned:1560:start2,1560,SW982,1,3,,False,blank,,,,2,planned:1560:start2:vehicle+blank,D3:terminal,F08,False,,,
planned:1641:start1,1641,SK-LMS-1,1,3,,False,drug,1032.0,Afatinib,2.0,1,planned:1641:start1:vehicle+blank,D3:terminal,E02,False,,,
planned:1641:start1,1641,SK-LMS-1,1,3,,False,drug,1032.0,Afatinib,2.0,2,planned:1641:start1:vehicle+blank,D3:terminal,B05,False,,,
planned:1641:start1,1641,SK-LMS-1,1,3,,False,drug,1032.0,Afatinib,2.0,3,planned:1641:start1:vehicle+blank,D3:terminal,F12,False,,,
planned:1641:start1,1641,SK-LMS-1,1,3,,False,drug,1036.0,PLX-4720,10.0,1,planned:1641:start1:vehicle+blank,D3:terminal,D01,False,,,
planned:1641:start1,1641,SK-LMS-1,1,3,,False,drug,1036.0,PLX-4720,10.0,2,planned:1641:start1:vehicle+blank,D3:terminal,D06,False,,,
planned:1641:start1,1641,SK-LMS-1,1,3,,False,drug,1036.0,PLX-4720,10.0,3,planned:1641:start1:vehicle+blank,D3:terminal,F01,False,,,
planned:1641:start1,1641,SK-LMS-1,1,3,,False,drug,1060.0,PD0325901,0.25,1,planned:1641:start1:vehicle+blank,D3:terminal,H11,False,,,
planned:1641:start1,1641,SK-LMS-1,1,3,,False,drug,1060.0,PD0325901,0.25,2,planned:1641:start1:vehicle+blank,D3:terminal,E03,False,,,
planned:1641:start1,1641,SK-LMS-1,1,3,,False,drug,1060.0,PD0325901,0.25,3,planned:1641:start1:vehicle+blank,D3:terminal,H05,False,,,
planned:1641:start1,1641,SK-LMS-1,1,3,,False,vehicle,,,,1,planned:1641:start1:vehicle+blank,D3:terminal,E06,False,,,
planned:1641:start1,1641,SK-LMS-1,1,3,,False,vehicle,,,,2,planned:1641:start1:vehicle+blank,D3:terminal,D12,False,,,
planned:1641:start1,1641,SK-LMS-1,1,3,,False,vehicle,,,,3,planned:1641:start1:vehicle+blank,D3:terminal,B08,False,,,
planned:1641:start1,1641,SK-LMS-1,1,3,,False,blank,,,,1,planned:1641:start1:vehicle+blank,D3:terminal,G12,False,,,
planned:1641:start1,1641,SK-LMS-1,1,3,,False,blank,,,,2,planned:1641:start1:vehicle+blank,D3:terminal,H02,False,,,
planned:915:start2,915,NCI-H2087,2,3,,False,drug,1032.0,Afatinib,2.0,1,planned:915:start2:vehicle+blank,D3:terminal,F09,False,,,
planned:915:start2,915,NCI-H2087,2,3,,False,drug,1032.0,Afatinib,2.0,2,planned:915:start2:vehicle+blank,D3:terminal,F11,False,,,
planned:915:start2,915,NCI-H2087,2,3,,False,drug,1032.0,Afatinib,2.0,3,planned:915:start2:vehicle+blank,D3:terminal,C01,False,,,
planned:915:start2,915,NCI-H2087,2,3,,False,drug,1036.0,PLX-4720,10.0,1,planned:915:start2:vehicle+blank,D3:terminal,G10,False,,,
planned:915:start2,915,NCI-H2087,2,3,,False,drug,1036.0,PLX-4720,10.0,2,planned:915:start2:vehicle+blank,D3:terminal,A11,False,,,
planned:915:start2,915,NCI-H2087,2,3,,False,drug,1036.0,PLX-4720,10.0,3,planned:915:start2:vehicle+blank,D3:terminal,E11,False,,,
planned:915:start2,915,NCI-H2087,2,3,,False,drug,1060.0,PD0325901,0.25,1,planned:915:start2:vehicle+blank,D3:terminal,C09,False,,,
planned:915:start2,915,NCI-H2087,2,3,,False,drug,1060.0,PD0325901,0.25,2,planned:915:start2:vehicle+blank,D3:terminal,A03,False,,,
planned:915:start2,915,NCI-H2087,2,3,,False,drug,1060.0,PD0325901,0.25,3,planned:915:start2:vehicle+blank,D3:terminal,B03,False,,,
planned:915:start2,915,NCI-H2087,2,3,,False,vehicle,,,,1,planned:915:start2:vehicle+blank,D3:terminal,C12,False,,,
planned:915:start2,915,NCI-H2087,2,3,,False,vehicle,,,,2,planned:915:start2:vehicle+blank,D3:terminal,G07,False,,,
planned:915:start2,915,NCI-H2087,2,3,,False,vehicle,,,,3,planned:915:start2:vehicle+blank,D3:terminal,B04,False,,,
planned:915:start2,915,NCI-H2087,2,3,,False,blank,,,,1,planned:915:start2:vehicle+blank,D3:terminal,G02,False,,,
planned:915:start2,915,NCI-H2087,2,3,,False,blank,,,,2,planned:915:start2:vehicle+blank,D3:terminal,F07,False,,,
planned:2255:start1,2255,MPP-89,2,3,,False,drug,1032.0,Afatinib,2.0,1,planned:2255:start1:vehicle+blank,D3:terminal,F04,False,,,
planned:2255:start1,2255,MPP-89,2,3,,False,drug,1032.0,Afatinib,2.0,2,planned:2255:start1:vehicle+blank,D3:terminal,D07,False,,,
planned:2255:start1,2255,MPP-89,2,3,,False,drug,1032.0,Afatinib,2.0,3,planned:2255:start1:vehicle+blank,D3:terminal,C08,False,,,
planned:2255:start1,2255,MPP-89,2,3,,False,drug,1036.0,PLX-4720,10.0,1,planned:2255:start1:vehicle+blank,D3:terminal,E09,False,,,
planned:2255:start1,2255,MPP-89,2,3,,False,drug,1036.0,PLX-4720,10.0,2,planned:2255:start1:vehicle+blank,D3:terminal,A04,False,,,
planned:2255:start1,2255,MPP-89,2,3,,False,drug,1036.0,PLX-4720,10.0,3,planned:2255:start1:vehicle+blank,D3:terminal,B12,False,,,
planned:2255:start1,2255,MPP-89,2,3,,False,drug,1060.0,PD0325901,0.25,1,planned:2255:start1:vehicle+blank,D3:terminal,C10,False,,,
planned:2255:start1,2255,MPP-89,2,3,,False,drug,1060.0,PD0325901,0.25,2,planned:2255:start1:vehicle+blank,D3:terminal,E07,False,,,
planned:2255:start1,2255,MPP-89,2,3,,False,drug,1060.0,PD0325901,0.25,3,planned:2255:start1:vehicle+blank,D3:terminal,B06,False,,,
planned:2255:start1,2255,MPP-89,2,3,,False,vehicle,,,,1,planned:2255:start1:vehicle+blank,D3:terminal,C03,False,,,
planned:2255:start1,2255,MPP-89,2,3,,False,vehicle,,,,2,planned:2255:start1:vehicle+blank,D3:terminal,H01,False,,,
planned:2255:start1,2255,MPP-89,2,3,,False,vehicle,,,,3,planned:2255:start1:vehicle+blank,D3:terminal,D09,False,,,
planned:2255:start1,2255,MPP-89,2,3,,False,blank,,,,1,planned:2255:start1:vehicle+blank,D3:terminal,H04,False,,,
planned:2255:start1,2255,MPP-89,2,3,,False,blank,,,,2,planned:2255:start1:vehicle+blank,D3:terminal,H06,False,,,
planned:799:start2,799,ECC10,0,3,,False,destructive_sister_timezero_ATP,,,,1,,D3:baseline,F10,False,,,
planned:799:start2,799,ECC10,0,3,,False,destructive_sister_timezero_ATP,,,,2,,D3:baseline,F05,False,,,
planned:601:start1,601,WSU-NHL,0,3,,False,destructive_sister_timezero_ATP,,,,1,,D3:baseline,C07,False,,,
planned:601:start1,601,WSU-NHL,0,3,,False,destructive_sister_timezero_ATP,,,,2,,D3:baseline,A08,False,,,
planned:1560:start2,1560,SW982,1,3,,False,destructive_sister_timezero_ATP,,,,1,,D3:baseline,B09,False,,,
planned:1560:start2,1560,SW982,1,3,,False,destructive_sister_timezero_ATP,,,,2,,D3:baseline,F08,False,,,
planned:1641:start1,1641,SK-LMS-1,1,3,,False,destructive_sister_timezero_ATP,,,,1,,D3:baseline,E04,False,,,
planned:1641:start1,1641,SK-LMS-1,1,3,,False,destructive_sister_timezero_ATP,,,,2,,D3:baseline,F09,False,,,
planned:915:start2,915,NCI-H2087,2,3,,False,destructive_sister_timezero_ATP,,,,1,,D3:baseline,G08,False,,,
planned:915:start2,915,NCI-H2087,2,3,,False,destructive_sister_timezero_ATP,,,,2,,D3:baseline,F07,False,,,
planned:2255:start1,2255,MPP-89,2,3,,False,destructive_sister_timezero_ATP,,,,1,,D3:baseline,C05,False,,,
planned:2255:start1,2255,MPP-89,2,3,,False,destructive_sister_timezero_ATP,,,,2,,D3:baseline,E07,False,,,
planned:601:start2,601,WSU-NHL,0,4,,False,drug,1032.0,Afatinib,2.0,1,planned:601:start2:vehicle+blank,D4:terminal,F09,False,,,
planned:601:start2,601,WSU-NHL,0,4,,False,drug,1032.0,Afatinib,2.0,2,planned:601:start2:vehicle+blank,D4:terminal,H12,False,,,
planned:601:start2,601,WSU-NHL,0,4,,False,drug,1032.0,Afatinib,2.0,3,planned:601:start2:vehicle+blank,D4:terminal,D04,False,,,
planned:601:start2,601,WSU-NHL,0,4,,False,drug,1036.0,PLX-4720,10.0,1,planned:601:start2:vehicle+blank,D4:terminal,B02,False,,,
planned:601:start2,601,WSU-NHL,0,4,,False,drug,1036.0,PLX-4720,10.0,2,planned:601:start2:vehicle+blank,D4:terminal,G09,False,,,
planned:601:start2,601,WSU-NHL,0,4,,False,drug,1036.0,PLX-4720,10.0,3,planned:601:start2:vehicle+blank,D4:terminal,D05,False,,,
planned:601:start2,601,WSU-NHL,0,4,,False,drug,1060.0,PD0325901,0.25,1,planned:601:start2:vehicle+blank,D4:terminal,D02,False,,,
planned:601:start2,601,WSU-NHL,0,4,,False,drug,1060.0,PD0325901,0.25,2,planned:601:start2:vehicle+blank,D4:terminal,F03,False,,,
planned:601:start2,601,WSU-NHL,0,4,,False,drug,1060.0,PD0325901,0.25,3,planned:601:start2:vehicle+blank,D4:terminal,A05,False,,,
planned:601:start2,601,WSU-NHL,0,4,,False,vehicle,,,,1,planned:601:start2:vehicle+blank,D4:terminal,C04,False,,,
planned:601:start2,601,WSU-NHL,0,4,,False,vehicle,,,,2,planned:601:start2:vehicle+blank,D4:terminal,A01,False,,,
planned:601:start2,601,WSU-NHL,0,4,,False,vehicle,,,,3,planned:601:start2:vehicle+blank,D4:terminal,G06,False,,,
planned:601:start2,601,WSU-NHL,0,4,,False,blank,,,,1,planned:601:start2:vehicle+blank,D4:terminal,A11,False,,,
planned:601:start2,601,WSU-NHL,0,4,,False,blank,,,,2,planned:601:start2:vehicle+blank,D4:terminal,F08,False,,,
planned:2037:start1,2037,SW1271,0,4,,False,drug,1032.0,Afatinib,2.0,1,planned:2037:start1:vehicle+blank,D4:terminal,A04,False,,,
planned:2037:start1,2037,SW1271,0,4,,False,drug,1032.0,Afatinib,2.0,2,planned:2037:start1:vehicle+blank,D4:terminal,E06,False,,,
planned:2037:start1,2037,SW1271,0,4,,False,drug,1032.0,Afatinib,2.0,3,planned:2037:start1:vehicle+blank,D4:terminal,E12,False,,,
planned:2037:start1,2037,SW1271,0,4,,False,drug,1036.0,PLX-4720,10.0,1,planned:2037:start1:vehicle+blank,D4:terminal,E03,False,,,
planned:2037:start1,2037,SW1271,0,4,,False,drug,1036.0,PLX-4720,10.0,2,planned:2037:start1:vehicle+blank,D4:terminal,D07,False,,,
planned:2037:start1,2037,SW1271,0,4,,False,drug,1036.0,PLX-4720,10.0,3,planned:2037:start1:vehicle+blank,D4:terminal,D06,False,,,
planned:2037:start1,2037,SW1271,0,4,,False,drug,1060.0,PD0325901,0.25,1,planned:2037:start1:vehicle+blank,D4:terminal,F01,False,,,
planned:2037:start1,2037,SW1271,0,4,,False,drug,1060.0,PD0325901,0.25,2,planned:2037:start1:vehicle+blank,D4:terminal,D01,False,,,
planned:2037:start1,2037,SW1271,0,4,,False,drug,1060.0,PD0325901,0.25,3,planned:2037:start1:vehicle+blank,D4:terminal,H06,False,,,
planned:2037:start1,2037,SW1271,0,4,,False,vehicle,,,,1,planned:2037:start1:vehicle+blank,D4:terminal,B10,False,,,
planned:2037:start1,2037,SW1271,0,4,,False,vehicle,,,,2,planned:2037:start1:vehicle+blank,D4:terminal,C03,False,,,
planned:2037:start1,2037,SW1271,0,4,,False,vehicle,,,,3,planned:2037:start1:vehicle+blank,D4:terminal,E05,False,,,
planned:2037:start1,2037,SW1271,0,4,,False,blank,,,,1,planned:2037:start1:vehicle+blank,D4:terminal,B04,False,,,
planned:2037:start1,2037,SW1271,0,4,,False,blank,,,,2,planned:2037:start1:vehicle+blank,D4:terminal,F07,False,,,
planned:1641:start2,1641,SK-LMS-1,1,4,,False,drug,1032.0,Afatinib,2.0,1,planned:1641:start2:vehicle+blank,D4:terminal,G07,False,,,
planned:1641:start2,1641,SK-LMS-1,1,4,,False,drug,1032.0,Afatinib,2.0,2,planned:1641:start2:vehicle+blank,D4:terminal,F04,False,,,
planned:1641:start2,1641,SK-LMS-1,1,4,,False,drug,1032.0,Afatinib,2.0,3,planned:1641:start2:vehicle+blank,D4:terminal,A02,False,,,
planned:1641:start2,1641,SK-LMS-1,1,4,,False,drug,1036.0,PLX-4720,10.0,1,planned:1641:start2:vehicle+blank,D4:terminal,E04,False,,,
planned:1641:start2,1641,SK-LMS-1,1,4,,False,drug,1036.0,PLX-4720,10.0,2,planned:1641:start2:vehicle+blank,D4:terminal,E09,False,,,
planned:1641:start2,1641,SK-LMS-1,1,4,,False,drug,1036.0,PLX-4720,10.0,3,planned:1641:start2:vehicle+blank,D4:terminal,F05,False,,,
planned:1641:start2,1641,SK-LMS-1,1,4,,False,drug,1060.0,PD0325901,0.25,1,planned:1641:start2:vehicle+blank,D4:terminal,C12,False,,,
planned:1641:start2,1641,SK-LMS-1,1,4,,False,drug,1060.0,PD0325901,0.25,2,planned:1641:start2:vehicle+blank,D4:terminal,D08,False,,,
planned:1641:start2,1641,SK-LMS-1,1,4,,False,drug,1060.0,PD0325901,0.25,3,planned:1641:start2:vehicle+blank,D4:terminal,C10,False,,,
planned:1641:start2,1641,SK-LMS-1,1,4,,False,vehicle,,,,1,planned:1641:start2:vehicle+blank,D4:terminal,D03,False,,,
planned:1641:start2,1641,SK-LMS-1,1,4,,False,vehicle,,,,2,planned:1641:start2:vehicle+blank,D4:terminal,B11,False,,,
planned:1641:start2,1641,SK-LMS-1,1,4,,False,vehicle,,,,3,planned:1641:start2:vehicle+blank,D4:terminal,H08,False,,,
planned:1641:start2,1641,SK-LMS-1,1,4,,False,blank,,,,1,planned:1641:start2:vehicle+blank,D4:terminal,A03,False,,,
planned:1641:start2,1641,SK-LMS-1,1,4,,False,blank,,,,2,planned:1641:start2:vehicle+blank,D4:terminal,H09,False,,,
planned:725:start1,725,SK-UT-1,1,4,,False,drug,1032.0,Afatinib,2.0,1,planned:725:start1:vehicle+blank,D4:terminal,B01,False,,,
planned:725:start1,725,SK-UT-1,1,4,,False,drug,1032.0,Afatinib,2.0,2,planned:725:start1:vehicle+blank,D4:terminal,C06,False,,,
planned:725:start1,725,SK-UT-1,1,4,,False,drug,1032.0,Afatinib,2.0,3,planned:725:start1:vehicle+blank,D4:terminal,H01,False,,,
planned:725:start1,725,SK-UT-1,1,4,,False,drug,1036.0,PLX-4720,10.0,1,planned:725:start1:vehicle+blank,D4:terminal,G04,False,,,
planned:725:start1,725,SK-UT-1,1,4,,False,drug,1036.0,PLX-4720,10.0,2,planned:725:start1:vehicle+blank,D4:terminal,F11,False,,,
planned:725:start1,725,SK-UT-1,1,4,,False,drug,1036.0,PLX-4720,10.0,3,planned:725:start1:vehicle+blank,D4:terminal,B06,False,,,
planned:725:start1,725,SK-UT-1,1,4,,False,drug,1060.0,PD0325901,0.25,1,planned:725:start1:vehicle+blank,D4:terminal,G11,False,,,
planned:725:start1,725,SK-UT-1,1,4,,False,drug,1060.0,PD0325901,0.25,2,planned:725:start1:vehicle+blank,D4:terminal,A12,False,,,
planned:725:start1,725,SK-UT-1,1,4,,False,drug,1060.0,PD0325901,0.25,3,planned:725:start1:vehicle+blank,D4:terminal,G08,False,,,
planned:725:start1,725,SK-UT-1,1,4,,False,vehicle,,,,1,planned:725:start1:vehicle+blank,D4:terminal,B08,False,,,
planned:725:start1,725,SK-UT-1,1,4,,False,vehicle,,,,2,planned:725:start1:vehicle+blank,D4:terminal,B09,False,,,
planned:725:start1,725,SK-UT-1,1,4,,False,vehicle,,,,3,planned:725:start1:vehicle+blank,D4:terminal,E10,False,,,
planned:725:start1,725,SK-UT-1,1,4,,False,blank,,,,1,planned:725:start1:vehicle+blank,D4:terminal,G10,False,,,
planned:725:start1,725,SK-UT-1,1,4,,False,blank,,,,2,planned:725:start1:vehicle+blank,D4:terminal,C07,False,,,
planned:2255:start2,2255,MPP-89,2,4,,False,drug,1032.0,Afatinib,2.0,1,planned:2255:start2:vehicle+blank,D4:terminal,B12,False,,,
planned:2255:start2,2255,MPP-89,2,4,,False,drug,1032.0,Afatinib,2.0,2,planned:2255:start2:vehicle+blank,D4:terminal,E01,False,,,
planned:2255:start2,2255,MPP-89,2,4,,False,drug,1032.0,Afatinib,2.0,3,planned:2255:start2:vehicle+blank,D4:terminal,C05,False,,,
planned:2255:start2,2255,MPP-89,2,4,,False,drug,1036.0,PLX-4720,10.0,1,planned:2255:start2:vehicle+blank,D4:terminal,H11,False,,,
planned:2255:start2,2255,MPP-89,2,4,,False,drug,1036.0,PLX-4720,10.0,2,planned:2255:start2:vehicle+blank,D4:terminal,G03,False,,,
planned:2255:start2,2255,MPP-89,2,4,,False,drug,1036.0,PLX-4720,10.0,3,planned:2255:start2:vehicle+blank,D4:terminal,G05,False,,,
planned:2255:start2,2255,MPP-89,2,4,,False,drug,1060.0,PD0325901,0.25,1,planned:2255:start2:vehicle+blank,D4:terminal,H05,False,,,
planned:2255:start2,2255,MPP-89,2,4,,False,drug,1060.0,PD0325901,0.25,2,planned:2255:start2:vehicle+blank,D4:terminal,F12,False,,,
planned:2255:start2,2255,MPP-89,2,4,,False,drug,1060.0,PD0325901,0.25,3,planned:2255:start2:vehicle+blank,D4:terminal,B05,False,,,
planned:2255:start2,2255,MPP-89,2,4,,False,vehicle,,,,1,planned:2255:start2:vehicle+blank,D4:terminal,E07,False,,,
planned:2255:start2,2255,MPP-89,2,4,,False,vehicle,,,,2,planned:2255:start2:vehicle+blank,D4:terminal,H04,False,,,
planned:2255:start2,2255,MPP-89,2,4,,False,vehicle,,,,3,planned:2255:start2:vehicle+blank,D4:terminal,A10,False,,,
planned:2255:start2,2255,MPP-89,2,4,,False,blank,,,,1,planned:2255:start2:vehicle+blank,D4:terminal,A06,False,,,
planned:2255:start2,2255,MPP-89,2,4,,False,blank,,,,2,planned:2255:start2:vehicle+blank,D4:terminal,C01,False,,,
planned:233:start1,233,SK-LU-1,2,4,,False,drug,1032.0,Afatinib,2.0,1,planned:233:start1:vehicle+blank,D4:terminal,C02,False,,,
planned:233:start1,233,SK-LU-1,2,4,,False,drug,1032.0,Afatinib,2.0,2,planned:233:start1:vehicle+blank,D4:terminal,D09,False,,,
planned:233:start1,233,SK-LU-1,2,4,,False,drug,1032.0,Afatinib,2.0,3,planned:233:start1:vehicle+blank,D4:terminal,D11,False,,,
planned:233:start1,233,SK-LU-1,2,4,,False,drug,1036.0,PLX-4720,10.0,1,planned:233:start1:vehicle+blank,D4:terminal,F06,False,,,
planned:233:start1,233,SK-LU-1,2,4,,False,drug,1036.0,PLX-4720,10.0,2,planned:233:start1:vehicle+blank,D4:terminal,A07,False,,,
planned:233:start1,233,SK-LU-1,2,4,,False,drug,1036.0,PLX-4720,10.0,3,planned:233:start1:vehicle+blank,D4:terminal,C11,False,,,
planned:233:start1,233,SK-LU-1,2,4,,False,drug,1060.0,PD0325901,0.25,1,planned:233:start1:vehicle+blank,D4:terminal,H02,False,,,
planned:233:start1,233,SK-LU-1,2,4,,False,drug,1060.0,PD0325901,0.25,2,planned:233:start1:vehicle+blank,D4:terminal,A09,False,,,
planned:233:start1,233,SK-LU-1,2,4,,False,drug,1060.0,PD0325901,0.25,3,planned:233:start1:vehicle+blank,D4:terminal,F10,False,,,
planned:233:start1,233,SK-LU-1,2,4,,False,vehicle,,,,1,planned:233:start1:vehicle+blank,D4:terminal,H03,False,,,
planned:233:start1,233,SK-LU-1,2,4,,False,vehicle,,,,2,planned:233:start1:vehicle+blank,D4:terminal,B07,False,,,
planned:233:start1,233,SK-LU-1,2,4,,False,vehicle,,,,3,planned:233:start1:vehicle+blank,D4:terminal,G01,False,,,
planned:233:start1,233,SK-LU-1,2,4,,False,blank,,,,1,planned:233:start1:vehicle+blank,D4:terminal,G12,False,,,
planned:233:start1,233,SK-LU-1,2,4,,False,blank,,,,2,planned:233:start1:vehicle+blank,D4:terminal,E11,False,,,
planned:601:start2,601,WSU-NHL,0,4,,False,destructive_sister_timezero_ATP,,,,1,,D4:baseline,H05,False,,,
planned:601:start2,601,WSU-NHL,0,4,,False,destructive_sister_timezero_ATP,,,,2,,D4:baseline,A02,False,,,
planned:2037:start1,2037,SW1271,0,4,,False,destructive_sister_timezero_ATP,,,,1,,D4:baseline,A03,False,,,
planned:2037:start1,2037,SW1271,0,4,,False,destructive_sister_timezero_ATP,,,,2,,D4:baseline,G02,False,,,
planned:1641:start2,1641,SK-LMS-1,1,4,,False,destructive_sister_timezero_ATP,,,,1,,D4:baseline,E12,False,,,
planned:1641:start2,1641,SK-LMS-1,1,4,,False,destructive_sister_timezero_ATP,,,,2,,D4:baseline,A12,False,,,
planned:725:start1,725,SK-UT-1,1,4,,False,destructive_sister_timezero_ATP,,,,1,,D4:baseline,B08,False,,,
planned:725:start1,725,SK-UT-1,1,4,,False,destructive_sister_timezero_ATP,,,,2,,D4:baseline,B05,False,,,
planned:2255:start2,2255,MPP-89,2,4,,False,destructive_sister_timezero_ATP,,,,1,,D4:baseline,D09,False,,,
planned:2255:start2,2255,MPP-89,2,4,,False,destructive_sister_timezero_ATP,,,,2,,D4:baseline,B02,False,,,
planned:233:start1,233,SK-LU-1,2,4,,False,destructive_sister_timezero_ATP,,,,1,,D4:baseline,G07,False,,,
planned:233:start1,233,SK-LU-1,2,4,,False,destructive_sister_timezero_ATP,,,,2,,D4:baseline,H11,False,,,
