BARCODE,reason,omitted_ambiguous_or_invalid_rows,single_wells
14482,PASS,0.0,306.0
14483,PASS,0.0,306.0
14484,PASS,0.0,306.0
14485,PASS,0.0,306.0
14486,PASS,0.0,306.0
14488,PASS,0.0,306.0
14489,PASS,0.0,306.0
14490,PASS,0.0,306.0
14491,PASS,0.0,306.0
14492,PASS,0.0,306.0
14494,PASS,0.0,306.0
14495,PASS,0.0,306.0
14496,PASS,0.0,306.0
14497,PASS,0.0,306.0
14498,PASS,0.0,306.0
14500,PASS,0.0,306.0
14501,PASS,0.0,306.0
14503,PASS,0.0,306.0
14504,PASS,0.0,306.0
14506,PASS,0.0,306.0
14507,PASS,0.0,306.0
14508,PASS,0.0,306.0
14509,PASS,0.0,306.0
14510,PASS,0.0,306.0
14512,TARGET_EXCLUDED,,
14513,TARGET_EXCLUDED,,
14514,TARGET_EXCLUDED,,
14515,TARGET_EXCLUDED,,
14516,TARGET_EXCLUDED,,
14518,PASS,0.0,306.0
14519,PASS,0.0,306.0
14520,PASS,0.0,306.0
14521,PASS,0.0,306.0
14522,PASS,0.0,306.0
14524,TARGET_EXCLUDED,,
14525,TARGET_EXCLUDED,,
14526,TARGET_EXCLUDED,,
14527,TARGET_EXCLUDED,,
14528,TARGET_EXCLUDED,,
14530,PASS,0.0,306.0
14531,PASS,0.0,306.0
14533,PASS,0.0,306.0
14534,PASS,0.0,306.0
14536,TARGET_EXCLUDED,,
14537,TARGET_EXCLUDED,,
14538,TARGET_EXCLUDED,,
14539,TARGET_EXCLUDED,,
14576,PASS,0.0,306.0
14577,PASS,0.0,306.0
14578,PASS,0.0,306.0
14579,PASS,0.0,306.0
14580,PASS,0.0,306.0
14581,PASS,0.0,306.0
14583,TARGET_EXCLUDED,,
14584,TARGET_EXCLUDED,,
14585,TARGET_EXCLUDED,,
14586,TARGET_EXCLUDED,,
14587,TARGET_EXCLUDED,,
14588,TARGET_EXCLUDED,,
14590,PASS,0.0,306.0
14591,PASS,0.0,306.0
14592,PASS,0.0,306.0
14593,PASS,0.0,306.0
14594,PASS,0.0,306.0
14595,PASS,0.0,306.0
14597,PASS,0.0,306.0
14598,PASS,0.0,306.0
14599,PASS,0.0,306.0
14600,PASS,0.0,306.0
14601,PASS,0.0,306.0
14602,PASS,0.0,306.0
14604,PASS,0.0,306.0
14605,PASS,0.0,306.0
14606,PASS,0.0,306.0
14607,PASS,0.0,306.0
14608,PASS,0.0,306.0
14609,PASS,0.0,306.0
14618,PASS,0.0,306.0
14620,PASS,0.0,306.0
14622,PASS,0.0,306.0
14624,TARGET_EXCLUDED,,
14626,TARGET_EXCLUDED,,
14628,TARGET_EXCLUDED,,
14630,PASS,0.0,306.0
14632,PASS,0.0,306.0
14634,PASS,0.0,306.0
14638,PASS,0.0,306.0
14640,PASS,0.0,306.0
14641,PASS,0.0,306.0
14642,PASS,0.0,306.0
14643,PASS,0.0,306.0
14644,PASS,0.0,306.0
14645,PASS,0.0,306.0
14661,PASS,0.0,306.0
14662,PASS,0.0,306.0
14663,PASS,0.0,306.0
14664,PASS,0.0,306.0
14665,PASS,0.0,306.0
14666,PASS,0.0,306.0
14668,TARGET_EXCLUDED,,
14669,TARGET_EXCLUDED,,
14670,TARGET_EXCLUDED,,
14671,TARGET_EXCLUDED,,
14672,TARGET_EXCLUDED,,
14673,TARGET_EXCLUDED,,
14675,PASS,0.0,306.0
14676,PASS,0.0,306.0
14677,PASS,0.0,306.0
14678,PASS,0.0,306.0
14679,PASS,0.0,306.0
14680,PASS,0.0,306.0
14682,PASS,0.0,306.0
14683,PASS,0.0,306.0
14684,PASS,0.0,306.0
14685,PASS,0.0,306.0
14686,PASS,0.0,306.0
14687,PASS,0.0,306.0
14689,PASS,0.0,306.0
14690,PASS,0.0,306.0
14691,PASS,0.0,306.0
14692,PASS,0.0,306.0
14713,TARGET_EXCLUDED,,
14714,TARGET_EXCLUDED,,
14715,TARGET_EXCLUDED,,
14716,TARGET_EXCLUDED,,
14717,TARGET_EXCLUDED,,
14718,TARGET_EXCLUDED,,
14719,TARGET_EXCLUDED,,
14721,TARGET_EXCLUDED,,
14722,TARGET_EXCLUDED,,
14723,TARGET_EXCLUDED,,
14724,TARGET_EXCLUDED,,
14725,TARGET_EXCLUDED,,
14726,TARGET_EXCLUDED,,
14727,TARGET_EXCLUDED,,
14729,PASS,0.0,306.0
14730,PASS,0.0,306.0
14731,PASS,0.0,278.0
14732,PASS,0.0,306.0
14733,PASS,0.0,306.0
14735,PASS,0.0,306.0
14737,PASS,0.0,306.0
14738,PASS,0.0,306.0
14739,PASS,0.0,278.0
14740,PASS,0.0,306.0
14741,PASS,0.0,306.0
14742,PASS,0.0,306.0
14743,PASS,0.0,306.0
14745,PASS,0.0,306.0
14746,PASS,0.0,306.0
14747,PASS,0.0,278.0
14748,PASS,0.0,306.0
14749,PASS,0.0,306.0
14750,PASS,0.0,306.0
14751,PASS,0.0,306.0
14753,TARGET_EXCLUDED,,
14754,TARGET_EXCLUDED,,
14755,TARGET_EXCLUDED,,
14756,TARGET_EXCLUDED,,
14757,TARGET_EXCLUDED,,
14758,TARGET_EXCLUDED,,
14759,TARGET_EXCLUDED,,
14761,PASS,0.0,306.0
14762,PASS,0.0,306.0
14763,PASS,0.0,278.0
14764,PASS,0.0,306.0
14765,PASS,0.0,306.0
14766,PASS,0.0,306.0
14767,PASS,0.0,306.0
14770,PASS,0.0,306.0
14771,PASS,0.0,278.0
14772,PASS,0.0,306.0
14773,PASS,0.0,306.0
14774,PASS,0.0,306.0
14775,PASS,0.0,306.0
14778,PASS,0.0,306.0
14779,PASS,0.0,278.0
14780,PASS,0.0,306.0
14781,PASS,0.0,306.0
14783,PASS,0.0,306.0
14785,PASS,0.0,306.0
14786,PASS,0.0,306.0
14787,PASS,0.0,278.0
14788,PASS,0.0,306.0
14789,PASS,0.0,306.0
14790,PASS,0.0,306.0
14791,PASS,0.0,306.0
14920,PASS,0.0,306.0
14921,PASS,0.0,306.0
14922,PASS,0.0,278.0
14923,PASS,0.0,306.0
14924,PASS,0.0,306.0
14925,PASS,0.0,306.0
14926,PASS,0.0,306.0
14938,TARGET_EXCLUDED,,
14939,TARGET_EXCLUDED,,
14940,TARGET_EXCLUDED,,
14941,TARGET_EXCLUDED,,
14942,TARGET_EXCLUDED,,
14944,PASS,0.0,306.0
14945,PASS,0.0,306.0
14946,PASS,0.0,278.0
14947,PASS,0.0,306.0
14948,PASS,0.0,306.0
14949,PASS,0.0,306.0
14950,PASS,0.0,306.0
14952,PASS,0.0,306.0
14953,PASS,0.0,306.0
14954,PASS,0.0,278.0
14955,PASS,0.0,306.0
14956,PASS,0.0,306.0
14957,PASS,0.0,306.0
14968,PASS,0.0,306.0
14970,PASS,0.0,306.0
14972,PASS,0.0,306.0
14973,PASS,0.0,306.0
14975,PASS,0.0,306.0
14976,PASS,0.0,306.0
14977,PASS,0.0,306.0
14978,PASS,0.0,306.0
14979,PASS,0.0,306.0
14980,PASS,0.0,306.0
14982,PASS,0.0,306.0
14983,PASS,0.0,306.0
14985,PASS,0.0,306.0
14987,PASS,0.0,306.0
14989,PASS,0.0,306.0
14990,PASS,0.0,306.0
14991,PASS,0.0,306.0
14992,PASS,0.0,306.0
14993,PASS,0.0,306.0
14994,PASS,0.0,306.0
14996,PASS,0.0,306.0
14997,PASS,0.0,306.0
14998,PASS,0.0,306.0
14999,PASS,0.0,306.0
15000,PASS,0.0,306.0
15003,PASS,0.0,306.0
15004,PASS,0.0,306.0
15005,PASS,0.0,306.0
15006,PASS,0.0,306.0
15007,PASS,0.0,306.0
15008,PASS,0.0,306.0
15010,PASS,0.0,306.0
15011,PASS,0.0,306.0
15012,PASS,0.0,306.0
15013,PASS,0.0,306.0
15014,PASS,0.0,306.0
15015,PASS,0.0,306.0
15017,TARGET_EXCLUDED,,
15027,PASS,0.0,306.0
15028,PASS,0.0,306.0
15029,PASS,0.0,278.0
15030,PASS,0.0,306.0
15031,PASS,0.0,306.0
15032,PASS,0.0,306.0
15033,PASS,0.0,306.0
15035,TARGET_EXCLUDED,,
15036,TARGET_EXCLUDED,,
15037,TARGET_EXCLUDED,,
15038,TARGET_EXCLUDED,,
15039,TARGET_EXCLUDED,,
15040,TARGET_EXCLUDED,,
15041,TARGET_EXCLUDED,,
15043,PASS,0.0,306.0
15044,PASS,0.0,306.0
15045,PASS,0.0,278.0
15046,PASS,0.0,306.0
15047,PASS,0.0,306.0
15048,PASS,0.0,306.0
15049,PASS,0.0,306.0
15051,PASS,0.0,306.0
15052,PASS,0.0,306.0
15053,PASS,0.0,278.0
15054,PASS,0.0,306.0
15055,PASS,0.0,306.0
15056,PASS,0.0,306.0
15057,PASS,0.0,306.0
15076,PASS,0.0,306.0
15077,PASS,0.0,278.0
15078,PASS,0.0,306.0
15079,PASS,0.0,306.0
15080,PASS,0.0,306.0
15083,PASS,0.0,306.0
15084,PASS,0.0,306.0
15085,PASS,0.0,278.0
15086,PASS,0.0,306.0
15087,PASS,0.0,306.0
15088,PASS,0.0,306.0
15089,PASS,0.0,306.0
15172,TARGET_EXCLUDED,,
15173,TARGET_EXCLUDED,,
15182,PASS,0.0,278.0
15183,PASS,0.0,306.0
15184,PASS,0.0,306.0
15185,PASS,0.0,306.0
15186,PASS,0.0,306.0
15188,PASS,0.0,278.0
15189,PASS,0.0,306.0
15190,PASS,0.0,306.0
15192,PASS,0.0,278.0
15196,PASS,0.0,306.0
15197,PASS,0.0,278.0
15198,PASS,0.0,306.0
15199,PASS,0.0,306.0
15200,PASS,0.0,306.0
15753,PASS,0.0,306.0
15754,PASS,0.0,306.0
15755,PASS,0.0,306.0
15756,PASS,0.0,306.0
15757,PASS,0.0,306.0
15758,PASS,0.0,306.0
15760,PASS,0.0,306.0
15761,PASS,0.0,306.0
15762,PASS,0.0,306.0
15763,PASS,0.0,306.0
15764,PASS,0.0,306.0
15765,PASS,0.0,306.0
15767,PASS,0.0,306.0
15769,PASS,0.0,306.0
15771,PASS,0.0,306.0
15783,PASS,0.0,306.0
15784,PASS,0.0,306.0
15785,PASS,0.0,306.0
15786,PASS,0.0,306.0
15787,PASS,0.0,306.0
15788,PASS,0.0,306.0
15790,PASS,0.0,306.0
15791,PASS,0.0,306.0
15792,PASS,0.0,306.0
15793,PASS,0.0,306.0
15794,PASS,0.0,306.0
15795,PASS,0.0,306.0
15797,PASS,0.0,306.0
15798,PASS,0.0,306.0
15875,TARGET_EXCLUDED,,
15876,TARGET_EXCLUDED,,
15877,TARGET_EXCLUDED,,
15878,TARGET_EXCLUDED,,
15879,TARGET_EXCLUDED,,
15880,TARGET_EXCLUDED,,
15881,TARGET_EXCLUDED,,
15882,TARGET_EXCLUDED,,
15884,TARGET_EXCLUDED,,
15885,TARGET_EXCLUDED,,
15886,TARGET_EXCLUDED,,
15887,TARGET_EXCLUDED,,
15888,TARGET_EXCLUDED,,
15889,TARGET_EXCLUDED,,
15890,TARGET_EXCLUDED,,
15891,TARGET_EXCLUDED,,
15893,TARGET_EXCLUDED,,
15894,TARGET_EXCLUDED,,
15895,TARGET_EXCLUDED,,
15896,TARGET_EXCLUDED,,
15897,TARGET_EXCLUDED,,
15898,TARGET_EXCLUDED,,
15899,TARGET_EXCLUDED,,
15900,TARGET_EXCLUDED,,
15902,TARGET_EXCLUDED,,
15903,TARGET_EXCLUDED,,
15904,TARGET_EXCLUDED,,
15905,TARGET_EXCLUDED,,
15906,TARGET_EXCLUDED,,
15907,TARGET_EXCLUDED,,
15908,TARGET_EXCLUDED,,
15909,TARGET_EXCLUDED,,
15911,TARGET_EXCLUDED,,
15912,TARGET_EXCLUDED,,
15913,TARGET_EXCLUDED,,
15915,TARGET_EXCLUDED,,
15916,TARGET_EXCLUDED,,
15917,TARGET_EXCLUDED,,
15919,TARGET_EXCLUDED,,
15939,PASS,0.0,306.0
15940,PASS,0.0,306.0
15945,PASS,0.0,306.0
15946,PASS,0.0,306.0
15947,PASS,0.0,306.0
15948,PASS,0.0,306.0
15949,PASS,0.0,306.0
15950,PASS,0.0,306.0
15960,PASS,0.0,306.0
15963,PASS,0.0,306.0
15964,PASS,0.0,278.0
15965,PASS,0.0,306.0
15966,PASS,0.0,306.0
15967,PASS,0.0,306.0
15968,PASS,0.0,306.0
15970,PASS,0.0,306.0
15971,PASS,0.0,306.0
15972,PASS,0.0,278.0
15973,PASS,0.0,306.0
15974,PASS,0.0,306.0
15975,PASS,0.0,306.0
15976,PASS,0.0,306.0
16008,TARGET_EXCLUDED,,
16009,TARGET_EXCLUDED,,
16010,TARGET_EXCLUDED,,
16011,TARGET_EXCLUDED,,
16012,TARGET_EXCLUDED,,
16013,TARGET_EXCLUDED,,
16014,TARGET_EXCLUDED,,
16015,TARGET_EXCLUDED,,
16016,TARGET_EXCLUDED,,
16018,TARGET_EXCLUDED,,
16019,TARGET_EXCLUDED,,
16020,TARGET_EXCLUDED,,
16021,TARGET_EXCLUDED,,
16022,TARGET_EXCLUDED,,
16023,TARGET_EXCLUDED,,
16024,TARGET_EXCLUDED,,
16025,TARGET_EXCLUDED,,
16026,TARGET_EXCLUDED,,
16028,TARGET_EXCLUDED,,
16029,TARGET_EXCLUDED,,
16030,TARGET_EXCLUDED,,
16031,TARGET_EXCLUDED,,
16032,TARGET_EXCLUDED,,
16033,TARGET_EXCLUDED,,
16034,TARGET_EXCLUDED,,
16035,TARGET_EXCLUDED,,
16036,TARGET_EXCLUDED,,
16038,TARGET_EXCLUDED,,
16039,TARGET_EXCLUDED,,
16040,TARGET_EXCLUDED,,
16041,TARGET_EXCLUDED,,
16042,TARGET_EXCLUDED,,
16043,TARGET_EXCLUDED,,
16044,TARGET_EXCLUDED,,
16045,TARGET_EXCLUDED,,
16046,TARGET_EXCLUDED,,
16049,TARGET_EXCLUDED,,
16050,TARGET_EXCLUDED,,
16052,TARGET_EXCLUDED,,
16055,TARGET_EXCLUDED,,
16056,TARGET_EXCLUDED,,
16331,PASS,0.0,306.0
16332,PASS,0.0,306.0
16334,PASS,0.0,306.0
16335,PASS,0.0,306.0
16336,PASS,0.0,306.0
16337,PASS,0.0,306.0
16338,PASS,0.0,306.0
16339,PASS,0.0,306.0
16341,PASS,0.0,306.0
16342,PASS,0.0,306.0
16343,PASS,0.0,306.0
16344,PASS,0.0,306.0
16345,PASS,0.0,306.0
16346,PASS,0.0,306.0
16348,PASS,0.0,306.0
16349,PASS,0.0,306.0
16350,PASS,0.0,306.0
16351,PASS,0.0,306.0
16352,PASS,0.0,306.0
16353,PASS,0.0,306.0
16355,PASS,0.0,306.0
16356,PASS,0.0,306.0
16357,PASS,0.0,306.0
16358,PASS,0.0,306.0
16359,PASS,0.0,306.0
16360,PASS,0.0,306.0
16362,PASS,0.0,306.0
16363,PASS,0.0,306.0
16364,PASS,0.0,306.0
16365,PASS,0.0,306.0
16366,PASS,0.0,306.0
16367,PASS,0.0,306.0
16369,PASS,0.0,306.0
16370,PASS,0.0,306.0
16371,PASS,0.0,306.0
16372,PASS,0.0,306.0
16373,PASS,0.0,306.0
16374,PASS,0.0,306.0
16401,PASS,0.0,306.0
16403,PASS,0.0,306.0
16404,PASS,0.0,306.0
16406,PASS,0.0,306.0
16407,PASS,0.0,306.0
16408,PASS,0.0,306.0
16409,PASS,0.0,306.0
16419,PASS,0.0,306.0
16420,PASS,0.0,306.0
16421,PASS,0.0,278.0
16422,PASS,0.0,306.0
16423,PASS,0.0,306.0
16424,PASS,0.0,306.0
16425,PASS,0.0,306.0
16427,PASS,0.0,306.0
16428,PASS,0.0,306.0
16429,PASS,0.0,278.0
16430,PASS,0.0,306.0
16431,PASS,0.0,306.0
16432,PASS,0.0,306.0
16433,PASS,0.0,306.0
16435,PASS,0.0,306.0
16436,PASS,0.0,306.0
16437,PASS,0.0,278.0
16438,PASS,0.0,306.0
16439,PASS,0.0,306.0
16440,PASS,0.0,306.0
16441,PASS,0.0,306.0
16443,PASS,0.0,306.0
16444,PASS,0.0,306.0
16445,PASS,0.0,278.0
16446,PASS,0.0,306.0
16447,PASS,0.0,306.0
16448,PASS,0.0,306.0
16449,PASS,0.0,306.0
16616,PASS,0.0,306.0
16617,PASS,0.0,306.0
16618,PASS,0.0,306.0
16619,PASS,0.0,306.0
16620,PASS,0.0,306.0
16621,PASS,0.0,306.0
16630,PASS,0.0,306.0
16633,PASS,0.0,306.0
16634,PASS,0.0,306.0
16635,PASS,0.0,306.0
16644,PASS,0.0,306.0
16645,PASS,0.0,306.0
16646,PASS,0.0,306.0
16647,PASS,0.0,306.0
16648,PASS,0.0,306.0
16649,PASS,0.0,306.0
16651,PASS,0.0,306.0
16652,PASS,0.0,306.0
16653,PASS,0.0,306.0
16654,PASS,0.0,306.0
16655,PASS,0.0,306.0
16656,PASS,0.0,306.0
16658,PASS,0.0,306.0
16659,PASS,0.0,306.0
16660,PASS,0.0,306.0
16661,PASS,0.0,306.0
16662,PASS,0.0,306.0
16663,PASS,0.0,306.0
16897,PASS,0.0,306.0
16907,PASS,0.0,306.0
16908,PASS,0.0,306.0
16909,PASS,0.0,278.0
16910,PASS,0.0,306.0
16911,PASS,0.0,306.0
16912,PASS,0.0,306.0
16913,PASS,0.0,306.0
16915,PASS,0.0,306.0
16916,PASS,0.0,306.0
16917,PASS,0.0,278.0
16918,PASS,0.0,306.0
16919,PASS,0.0,306.0
16920,PASS,0.0,306.0
16921,PASS,0.0,306.0
16939,PASS,0.0,306.0
16940,PASS,0.0,306.0
16941,PASS,0.0,278.0
16942,PASS,0.0,306.0
16943,PASS,0.0,306.0
16944,PASS,0.0,306.0
16945,PASS,0.0,306.0
16947,PASS,0.0,306.0
16948,PASS,0.0,306.0
16949,PASS,0.0,306.0
16950,PASS,0.0,306.0
16951,PASS,0.0,306.0
16952,PASS,0.0,306.0
16953,PASS,0.0,306.0
16955,PASS,0.0,306.0
16956,PASS,0.0,306.0
16957,PASS,0.0,278.0
16958,PASS,0.0,306.0
16959,PASS,0.0,306.0
16960,PASS,0.0,306.0
16961,PASS,0.0,306.0
17223,TARGET_EXCLUDED,,
17224,TARGET_EXCLUDED,,
17225,TARGET_EXCLUDED,,
17226,TARGET_EXCLUDED,,
17227,TARGET_EXCLUDED,,
17228,TARGET_EXCLUDED,,
17229,TARGET_EXCLUDED,,
17230,TARGET_EXCLUDED,,
17232,TARGET_EXCLUDED,,
17233,TARGET_EXCLUDED,,
17234,TARGET_EXCLUDED,,
17235,TARGET_EXCLUDED,,
17236,TARGET_EXCLUDED,,
17237,TARGET_EXCLUDED,,
17238,TARGET_EXCLUDED,,
17239,TARGET_EXCLUDED,,
17241,TARGET_EXCLUDED,,
17242,TARGET_EXCLUDED,,
17243,TARGET_EXCLUDED,,
17244,TARGET_EXCLUDED,,
17245,TARGET_EXCLUDED,,
17246,TARGET_EXCLUDED,,
17247,TARGET_EXCLUDED,,
17248,TARGET_EXCLUDED,,
17250,TARGET_EXCLUDED,,
17251,TARGET_EXCLUDED,,
17252,TARGET_EXCLUDED,,
17253,TARGET_EXCLUDED,,
17254,TARGET_EXCLUDED,,
17255,TARGET_EXCLUDED,,
17256,TARGET_EXCLUDED,,
17257,TARGET_EXCLUDED,,
17259,TARGET_EXCLUDED,,
17260,TARGET_EXCLUDED,,
17261,TARGET_EXCLUDED,,
17262,TARGET_EXCLUDED,,
17263,TARGET_EXCLUDED,,
17264,TARGET_EXCLUDED,,
17265,TARGET_EXCLUDED,,
17266,TARGET_EXCLUDED,,
17268,PASS,0.0,306.0
17269,PASS,0.0,306.0
17270,PASS,0.0,306.0
17271,PASS,0.0,306.0
17272,PASS,0.0,306.0
17273,PASS,0.0,306.0
17275,PASS,0.0,306.0
17276,PASS,0.0,306.0
17277,PASS,0.0,278.0
17278,PASS,0.0,306.0
17279,PASS,0.0,306.0
17280,PASS,0.0,306.0
17281,PASS,0.0,306.0
17360,TARGET_EXCLUDED,,
17361,TARGET_EXCLUDED,,
17362,TARGET_EXCLUDED,,
17363,TARGET_EXCLUDED,,
17364,TARGET_EXCLUDED,,
17365,TARGET_EXCLUDED,,
17366,TARGET_EXCLUDED,,
17367,TARGET_EXCLUDED,,
17368,TARGET_EXCLUDED,,
17370,TARGET_EXCLUDED,,
17371,TARGET_EXCLUDED,,
17372,TARGET_EXCLUDED,,
17373,TARGET_EXCLUDED,,
17374,TARGET_EXCLUDED,,
17375,TARGET_EXCLUDED,,
17376,TARGET_EXCLUDED,,
17377,TARGET_EXCLUDED,,
17378,TARGET_EXCLUDED,,
17380,TARGET_EXCLUDED,,
17381,TARGET_EXCLUDED,,
17382,TARGET_EXCLUDED,,
17383,TARGET_EXCLUDED,,
17384,TARGET_EXCLUDED,,
17385,TARGET_EXCLUDED,,
17386,TARGET_EXCLUDED,,
17387,TARGET_EXCLUDED,,
17388,TARGET_EXCLUDED,,
17390,TARGET_EXCLUDED,,
17392,TARGET_EXCLUDED,,
17393,TARGET_EXCLUDED,,
17394,TARGET_EXCLUDED,,
17395,TARGET_EXCLUDED,,
17396,TARGET_EXCLUDED,,
17397,TARGET_EXCLUDED,,
17398,TARGET_EXCLUDED,,
17400,TARGET_EXCLUDED,,
17401,TARGET_EXCLUDED,,
17402,TARGET_EXCLUDED,,
17403,TARGET_EXCLUDED,,
17404,TARGET_EXCLUDED,,
17405,TARGET_EXCLUDED,,
17406,TARGET_EXCLUDED,,
17407,TARGET_EXCLUDED,,
17408,TARGET_EXCLUDED,,
17410,PASS,0.0,306.0
17411,PASS,0.0,306.0
17412,PASS,0.0,278.0
17413,PASS,0.0,306.0
17414,PASS,0.0,306.0
17415,PASS,0.0,306.0
17416,PASS,0.0,306.0
17486,PASS,0.0,306.0
17487,PASS,0.0,306.0
17488,PASS,0.0,306.0
17489,PASS,0.0,306.0
17490,PASS,0.0,306.0
17491,PASS,0.0,306.0
17493,PASS,0.0,306.0
17494,PASS,0.0,306.0
17495,PASS,0.0,306.0
17496,PASS,0.0,306.0
17497,PASS,0.0,306.0
17498,PASS,0.0,306.0
17500,PASS,0.0,306.0
17501,PASS,0.0,306.0
17502,PASS,0.0,306.0
17503,PASS,0.0,306.0
17504,PASS,0.0,306.0
17505,PASS,0.0,306.0
17507,PASS,0.0,306.0
17508,PASS,0.0,306.0
17509,PASS,0.0,306.0
17510,PASS,0.0,306.0
17511,PASS,0.0,306.0
17512,PASS,0.0,306.0
17514,PASS,0.0,306.0
17515,PASS,0.0,306.0
17516,PASS,0.0,278.0
17517,PASS,0.0,306.0
17518,PASS,0.0,306.0
17519,PASS,0.0,306.0
17520,PASS,0.0,306.0
17522,PASS,0.0,306.0
17523,PASS,0.0,306.0
17524,PASS,0.0,278.0
17525,PASS,0.0,306.0
17526,PASS,0.0,306.0
17527,PASS,0.0,306.0
17528,PASS,0.0,306.0
17530,PASS,0.0,306.0
17704,PASS,0.0,306.0
17705,PASS,0.0,306.0
17706,PASS,0.0,278.0
17707,PASS,0.0,306.0
17708,PASS,0.0,306.0
17709,PASS,0.0,306.0
17710,PASS,0.0,306.0
17712,PASS,0.0,306.0
17713,PASS,0.0,306.0
17714,PASS,0.0,278.0
17715,PASS,0.0,306.0
17716,PASS,0.0,306.0
17717,PASS,0.0,306.0
17718,PASS,0.0,306.0
17720,PASS,0.0,306.0
17721,PASS,0.0,306.0
17722,PASS,0.0,278.0
17723,PASS,0.0,306.0
17725,PASS,0.0,306.0
17726,PASS,0.0,306.0
17728,PASS,0.0,306.0
17729,PASS,0.0,306.0
17730,PASS,0.0,278.0
17731,PASS,0.0,306.0
17732,PASS,0.0,306.0
17733,PASS,0.0,306.0
17734,PASS,0.0,306.0
17736,PASS,0.0,306.0
17737,PASS,0.0,306.0
17738,PASS,0.0,278.0
17739,PASS,0.0,306.0
17740,PASS,0.0,306.0
17742,PASS,0.0,306.0
17744,PASS,0.0,306.0
17745,PASS,0.0,306.0
17746,PASS,0.0,278.0
17747,PASS,0.0,306.0
17748,PASS,0.0,306.0
17749,PASS,0.0,306.0
17750,PASS,0.0,306.0
17865,PASS,0.0,306.0
17866,PASS,0.0,306.0
17867,PASS,0.0,278.0
17868,PASS,0.0,306.0
17869,PASS,0.0,306.0
17870,PASS,0.0,306.0
17871,PASS,0.0,306.0
17986,PASS,0.0,306.0
18028,PASS,0.0,306.0
18029,PASS,0.0,306.0
18037,TARGET_EXCLUDED,,
18038,TARGET_EXCLUDED,,
18039,TARGET_EXCLUDED,,
18040,TARGET_EXCLUDED,,
18041,TARGET_EXCLUDED,,
18042,TARGET_EXCLUDED,,
18043,TARGET_EXCLUDED,,
18044,TARGET_EXCLUDED,,
18046,TARGET_EXCLUDED,,
18047,TARGET_EXCLUDED,,
18048,TARGET_EXCLUDED,,
18049,TARGET_EXCLUDED,,
18050,TARGET_EXCLUDED,,
18051,TARGET_EXCLUDED,,
18052,TARGET_EXCLUDED,,
18053,TARGET_EXCLUDED,,
18055,TARGET_EXCLUDED,,
18056,TARGET_EXCLUDED,,
18057,TARGET_EXCLUDED,,
18058,TARGET_EXCLUDED,,
18059,TARGET_EXCLUDED,,
18060,TARGET_EXCLUDED,,
18061,TARGET_EXCLUDED,,
18062,TARGET_EXCLUDED,,
18064,TARGET_EXCLUDED,,
18065,TARGET_EXCLUDED,,
18066,TARGET_EXCLUDED,,
18067,TARGET_EXCLUDED,,
18068,TARGET_EXCLUDED,,
18069,TARGET_EXCLUDED,,
18070,TARGET_EXCLUDED,,
18071,TARGET_EXCLUDED,,
18073,TARGET_EXCLUDED,,
18074,TARGET_EXCLUDED,,
18075,TARGET_EXCLUDED,,
18076,TARGET_EXCLUDED,,
18077,TARGET_EXCLUDED,,
18078,TARGET_EXCLUDED,,
18079,TARGET_EXCLUDED,,
18080,TARGET_EXCLUDED,,
18113,PASS,0.0,306.0
18114,PASS,0.0,306.0
18115,PASS,0.0,306.0
18116,PASS,0.0,306.0
18117,PASS,0.0,306.0
18118,PASS,0.0,306.0
18127,TARGET_EXCLUDED,,
18128,TARGET_EXCLUDED,,
18129,TARGET_EXCLUDED,,
18130,TARGET_EXCLUDED,,
18131,TARGET_EXCLUDED,,
18132,TARGET_EXCLUDED,,
18133,TARGET_EXCLUDED,,
18134,TARGET_EXCLUDED,,
18135,TARGET_EXCLUDED,,
18137,TARGET_EXCLUDED,,
18138,TARGET_EXCLUDED,,
18139,TARGET_EXCLUDED,,
18140,TARGET_EXCLUDED,,
18141,TARGET_EXCLUDED,,
18142,TARGET_EXCLUDED,,
18143,TARGET_EXCLUDED,,
18144,TARGET_EXCLUDED,,
18145,TARGET_EXCLUDED,,
18147,TARGET_EXCLUDED,,
18148,TARGET_EXCLUDED,,
18149,TARGET_EXCLUDED,,
18150,TARGET_EXCLUDED,,
18151,TARGET_EXCLUDED,,
18152,TARGET_EXCLUDED,,
18153,TARGET_EXCLUDED,,
18154,TARGET_EXCLUDED,,
18155,TARGET_EXCLUDED,,
18157,TARGET_EXCLUDED,,
18158,TARGET_EXCLUDED,,
18159,TARGET_EXCLUDED,,
18160,TARGET_EXCLUDED,,
18161,TARGET_EXCLUDED,,
18162,TARGET_EXCLUDED,,
18163,TARGET_EXCLUDED,,
18164,TARGET_EXCLUDED,,
18165,TARGET_EXCLUDED,,
18167,TARGET_EXCLUDED,,
18168,TARGET_EXCLUDED,,
18169,TARGET_EXCLUDED,,
18170,TARGET_EXCLUDED,,
18171,TARGET_EXCLUDED,,
18172,TARGET_EXCLUDED,,
18173,TARGET_EXCLUDED,,
18174,TARGET_EXCLUDED,,
18175,TARGET_EXCLUDED,,
18177,PASS,0.0,306.0
18178,PASS,0.0,306.0
18179,PASS,0.0,278.0
18180,PASS,0.0,306.0
18181,PASS,0.0,306.0
18182,PASS,0.0,306.0
18183,PASS,0.0,306.0
18185,PASS,0.0,306.0
18186,PASS,0.0,306.0
18187,PASS,0.0,278.0
18189,PASS,0.0,306.0
18190,PASS,0.0,306.0
18191,PASS,0.0,306.0
18194,PASS,0.0,306.0
18195,PASS,0.0,278.0
18196,PASS,0.0,306.0
18197,PASS,0.0,306.0
18198,PASS,0.0,306.0
18199,PASS,0.0,306.0
18290,PASS,0.0,306.0
18291,PASS,0.0,306.0
18292,PASS,0.0,306.0
18293,PASS,0.0,306.0
18294,PASS,0.0,306.0
18366,PASS,20.0,306.0
18367,PASS,20.0,306.0
18368,PASS,20.0,306.0
18369,PASS,20.0,306.0
18370,PASS,20.0,306.0
18371,PASS,20.0,306.0
18373,TARGET_EXCLUDED,,
18374,TARGET_EXCLUDED,,
18376,TARGET_EXCLUDED,,
18377,TARGET_EXCLUDED,,
18378,TARGET_EXCLUDED,,
18380,PASS,20.0,306.0
18381,PASS,20.0,306.0
18383,PASS,20.0,306.0
18384,PASS,20.0,306.0
18385,PASS,20.0,306.0
18388,PASS,20.0,306.0
18390,PASS,20.0,306.0
18391,PASS,20.0,306.0
18392,PASS,20.0,306.0
18394,PASS,20.0,306.0
18395,PASS,20.0,306.0
18397,PASS,20.0,306.0
18408,PASS,20.0,306.0
18409,PASS,20.0,306.0
18411,PASS,20.0,306.0
18412,PASS,20.0,306.0
18413,PASS,20.0,306.0
18415,PASS,20.0,306.0
18416,PASS,20.0,306.0
18417,PASS,20.0,306.0
18418,PASS,20.0,306.0
18419,PASS,20.0,306.0
18420,PASS,20.0,306.0
18422,PASS,20.0,306.0
18423,PASS,20.0,306.0
18425,PASS,20.0,306.0
18426,PASS,20.0,306.0
18427,PASS,20.0,306.0
18429,PASS,20.0,306.0
18430,PASS,20.0,306.0
18432,PASS,20.0,306.0
18433,PASS,20.0,306.0
18434,PASS,20.0,306.0
18544,PASS,20.0,306.0
18545,PASS,20.0,306.0
18547,PASS,20.0,306.0
18548,PASS,20.0,306.0
18549,PASS,20.0,306.0
18878,PASS,0.0,306.0
18955,PASS,20.0,306.0
18956,PASS,20.0,306.0
18958,PASS,76.0,278.0
18963,PASS,20.0,306.0
18964,PASS,20.0,306.0
18965,PASS,20.0,306.0
18966,PASS,76.0,278.0
18971,PASS,20.0,306.0
18972,PASS,20.0,306.0
18973,PASS,20.0,306.0
18974,PASS,76.0,278.0
18979,PASS,20.0,306.0
18980,PASS,20.0,306.0
18981,PASS,20.0,306.0
18982,PASS,76.0,278.0
18987,PASS,20.0,306.0
18988,PASS,20.0,306.0
18989,PASS,20.0,306.0
18990,PASS,76.0,278.0
18995,PASS,20.0,306.0
18996,PASS,20.0,306.0
18997,PASS,20.0,306.0
18998,PASS,76.0,278.0
19003,PASS,20.0,306.0
19004,PASS,20.0,306.0
19006,PASS,76.0,278.0
19011,PASS,20.0,306.0
19012,PASS,20.0,306.0
19014,PASS,76.0,278.0
19097,PASS,20.0,306.0
19098,PASS,20.0,306.0
19099,PASS,20.0,306.0
19100,PASS,20.0,306.0
19101,PASS,20.0,306.0
19102,PASS,20.0,306.0
19103,PASS,76.0,278.0
19191,PASS,20.0,306.0
19192,PASS,20.0,306.0
19194,PASS,20.0,306.0
19195,PASS,20.0,306.0
19196,PASS,20.0,306.0
19198,PASS,20.0,306.0
19199,PASS,20.0,306.0
19201,PASS,20.0,306.0
19202,PASS,20.0,306.0
19203,PASS,20.0,306.0
19205,PASS,20.0,306.0
19206,PASS,20.0,306.0
19208,PASS,20.0,306.0
19209,PASS,20.0,306.0
19210,PASS,20.0,306.0
19220,PASS,20.0,306.0
19221,PASS,20.0,306.0
19223,PASS,20.0,306.0
19224,PASS,20.0,306.0
19225,PASS,20.0,306.0
19248,PASS,20.0,306.0
19249,PASS,20.0,306.0
19251,PASS,20.0,306.0
19252,PASS,20.0,306.0
19253,PASS,20.0,306.0
19255,PASS,20.0,306.0
19256,PASS,20.0,306.0
19258,PASS,20.0,306.0
19259,PASS,20.0,306.0
19260,PASS,20.0,306.0
19261,PASS,20.0,306.0
19262,PASS,20.0,306.0
19264,PASS,20.0,306.0
19265,PASS,20.0,306.0
19266,PASS,20.0,306.0
19374,PASS,20.0,306.0
19375,PASS,20.0,306.0
19377,PASS,20.0,306.0
19378,PASS,20.0,306.0
19379,PASS,20.0,306.0
19388,PASS,20.0,306.0
19389,PASS,20.0,306.0
19391,PASS,20.0,306.0
19392,PASS,20.0,306.0
19393,PASS,20.0,306.0
19395,PASS,20.0,306.0
19396,PASS,20.0,306.0
19398,PASS,20.0,306.0
19399,PASS,20.0,306.0
19400,PASS,20.0,306.0
19402,PASS,20.0,306.0
19403,PASS,20.0,306.0
19405,PASS,20.0,306.0
19406,PASS,20.0,306.0
19407,PASS,20.0,306.0
19409,PASS,20.0,306.0
19410,PASS,20.0,306.0
19412,PASS,20.0,306.0
19413,PASS,20.0,306.0
19414,PASS,20.0,306.0
19423,PASS,20.0,306.0
19424,PASS,20.0,306.0
19427,PASS,20.0,306.0
19428,PASS,20.0,306.0
19430,PASS,20.0,306.0
19431,PASS,20.0,306.0
19433,PASS,20.0,306.0
19434,PASS,20.0,306.0
19435,PASS,20.0,306.0
19437,PASS,20.0,306.0
19438,PASS,20.0,306.0
19440,PASS,20.0,306.0
19441,PASS,20.0,306.0
19442,PASS,20.0,306.0
19444,PASS,20.0,306.0
19445,PASS,20.0,306.0
19447,PASS,20.0,306.0
19448,PASS,20.0,306.0
19449,PASS,20.0,306.0
19496,PASS,20.0,306.0
19497,PASS,20.0,306.0
19498,PASS,20.0,306.0
19499,PASS,20.0,306.0
19500,PASS,20.0,306.0
19501,PASS,20.0,306.0
19502,PASS,76.0,278.0
19504,PASS,20.0,306.0
19505,PASS,20.0,306.0
19506,PASS,20.0,306.0
19507,PASS,20.0,306.0
19508,PASS,20.0,306.0
19509,PASS,20.0,306.0
19510,PASS,76.0,278.0
19512,PASS,20.0,306.0
19513,PASS,20.0,306.0
19515,PASS,20.0,306.0
19520,PASS,20.0,306.0
19521,PASS,20.0,306.0
19522,PASS,20.0,306.0
19523,PASS,20.0,306.0
19524,PASS,20.0,306.0
19525,PASS,20.0,306.0
19526,PASS,76.0,278.0
19528,PASS,20.0,306.0
19529,PASS,20.0,306.0
19531,PASS,20.0,306.0
19532,PASS,20.0,306.0
19533,PASS,20.0,306.0
19534,PASS,76.0,278.0
19536,PASS,20.0,306.0
19537,PASS,20.0,306.0
19538,PASS,20.0,306.0
19539,PASS,20.0,306.0
19540,PASS,20.0,306.0
19541,PASS,20.0,306.0
19542,PASS,76.0,278.0
19550,PASS,20.0,306.0
19551,PASS,20.0,306.0
19552,PASS,20.0,306.0
19553,PASS,20.0,306.0
19554,PASS,20.0,306.0
19555,PASS,20.0,306.0
19556,PASS,76.0,278.0
19568,TARGET_EXCLUDED,,
19569,TARGET_EXCLUDED,,
19570,TARGET_EXCLUDED,,
19571,TARGET_EXCLUDED,,
19572,TARGET_EXCLUDED,,
19573,TARGET_EXCLUDED,,
19574,TARGET_EXCLUDED,,
19575,TARGET_EXCLUDED,,
19577,TARGET_EXCLUDED,,
19578,TARGET_EXCLUDED,,
19579,TARGET_EXCLUDED,,
19580,TARGET_EXCLUDED,,
19581,TARGET_EXCLUDED,,
19582,TARGET_EXCLUDED,,
19583,TARGET_EXCLUDED,,
19584,TARGET_EXCLUDED,,
19586,TARGET_EXCLUDED,,
19587,TARGET_EXCLUDED,,
19588,TARGET_EXCLUDED,,
19589,TARGET_EXCLUDED,,
19590,TARGET_EXCLUDED,,
19591,TARGET_EXCLUDED,,
19592,TARGET_EXCLUDED,,
19593,TARGET_EXCLUDED,,
19595,TARGET_EXCLUDED,,
19596,TARGET_EXCLUDED,,
19597,TARGET_EXCLUDED,,
19598,TARGET_EXCLUDED,,
19599,TARGET_EXCLUDED,,
19600,TARGET_EXCLUDED,,
19601,TARGET_EXCLUDED,,
19602,TARGET_EXCLUDED,,
19619,PASS,20.0,306.0
19620,PASS,20.0,306.0
19621,PASS,20.0,306.0
19622,PASS,20.0,306.0
19623,PASS,20.0,306.0
19624,PASS,20.0,306.0
19627,PASS,20.0,306.0
19628,PASS,20.0,306.0
19629,PASS,20.0,306.0
19630,PASS,20.0,306.0
19631,PASS,20.0,306.0
19632,PASS,20.0,306.0
19634,PASS,20.0,306.0
19635,PASS,20.0,306.0
19636,PASS,20.0,306.0
19637,PASS,20.0,306.0
19638,PASS,20.0,306.0
19639,PASS,20.0,306.0
19641,PASS,20.0,306.0
19642,PASS,20.0,306.0
19643,PASS,20.0,306.0
19644,PASS,20.0,306.0
19645,PASS,20.0,306.0
19646,PASS,20.0,306.0
19660,PASS,20.0,306.0
19661,PASS,20.0,306.0
19662,PASS,20.0,306.0
19664,PASS,20.0,306.0
19666,PASS,20.0,306.0
19667,PASS,20.0,306.0
19668,PASS,20.0,306.0
19669,PASS,20.0,306.0
19670,PASS,20.0,306.0
19671,PASS,20.0,306.0
19672,PASS,76.0,278.0
19674,PASS,20.0,306.0
19675,PASS,20.0,306.0
19676,PASS,20.0,306.0
19677,PASS,20.0,306.0
19678,PASS,20.0,306.0
19680,PASS,20.0,306.0
19681,PASS,20.0,306.0
19682,PASS,20.0,306.0
19683,PASS,20.0,306.0
19684,PASS,20.0,306.0
19685,PASS,20.0,306.0
19686,PASS,20.0,306.0
19687,PASS,76.0,278.0
19698,PASS,20.0,306.0
19699,PASS,20.0,306.0
19700,PASS,20.0,306.0
19701,PASS,20.0,306.0
19702,PASS,20.0,306.0
19704,PASS,20.0,306.0
19705,PASS,20.0,306.0
19706,PASS,20.0,306.0
19707,PASS,20.0,306.0
19708,PASS,20.0,306.0
19709,PASS,20.0,306.0
19710,PASS,76.0,278.0
19721,PASS,20.0,306.0
19722,PASS,20.0,306.0
19723,PASS,20.0,306.0
19724,PASS,20.0,306.0
19725,PASS,20.0,306.0
19726,PASS,20.0,306.0
19727,PASS,76.0,278.0
20028,TARGET_EXCLUDED,,
20029,TARGET_EXCLUDED,,
20030,TARGET_EXCLUDED,,
20031,TARGET_EXCLUDED,,
20034,TARGET_EXCLUDED,,
20035,TARGET_EXCLUDED,,
20036,TARGET_EXCLUDED,,
20038,TARGET_EXCLUDED,,
20039,TARGET_EXCLUDED,,
20040,TARGET_EXCLUDED,,
20041,TARGET_EXCLUDED,,
20042,TARGET_EXCLUDED,,
20043,TARGET_EXCLUDED,,
20044,TARGET_EXCLUDED,,
20045,TARGET_EXCLUDED,,
20046,TARGET_EXCLUDED,,
20058,TARGET_EXCLUDED,,
20059,TARGET_EXCLUDED,,
20060,TARGET_EXCLUDED,,
20061,TARGET_EXCLUDED,,
20062,TARGET_EXCLUDED,,
20063,TARGET_EXCLUDED,,
20065,TARGET_EXCLUDED,,
20066,TARGET_EXCLUDED,,
20068,TARGET_EXCLUDED,,
20069,TARGET_EXCLUDED,,
20070,TARGET_EXCLUDED,,
20071,TARGET_EXCLUDED,,
20072,TARGET_EXCLUDED,,
20073,TARGET_EXCLUDED,,
20074,TARGET_EXCLUDED,,
20075,TARGET_EXCLUDED,,
20076,TARGET_EXCLUDED,,
20125,PASS,0.0,306.0
20126,PASS,0.0,306.0
20132,PASS,0.0,306.0
20134,PASS,0.0,306.0
20289,PASS,20.0,306.0
20290,PASS,20.0,306.0
20291,PASS,20.0,306.0
20292,PASS,20.0,306.0
20293,PASS,20.0,306.0
20294,PASS,20.0,306.0
20295,PASS,76.0,278.0
20297,PASS,20.0,306.0
20298,PASS,20.0,306.0
20299,PASS,20.0,306.0
20300,PASS,20.0,306.0
20301,PASS,20.0,306.0
20303,PASS,76.0,278.0
20313,PASS,20.0,306.0
20314,PASS,20.0,306.0
20315,PASS,20.0,306.0
20316,PASS,20.0,306.0
20318,PASS,20.0,306.0
20325,PASS,20.0,306.0
20568,PASS,0.0,306.0
20569,PASS,0.0,306.0
20570,PASS,0.0,306.0
20572,PASS,0.0,306.0
20573,PASS,0.0,306.0
20574,PASS,0.0,306.0
20575,PASS,0.0,306.0
20576,PASS,0.0,306.0
20577,PASS,0.0,278.0
20578,PASS,0.0,306.0
20579,PASS,0.0,306.0
20580,PASS,0.0,306.0
20603,PASS,20.0,306.0
20604,PASS,20.0,306.0
20605,PASS,20.0,306.0
20606,PASS,20.0,306.0
20607,PASS,20.0,306.0
20608,PASS,20.0,306.0
20609,PASS,76.0,278.0
20610,PASS,20.0,306.0
20622,PASS,20.0,306.0
20623,PASS,20.0,306.0
20624,PASS,20.0,306.0
20625,PASS,20.0,306.0
20626,PASS,20.0,306.0
20627,PASS,20.0,306.0
20628,PASS,20.0,306.0
20633,PASS,20.0,306.0
20634,PASS,20.0,306.0
20635,PASS,20.0,306.0
20636,PASS,20.0,306.0
20637,PASS,20.0,306.0
20638,PASS,20.0,306.0
20639,PASS,76.0,278.0
20641,PASS,20.0,306.0
20642,PASS,20.0,306.0
20646,PASS,20.0,306.0
20647,PASS,76.0,278.0
20649,PASS,20.0,306.0
20650,PASS,20.0,306.0
20651,PASS,20.0,306.0
20652,PASS,20.0,306.0
20653,PASS,20.0,306.0
20654,PASS,20.0,306.0
20656,PASS,76.0,278.0
20658,PASS,20.0,306.0
20660,PASS,20.0,306.0
20661,PASS,20.0,306.0
20662,PASS,20.0,306.0
20667,PASS,20.0,306.0
20668,PASS,20.0,306.0
20669,PASS,20.0,306.0
20670,PASS,20.0,306.0
20671,PASS,20.0,306.0
20672,PASS,20.0,306.0
20673,PASS,20.0,306.0
20707,TARGET_EXCLUDED,,
20708,TARGET_EXCLUDED,,
20709,TARGET_EXCLUDED,,
20710,TARGET_EXCLUDED,,
20711,TARGET_EXCLUDED,,
20712,TARGET_EXCLUDED,,
20713,TARGET_EXCLUDED,,
20714,TARGET_EXCLUDED,,
20716,TARGET_EXCLUDED,,
20717,TARGET_EXCLUDED,,
20718,TARGET_EXCLUDED,,
20719,TARGET_EXCLUDED,,
20721,TARGET_EXCLUDED,,
20722,TARGET_EXCLUDED,,
20723,TARGET_EXCLUDED,,
20734,TARGET_EXCLUDED,,
20735,TARGET_EXCLUDED,,
20736,TARGET_EXCLUDED,,
20737,TARGET_EXCLUDED,,
20738,TARGET_EXCLUDED,,
20739,TARGET_EXCLUDED,,
20740,TARGET_EXCLUDED,,
20741,TARGET_EXCLUDED,,
20743,TARGET_EXCLUDED,,
20744,TARGET_EXCLUDED,,
20746,TARGET_EXCLUDED,,
20747,TARGET_EXCLUDED,,
20748,TARGET_EXCLUDED,,
20749,TARGET_EXCLUDED,,
20750,TARGET_EXCLUDED,,
20800,PASS,20.0,306.0
20802,PASS,20.0,306.0
20804,PASS,20.0,306.0
20923,TARGET_EXCLUDED,,
20924,TARGET_EXCLUDED,,
20925,TARGET_EXCLUDED,,
20926,TARGET_EXCLUDED,,
20927,TARGET_EXCLUDED,,
20928,TARGET_EXCLUDED,,
20929,TARGET_EXCLUDED,,
20930,TARGET_EXCLUDED,,
20931,TARGET_EXCLUDED,,
20933,TARGET_EXCLUDED,,
20934,TARGET_EXCLUDED,,
20935,TARGET_EXCLUDED,,
20936,TARGET_EXCLUDED,,
20937,TARGET_EXCLUDED,,
20938,TARGET_EXCLUDED,,
20939,TARGET_EXCLUDED,,
20940,TARGET_EXCLUDED,,
20941,TARGET_EXCLUDED,,
20953,TARGET_EXCLUDED,,
20954,TARGET_EXCLUDED,,
20955,TARGET_EXCLUDED,,
20956,TARGET_EXCLUDED,,
20957,TARGET_EXCLUDED,,
20958,TARGET_EXCLUDED,,
20959,TARGET_EXCLUDED,,
20960,TARGET_EXCLUDED,,
20961,TARGET_EXCLUDED,,
20963,TARGET_EXCLUDED,,
20964,TARGET_EXCLUDED,,
20965,TARGET_EXCLUDED,,
20966,TARGET_EXCLUDED,,
20967,TARGET_EXCLUDED,,
20968,TARGET_EXCLUDED,,
20969,TARGET_EXCLUDED,,
20970,TARGET_EXCLUDED,,
20971,TARGET_EXCLUDED,,
21001,PASS,20.0,306.0
21003,PASS,20.0,306.0
21004,PASS,20.0,306.0
21005,PASS,20.0,306.0
21006,PASS,76.0,278.0
21009,PASS,76.0,278.0
21208,PASS,20.0,306.0
21209,PASS,20.0,306.0
21210,PASS,20.0,306.0
21212,PASS,20.0,306.0
21216,PASS,20.0,306.0
21218,PASS,20.0,306.0
21219,PASS,20.0,306.0
21220,PASS,20.0,306.0
21221,PASS,20.0,306.0
21222,PASS,20.0,306.0
21225,PASS,20.0,306.0
21228,PASS,20.0,306.0
21230,PASS,20.0,306.0
21232,PASS,20.0,306.0
21235,PASS,20.0,306.0
21236,PASS,20.0,306.0
21237,PASS,20.0,306.0
21239,PASS,20.0,306.0
21240,PASS,20.0,306.0
21241,PASS,20.0,306.0
21242,PASS,20.0,306.0
21243,PASS,20.0,306.0
21244,PASS,76.0,278.0
21248,PASS,20.0,306.0
21251,PASS,76.0,278.0
21266,PASS,20.0,306.0
21268,PASS,20.0,306.0
21269,PASS,20.0,306.0
21270,PASS,20.0,306.0
21271,PASS,20.0,306.0
21272,PASS,76.0,278.0
21291,PASS,20.0,306.0
21293,PASS,20.0,306.0
21295,PASS,20.0,306.0
21297,PASS,20.0,306.0
21298,PASS,76.0,278.0
22192,PASS,20.0,306.0
22194,PASS,20.0,306.0
22195,PASS,20.0,306.0
22196,PASS,20.0,306.0
22197,PASS,20.0,306.0
22201,PASS,20.0,306.0
22203,PASS,20.0,306.0
22204,PASS,20.0,306.0
22205,PASS,20.0,306.0
22208,PASS,20.0,306.0
22209,PASS,20.0,306.0
22210,PASS,20.0,306.0
22212,PASS,20.0,306.0
22213,PASS,20.0,306.0
22214,PASS,20.0,306.0
22215,PASS,20.0,306.0
22216,PASS,20.0,306.0
22217,PASS,20.0,306.0
22219,PASS,20.0,306.0
22221,PASS,20.0,306.0
22222,PASS,20.0,306.0
22223,PASS,20.0,306.0
22224,PASS,20.0,306.0
22225,PASS,20.0,306.0
22226,PASS,76.0,278.0
22240,PASS,20.0,306.0
22241,PASS,20.0,306.0
22242,PASS,20.0,306.0
22243,PASS,20.0,306.0
22245,PASS,20.0,306.0
22248,PASS,20.0,306.0
22249,PASS,20.0,306.0
22250,PASS,20.0,306.0
22251,PASS,20.0,306.0
22252,PASS,20.0,306.0
22254,PASS,20.0,306.0
22255,PASS,20.0,306.0
22256,PASS,20.0,306.0
22532,PASS,0.0,306.0
22533,PASS,0.0,306.0
22534,PASS,0.0,306.0
22535,PASS,0.0,306.0
22536,PASS,0.0,306.0
22537,PASS,0.0,306.0
22538,PASS,0.0,306.0
22539,PASS,0.0,306.0
22540,PASS,0.0,278.0
22541,PASS,0.0,306.0
22542,PASS,0.0,306.0
22543,PASS,0.0,306.0
22544,PASS,0.0,306.0
22546,PASS,0.0,306.0
22549,PASS,0.0,306.0
22550,PASS,0.0,306.0
22551,PASS,0.0,306.0
22553,PASS,0.0,306.0
22554,PASS,0.0,278.0
22555,PASS,0.0,306.0
22571,PASS,20.0,306.0
22572,PASS,20.0,306.0
22573,PASS,20.0,306.0
22574,PASS,20.0,306.0
22575,PASS,20.0,306.0
22576,PASS,20.0,306.0
22577,PASS,76.0,278.0
22621,PASS,20.0,306.0
22622,PASS,20.0,306.0
22623,PASS,20.0,306.0
22624,PASS,76.0,278.0
22626,PASS,20.0,306.0
22628,PASS,76.0,278.0
22630,PASS,20.0,306.0
22632,PASS,20.0,306.0
22634,PASS,20.0,306.0
22635,PASS,20.0,306.0
22637,PASS,20.0,306.0
22638,PASS,20.0,306.0
22639,PASS,20.0,306.0
22640,PASS,20.0,306.0
22641,PASS,20.0,306.0
22642,PASS,20.0,306.0
22643,PASS,20.0,306.0
22644,PASS,76.0,278.0
22646,PASS,20.0,306.0
22647,PASS,20.0,306.0
22648,PASS,20.0,306.0
22649,PASS,20.0,306.0
22650,PASS,20.0,306.0
22651,PASS,20.0,306.0
22652,PASS,20.0,306.0
22653,PASS,20.0,306.0
22654,PASS,20.0,306.0
22655,PASS,20.0,306.0
22656,PASS,20.0,306.0
22657,PASS,20.0,306.0
22658,PASS,76.0,278.0
22675,PASS,20.0,306.0
22676,PASS,20.0,306.0
22677,PASS,20.0,306.0
22678,PASS,20.0,306.0
22679,PASS,20.0,306.0
22680,PASS,20.0,306.0
22681,PASS,20.0,306.0
22682,PASS,20.0,306.0
22683,PASS,20.0,306.0
22684,PASS,20.0,306.0
22685,PASS,20.0,306.0
22687,PASS,76.0,278.0
22689,PASS,20.0,306.0
22690,PASS,20.0,306.0
22691,PASS,20.0,306.0
22700,PASS,20.0,306.0
22701,PASS,20.0,306.0
22702,PASS,20.0,306.0
22838,TARGET_EXCLUDED,,
22839,TARGET_EXCLUDED,,
22840,TARGET_EXCLUDED,,
22841,TARGET_EXCLUDED,,
22842,TARGET_EXCLUDED,,
22843,TARGET_EXCLUDED,,
22844,TARGET_EXCLUDED,,
22845,TARGET_EXCLUDED,,
22848,TARGET_EXCLUDED,,
22849,TARGET_EXCLUDED,,
22850,TARGET_EXCLUDED,,
22851,TARGET_EXCLUDED,,
22852,TARGET_EXCLUDED,,
22853,TARGET_EXCLUDED,,
22854,TARGET_EXCLUDED,,
22865,TARGET_EXCLUDED,,
22866,TARGET_EXCLUDED,,
22867,TARGET_EXCLUDED,,
22868,TARGET_EXCLUDED,,
22869,TARGET_EXCLUDED,,
22870,TARGET_EXCLUDED,,
22871,TARGET_EXCLUDED,,
22872,TARGET_EXCLUDED,,
22874,TARGET_EXCLUDED,,
22875,TARGET_EXCLUDED,,
22876,TARGET_EXCLUDED,,
22877,TARGET_EXCLUDED,,
22878,TARGET_EXCLUDED,,
22879,TARGET_EXCLUDED,,
22880,TARGET_EXCLUDED,,
22881,TARGET_EXCLUDED,,
22883,PASS,20.0,306.0
22884,PASS,20.0,306.0
22885,PASS,20.0,306.0
22888,PASS,20.0,306.0
22889,PASS,20.0,306.0
22890,PASS,20.0,306.0
22891,PASS,20.0,306.0
22892,PASS,20.0,306.0
22893,PASS,20.0,306.0
23175,TARGET_EXCLUDED,,
23176,TARGET_EXCLUDED,,
23177,TARGET_EXCLUDED,,
23178,TARGET_EXCLUDED,,
23179,TARGET_EXCLUDED,,
23180,TARGET_EXCLUDED,,
23181,TARGET_EXCLUDED,,
23182,TARGET_EXCLUDED,,
23183,TARGET_EXCLUDED,,
23185,TARGET_EXCLUDED,,
23186,TARGET_EXCLUDED,,
23187,TARGET_EXCLUDED,,
23188,TARGET_EXCLUDED,,
23189,TARGET_EXCLUDED,,
23190,TARGET_EXCLUDED,,
23191,TARGET_EXCLUDED,,
23192,TARGET_EXCLUDED,,
23193,TARGET_EXCLUDED,,
23205,TARGET_EXCLUDED,,
23206,TARGET_EXCLUDED,,
23207,TARGET_EXCLUDED,,
23208,TARGET_EXCLUDED,,
23209,TARGET_EXCLUDED,,
23210,TARGET_EXCLUDED,,
23211,TARGET_EXCLUDED,,
23212,TARGET_EXCLUDED,,
23213,TARGET_EXCLUDED,,
23215,TARGET_EXCLUDED,,
23216,TARGET_EXCLUDED,,
23217,TARGET_EXCLUDED,,
23218,TARGET_EXCLUDED,,
23219,TARGET_EXCLUDED,,
23220,TARGET_EXCLUDED,,
23221,TARGET_EXCLUDED,,
23222,TARGET_EXCLUDED,,
23223,TARGET_EXCLUDED,,
23225,PASS,20.0,306.0
23226,PASS,20.0,306.0
23227,PASS,20.0,306.0
23228,PASS,20.0,306.0
23229,PASS,20.0,306.0
23230,PASS,20.0,306.0
23240,PASS,20.0,306.0
23257,PASS,20.0,306.0
23269,PASS,0.0,306.0
23437,PASS,20.0,306.0
23438,PASS,20.0,306.0
23439,PASS,20.0,306.0
23441,PASS,20.0,306.0
23442,PASS,20.0,306.0
23445,PASS,20.0,306.0
23536,PASS,0.0,306.0
23537,PASS,0.0,278.0
23550,PASS,0.0,306.0
23563,PASS,0.0,306.0
23564,PASS,0.0,306.0
23565,PASS,0.0,306.0
23566,PASS,0.0,306.0
23567,PASS,0.0,306.0
23569,PASS,0.0,278.0
23581,PASS,0.0,306.0
23582,PASS,0.0,306.0
23583,PASS,0.0,306.0
23584,PASS,0.0,306.0
23585,PASS,0.0,306.0
23586,PASS,0.0,278.0
23588,PASS,0.0,306.0
23589,PASS,0.0,306.0
23591,PASS,0.0,306.0
23592,PASS,0.0,306.0
23593,PASS,0.0,306.0
23594,PASS,0.0,278.0
23596,PASS,0.0,306.0
23597,PASS,0.0,306.0
23598,PASS,0.0,306.0
23600,PASS,0.0,306.0
23601,PASS,0.0,306.0
23602,PASS,0.0,278.0
23604,PASS,0.0,306.0
23605,PASS,0.0,306.0
23606,PASS,0.0,306.0
23607,PASS,0.0,306.0
23608,PASS,0.0,306.0
23609,PASS,0.0,306.0
23610,PASS,0.0,278.0
23612,PASS,0.0,306.0
23613,PASS,0.0,306.0
23614,PASS,0.0,306.0
23615,PASS,0.0,306.0
23616,PASS,0.0,306.0
23617,PASS,0.0,306.0
23618,PASS,0.0,278.0
23620,PASS,0.0,306.0
23621,PASS,0.0,306.0
23624,PASS,0.0,306.0
23625,PASS,0.0,306.0
23628,PASS,0.0,306.0
23629,PASS,0.0,306.0
23630,PASS,0.0,306.0
23631,PASS,0.0,306.0
23632,PASS,0.0,306.0
23633,PASS,0.0,306.0
23634,PASS,0.0,278.0
23644,TARGET_EXCLUDED,,
23645,TARGET_EXCLUDED,,
23646,TARGET_EXCLUDED,,
23649,TARGET_EXCLUDED,,
23653,PASS,0.0,306.0
23655,PASS,0.0,306.0
23657,PASS,0.0,306.0
23658,PASS,0.0,278.0
23683,PASS,0.0,306.0
23690,PASS,0.0,306.0
23695,PASS,0.0,306.0
23737,PASS,0.0,306.0
23738,PASS,0.0,306.0
23739,PASS,0.0,306.0
23740,PASS,0.0,306.0
23741,PASS,0.0,306.0
23742,PASS,0.0,306.0
23743,PASS,0.0,278.0
23745,PASS,0.0,306.0
23746,PASS,0.0,306.0
23747,PASS,0.0,306.0
23748,PASS,0.0,306.0
23749,PASS,0.0,306.0
23750,PASS,0.0,306.0
23751,PASS,0.0,278.0
23753,PASS,0.0,306.0
23754,PASS,0.0,306.0
23755,PASS,0.0,306.0
23756,PASS,0.0,306.0
23757,PASS,0.0,306.0
23758,PASS,0.0,306.0
23759,PASS,0.0,278.0
23761,PASS,0.0,306.0
23762,PASS,0.0,306.0
23763,PASS,0.0,306.0
23764,PASS,0.0,306.0
23765,PASS,0.0,306.0
23766,PASS,0.0,306.0
23767,PASS,0.0,278.0
23769,PASS,0.0,306.0
23770,PASS,0.0,306.0
23771,PASS,0.0,306.0
23772,PASS,0.0,306.0
23773,PASS,0.0,306.0
23774,PASS,0.0,306.0
23777,PASS,0.0,306.0
23778,PASS,0.0,306.0
23779,PASS,0.0,306.0
23785,PASS,0.0,306.0
23786,PASS,0.0,306.0
23787,PASS,0.0,306.0
23788,PASS,0.0,306.0
23789,PASS,0.0,306.0
23790,PASS,0.0,306.0
23791,PASS,0.0,278.0
23793,PASS,0.0,306.0
23794,PASS,0.0,306.0
23795,PASS,0.0,306.0
23796,PASS,0.0,306.0
23797,PASS,0.0,306.0
23798,PASS,0.0,306.0
23801,PASS,20.0,306.0
23802,PASS,20.0,306.0
23803,PASS,20.0,306.0
23804,PASS,20.0,306.0
23805,PASS,20.0,306.0
23806,PASS,20.0,306.0
23807,PASS,20.0,306.0
23808,PASS,76.0,278.0
23810,PASS,20.0,306.0
23811,PASS,20.0,306.0
23812,PASS,20.0,306.0
23813,PASS,20.0,306.0
23814,PASS,20.0,306.0
23815,PASS,20.0,306.0
23816,PASS,76.0,278.0
23837,PASS,0.0,306.0
23838,PASS,0.0,306.0
23839,PASS,0.0,306.0
23840,PASS,0.0,306.0
23843,PASS,0.0,306.0
23846,PASS,0.0,306.0
23847,PASS,0.0,306.0
23848,PASS,0.0,306.0
23849,PASS,0.0,306.0
23850,PASS,0.0,306.0
23851,PASS,0.0,306.0
23856,PASS,0.0,306.0
23857,PASS,0.0,306.0
23858,PASS,0.0,306.0
23861,PASS,0.0,306.0
23862,PASS,0.0,306.0
23863,PASS,0.0,306.0
23864,PASS,0.0,306.0
23865,PASS,0.0,306.0
23866,PASS,0.0,306.0
23869,PASS,0.0,306.0
23870,PASS,0.0,306.0
23871,PASS,0.0,306.0
23872,PASS,0.0,306.0
23873,PASS,0.0,306.0
23874,PASS,0.0,306.0
23875,PASS,0.0,306.0
23877,PASS,0.0,306.0
23878,PASS,0.0,306.0
23879,PASS,0.0,306.0
23880,PASS,0.0,306.0
23881,PASS,0.0,306.0
23882,PASS,0.0,306.0
23885,PASS,0.0,306.0
23886,PASS,0.0,306.0
23887,PASS,0.0,306.0
23888,PASS,0.0,306.0
23889,PASS,0.0,306.0
23890,PASS,0.0,306.0
23891,PASS,0.0,306.0
23893,PASS,0.0,306.0
23895,PASS,0.0,306.0
23897,PASS,0.0,306.0
23901,PASS,0.0,306.0
23902,PASS,0.0,306.0
23903,PASS,0.0,306.0
23904,PASS,0.0,306.0
23905,PASS,0.0,306.0
23906,PASS,0.0,306.0
23907,PASS,0.0,306.0
23909,PASS,0.0,306.0
23910,PASS,0.0,306.0
23911,PASS,0.0,306.0
23912,PASS,0.0,306.0
23913,PASS,0.0,306.0
23914,PASS,0.0,306.0
23915,PASS,0.0,306.0
23917,PASS,0.0,306.0
23918,PASS,0.0,306.0
23919,PASS,0.0,306.0
23920,PASS,0.0,306.0
23921,PASS,0.0,306.0
23922,PASS,0.0,306.0
23923,PASS,0.0,306.0
23926,PASS,0.0,306.0
23927,PASS,0.0,306.0
23928,PASS,0.0,306.0
23929,PASS,0.0,306.0
23930,PASS,0.0,306.0
23941,PASS,0.0,306.0
23942,PASS,0.0,306.0
23943,PASS,0.0,306.0
23944,PASS,0.0,306.0
23945,PASS,0.0,306.0
23946,PASS,0.0,306.0
23947,PASS,0.0,306.0
23973,PASS,0.0,306.0
23974,PASS,0.0,306.0
23975,PASS,0.0,306.0
23976,PASS,0.0,306.0
23977,PASS,0.0,306.0
23978,PASS,0.0,306.0
23979,PASS,0.0,306.0
23982,PASS,0.0,306.0
23986,PASS,0.0,306.0
24002,PASS,0.0,306.0
24003,PASS,0.0,306.0
24004,PASS,0.0,306.0
24005,PASS,0.0,306.0
24006,PASS,0.0,306.0
24007,PASS,0.0,306.0
24008,PASS,0.0,306.0
24010,PASS,0.0,306.0
24011,PASS,0.0,306.0
24012,PASS,0.0,306.0
24013,PASS,0.0,306.0
24014,PASS,0.0,306.0
24015,PASS,0.0,306.0
24016,PASS,0.0,306.0
24095,PASS,20.0,306.0
24096,PASS,20.0,306.0
24097,PASS,20.0,306.0
24098,PASS,20.0,306.0
24099,PASS,20.0,306.0
24100,PASS,20.0,306.0
24101,PASS,20.0,306.0
24102,PASS,20.0,306.0
24103,PASS,20.0,306.0
24104,PASS,20.0,306.0
24109,PASS,20.0,306.0
24110,PASS,20.0,306.0
24111,PASS,20.0,306.0
24112,PASS,20.0,306.0
24114,PASS,20.0,306.0
24115,PASS,20.0,306.0
24116,PASS,20.0,306.0
24117,PASS,20.0,306.0
24119,PASS,20.0,306.0
24120,PASS,20.0,306.0
24121,PASS,20.0,306.0
24122,PASS,20.0,306.0
24123,PASS,20.0,306.0
24124,PASS,20.0,306.0
24125,PASS,20.0,306.0
24126,PASS,20.0,306.0
24127,PASS,20.0,306.0
24128,PASS,20.0,306.0
24129,PASS,20.0,306.0
24130,PASS,20.0,306.0
24131,PASS,76.0,278.0
24154,PASS,20.0,306.0
24155,PASS,20.0,306.0
24156,PASS,20.0,306.0
24157,PASS,20.0,306.0
24158,PASS,20.0,306.0
24159,PASS,20.0,306.0
24160,PASS,20.0,306.0
24161,PASS,20.0,306.0
24162,PASS,20.0,306.0
24163,PASS,20.0,306.0
24165,PASS,0.0,306.0
24166,PASS,0.0,306.0
24167,PASS,0.0,306.0
24168,PASS,0.0,306.0
24170,PASS,0.0,306.0
24186,PASS,0.0,306.0
24197,PASS,0.0,278.0
24210,PASS,0.0,306.0
24219,PASS,0.0,306.0
24221,PASS,0.0,306.0
24222,PASS,0.0,306.0
24223,PASS,0.0,278.0
24237,PASS,0.0,278.0
24241,PASS,0.0,306.0
24242,PASS,0.0,306.0
24244,PASS,0.0,306.0
24248,PASS,0.0,306.0
24297,PASS,0.0,306.0
24299,PASS,0.0,306.0
24300,PASS,0.0,306.0
24301,PASS,0.0,306.0
24302,PASS,0.0,306.0
24304,PASS,0.0,306.0
24308,PASS,0.0,306.0
24309,PASS,0.0,306.0
24310,PASS,0.0,306.0
24311,PASS,0.0,306.0
24312,PASS,0.0,306.0
24313,PASS,0.0,306.0
24314,PASS,0.0,306.0
24316,PASS,0.0,306.0
24317,PASS,0.0,306.0
24318,PASS,0.0,306.0
24319,PASS,0.0,306.0
24320,PASS,0.0,306.0
24321,PASS,0.0,306.0
24322,PASS,0.0,306.0
25003,PASS,0.0,306.0
25009,PASS,0.0,278.0
25015,PASS,0.0,306.0
25016,PASS,0.0,278.0
25018,PASS,0.0,306.0
25019,PASS,0.0,306.0
25021,PASS,0.0,306.0
25022,PASS,0.0,306.0
25029,PASS,0.0,306.0
25030,PASS,0.0,306.0
25054,PASS,0.0,306.0
25055,PASS,0.0,306.0
25056,PASS,0.0,306.0
25057,PASS,0.0,306.0
25058,PASS,0.0,306.0
25059,PASS,0.0,306.0
25062,PASS,0.0,306.0
25063,PASS,0.0,278.0
25068,PASS,0.0,306.0
25069,PASS,0.0,306.0
25070,PASS,0.0,306.0
25071,PASS,0.0,306.0
25072,PASS,0.0,306.0
25073,PASS,0.0,306.0
25074,PASS,0.0,278.0
25076,PASS,0.0,306.0
25077,PASS,0.0,306.0
25079,PASS,0.0,306.0
25080,PASS,0.0,306.0
25082,PASS,0.0,278.0
25085,PASS,0.0,306.0
25087,PASS,0.0,306.0
25089,PASS,0.0,306.0
25432,PASS,0.0,306.0
25433,PASS,0.0,306.0
25434,PASS,0.0,306.0
25435,PASS,0.0,306.0
25436,PASS,0.0,306.0
25437,PASS,0.0,306.0
25438,PASS,0.0,306.0
25441,PASS,0.0,306.0
25442,PASS,0.0,306.0
25448,PASS,0.0,306.0
25459,PASS,0.0,306.0
25460,PASS,0.0,306.0
25461,PASS,0.0,306.0
25462,PASS,0.0,306.0
25463,PASS,0.0,306.0
25464,PASS,0.0,306.0
25465,PASS,0.0,306.0
25469,PASS,0.0,306.0
25470,PASS,0.0,306.0
25471,PASS,0.0,306.0
25472,PASS,0.0,306.0
25473,PASS,0.0,306.0
25483,PASS,0.0,306.0
25484,PASS,0.0,306.0
25485,PASS,0.0,306.0
25487,PASS,0.0,306.0
25492,PASS,0.0,306.0
25493,PASS,0.0,306.0
25494,PASS,0.0,306.0
25496,PASS,0.0,306.0
25497,PASS,0.0,306.0
25498,PASS,0.0,306.0
25499,PASS,0.0,306.0
25500,PASS,0.0,306.0
25501,PASS,0.0,306.0
25502,PASS,0.0,306.0
25505,PASS,0.0,306.0
25506,PASS,0.0,306.0
25507,PASS,0.0,306.0
25508,PASS,0.0,306.0
25509,PASS,0.0,306.0
25815,PASS,0.0,306.0
25816,PASS,0.0,306.0
25817,PASS,0.0,306.0
25818,PASS,0.0,306.0
25819,PASS,0.0,306.0
25820,PASS,0.0,306.0
25821,PASS,0.0,278.0
25829,PASS,0.0,306.0
25830,PASS,0.0,306.0
25831,PASS,0.0,278.0
25833,PASS,0.0,306.0
25834,PASS,0.0,306.0
25835,PASS,0.0,306.0
25836,PASS,0.0,306.0
25837,PASS,0.0,306.0
25838,PASS,0.0,306.0
25841,PASS,0.0,306.0
25842,PASS,0.0,306.0
25846,PASS,0.0,306.0
25847,PASS,0.0,306.0
25848,PASS,0.0,306.0
25849,PASS,0.0,306.0
25850,PASS,0.0,306.0
25851,PASS,0.0,306.0
25852,PASS,0.0,278.0
25856,PASS,0.0,306.0
25867,PASS,0.0,306.0
25869,PASS,0.0,306.0
25870,PASS,0.0,306.0
25871,PASS,0.0,306.0
25872,PASS,0.0,306.0
25873,PASS,0.0,306.0
25874,PASS,0.0,306.0
25875,PASS,0.0,278.0
25877,PASS,0.0,306.0
25878,PASS,0.0,306.0
25883,PASS,0.0,306.0
25884,PASS,0.0,306.0
25886,PASS,0.0,278.0
26053,TARGET_EXCLUDED,,
26054,TARGET_EXCLUDED,,
26055,TARGET_EXCLUDED,,
26056,TARGET_EXCLUDED,,
26057,TARGET_EXCLUDED,,
26058,TARGET_EXCLUDED,,
26059,TARGET_EXCLUDED,,
26060,TARGET_EXCLUDED,,
26061,TARGET_EXCLUDED,,
26065,TARGET_EXCLUDED,,
26066,TARGET_EXCLUDED,,
26067,TARGET_EXCLUDED,,
26068,TARGET_EXCLUDED,,
26069,TARGET_EXCLUDED,,
26070,TARGET_EXCLUDED,,
26071,TARGET_EXCLUDED,,
26073,TARGET_EXCLUDED,,
26074,TARGET_EXCLUDED,,
26075,TARGET_EXCLUDED,,
26077,TARGET_EXCLUDED,,
26078,TARGET_EXCLUDED,,
26079,TARGET_EXCLUDED,,
26080,TARGET_EXCLUDED,,
26081,TARGET_EXCLUDED,,
26083,TARGET_EXCLUDED,,
26084,TARGET_EXCLUDED,,
26086,TARGET_EXCLUDED,,
26087,TARGET_EXCLUDED,,
26088,TARGET_EXCLUDED,,
26089,TARGET_EXCLUDED,,
26094,TARGET_EXCLUDED,,
26095,TARGET_EXCLUDED,,
26096,TARGET_EXCLUDED,,
26098,TARGET_EXCLUDED,,
26099,TARGET_EXCLUDED,,
26101,TARGET_EXCLUDED,,
26103,PASS,0.0,306.0
26110,PASS,0.0,306.0
26113,PASS,0.0,306.0
26114,PASS,0.0,306.0
26115,PASS,0.0,306.0
26117,PASS,0.0,306.0
26399,TARGET_EXCLUDED,,
26400,TARGET_EXCLUDED,,
26402,TARGET_EXCLUDED,,
26403,TARGET_EXCLUDED,,
26406,TARGET_EXCLUDED,,
26410,TARGET_EXCLUDED,,
26411,TARGET_EXCLUDED,,
26412,TARGET_EXCLUDED,,
26413,TARGET_EXCLUDED,,
26415,TARGET_EXCLUDED,,
26416,TARGET_EXCLUDED,,
26423,TARGET_EXCLUDED,,
26431,TARGET_EXCLUDED,,
26432,TARGET_EXCLUDED,,
26433,TARGET_EXCLUDED,,
26442,TARGET_EXCLUDED,,
26723,PASS,0.0,306.0
26724,PASS,0.0,306.0
26725,PASS,0.0,306.0
26726,PASS,0.0,306.0
26727,PASS,0.0,306.0
26728,PASS,0.0,306.0
26729,PASS,0.0,306.0
26731,PASS,0.0,306.0
26732,PASS,0.0,306.0
26733,PASS,0.0,306.0
26734,PASS,0.0,306.0
26735,PASS,0.0,306.0
26736,PASS,0.0,306.0
26737,PASS,0.0,306.0
26739,PASS,0.0,306.0
26740,PASS,0.0,306.0
26741,PASS,0.0,306.0
26742,PASS,0.0,306.0
26743,PASS,0.0,306.0
26744,PASS,0.0,306.0
26745,PASS,0.0,306.0
26755,PASS,0.0,306.0
26756,PASS,0.0,306.0
26757,PASS,0.0,306.0
26758,PASS,0.0,306.0
26759,PASS,0.0,306.0
26760,PASS,0.0,306.0
26765,PASS,0.0,306.0
26771,PASS,0.0,306.0
26772,PASS,0.0,306.0
26773,PASS,0.0,306.0
26774,PASS,0.0,306.0
26775,PASS,0.0,306.0
26776,PASS,0.0,306.0
27061,PASS,0.0,306.0
27062,PASS,0.0,306.0
27063,PASS,0.0,306.0
27064,PASS,0.0,306.0
27065,PASS,0.0,306.0
27069,PASS,0.0,306.0
27070,PASS,0.0,278.0
27072,PASS,0.0,306.0
27073,PASS,0.0,306.0
27075,PASS,0.0,306.0
27076,PASS,0.0,306.0
27077,PASS,0.0,278.0
27078,PASS,0.0,306.0
27080,PASS,0.0,306.0
27081,PASS,0.0,306.0
27083,PASS,0.0,306.0
27093,PASS,0.0,306.0
27094,PASS,0.0,306.0
27095,PASS,0.0,306.0
27096,PASS,0.0,306.0
27098,PASS,0.0,306.0
27099,PASS,0.0,278.0
27108,PASS,0.0,306.0
27109,PASS,0.0,306.0
27110,PASS,0.0,306.0
27111,PASS,0.0,306.0
27115,PASS,0.0,306.0
27116,PASS,0.0,306.0
27117,PASS,0.0,306.0
27118,PASS,0.0,306.0
27119,PASS,0.0,306.0
27120,PASS,0.0,306.0
27311,PASS,0.0,278.0
27312,PASS,0.0,306.0
27314,PASS,0.0,306.0
27315,PASS,0.0,306.0
27316,PASS,0.0,306.0
27318,PASS,0.0,306.0
27319,PASS,0.0,306.0
27320,PASS,0.0,278.0
27322,PASS,0.0,306.0
27323,PASS,0.0,306.0
27325,PASS,0.0,306.0
27326,PASS,0.0,306.0
27328,PASS,0.0,306.0
27329,PASS,0.0,306.0
27332,PASS,0.0,306.0
27333,PASS,0.0,306.0
27334,PASS,0.0,278.0
27336,PASS,0.0,306.0
27338,PASS,0.0,306.0
27340,PASS,0.0,306.0
27341,PASS,0.0,306.0
27342,PASS,0.0,306.0
27344,PASS,0.0,306.0
27345,PASS,0.0,306.0
27346,PASS,0.0,278.0
27347,PASS,0.0,306.0
27348,PASS,0.0,306.0
27349,PASS,0.0,306.0
27350,PASS,0.0,306.0
27351,PASS,0.0,306.0
27352,PASS,0.0,306.0
27353,PASS,0.0,306.0
27481,PASS,0.0,306.0
27482,PASS,0.0,306.0
27483,PASS,0.0,306.0
27484,PASS,0.0,306.0
27485,PASS,0.0,306.0
27486,PASS,0.0,306.0
27487,PASS,0.0,278.0
27497,PASS,0.0,306.0
27498,PASS,0.0,306.0
27499,PASS,0.0,306.0
27501,PASS,0.0,306.0
27502,PASS,0.0,306.0
27503,PASS,0.0,278.0
27506,PASS,0.0,306.0
27507,PASS,0.0,306.0
27520,PASS,0.0,278.0
27522,PASS,0.0,306.0
27523,PASS,0.0,306.0
27524,PASS,0.0,306.0
27525,PASS,0.0,306.0
27526,PASS,0.0,306.0
27527,PASS,0.0,306.0
27528,PASS,0.0,306.0
27529,PASS,0.0,306.0
27530,PASS,0.0,306.0
27637,PASS,0.0,306.0
27638,PASS,0.0,306.0
27649,PASS,0.0,306.0
27650,PASS,0.0,306.0
27651,PASS,0.0,306.0
27652,PASS,0.0,306.0
27653,PASS,0.0,306.0
27654,PASS,0.0,306.0
27655,PASS,0.0,306.0
27657,PASS,0.0,306.0
27658,PASS,0.0,306.0
27661,PASS,0.0,306.0
27663,PASS,0.0,306.0
27664,PASS,0.0,306.0
27665,PASS,0.0,306.0
27666,PASS,0.0,306.0
28056,TARGET_EXCLUDED,,
28057,TARGET_EXCLUDED,,
28058,TARGET_EXCLUDED,,
28059,TARGET_EXCLUDED,,
28060,TARGET_EXCLUDED,,
28061,TARGET_EXCLUDED,,
28063,TARGET_EXCLUDED,,
28067,TARGET_EXCLUDED,,
28068,TARGET_EXCLUDED,,
28069,TARGET_EXCLUDED,,
28070,TARGET_EXCLUDED,,
28071,TARGET_EXCLUDED,,
28072,TARGET_EXCLUDED,,
28073,TARGET_EXCLUDED,,
28074,TARGET_EXCLUDED,,
28075,TARGET_EXCLUDED,,
28077,TARGET_EXCLUDED,,
28078,TARGET_EXCLUDED,,
28080,TARGET_EXCLUDED,,
28081,TARGET_EXCLUDED,,
28082,TARGET_EXCLUDED,,
28083,TARGET_EXCLUDED,,
28084,TARGET_EXCLUDED,,
28085,TARGET_EXCLUDED,,
28099,TARGET_EXCLUDED,,
28100,TARGET_EXCLUDED,,
28104,TARGET_EXCLUDED,,
28107,PASS,0.0,306.0
28113,PASS,0.0,306.0
28114,PASS,0.0,306.0
28115,PASS,0.0,306.0
28116,PASS,0.0,306.0
28117,PASS,0.0,306.0
28118,PASS,0.0,306.0
28119,PASS,0.0,278.0
28308,PASS,0.0,306.0
28309,PASS,0.0,306.0
28310,PASS,0.0,306.0
28311,PASS,0.0,306.0
28312,PASS,0.0,306.0
28314,PASS,0.0,306.0
28316,PASS,0.0,306.0
28317,PASS,0.0,306.0
28319,PASS,0.0,306.0
28334,PASS,0.0,306.0
28335,PASS,0.0,306.0
28336,PASS,0.0,306.0
28337,PASS,0.0,306.0
28338,PASS,0.0,306.0
28339,PASS,0.0,278.0
28344,PASS,0.0,306.0
28345,PASS,0.0,306.0
28346,PASS,0.0,306.0
28348,PASS,0.0,306.0
28349,PASS,0.0,306.0
28350,PASS,0.0,306.0
28352,PASS,0.0,306.0
28353,PASS,0.0,306.0
28354,PASS,0.0,306.0
28355,PASS,0.0,306.0
28356,PASS,0.0,306.0
28357,PASS,0.0,306.0
28358,PASS,0.0,278.0
28367,PASS,0.0,306.0
28368,PASS,0.0,306.0
28370,PASS,0.0,306.0
28371,PASS,0.0,306.0
28372,PASS,0.0,306.0
28373,PASS,0.0,306.0
28375,PASS,0.0,306.0
28376,PASS,0.0,306.0
28651,TARGET_EXCLUDED,,
28652,TARGET_EXCLUDED,,
28653,TARGET_EXCLUDED,,
28654,TARGET_EXCLUDED,,
28655,TARGET_EXCLUDED,,
28656,TARGET_EXCLUDED,,
28657,TARGET_EXCLUDED,,
28659,TARGET_EXCLUDED,,
28661,TARGET_EXCLUDED,,
28662,TARGET_EXCLUDED,,
28664,TARGET_EXCLUDED,,
28665,TARGET_EXCLUDED,,
28677,TARGET_EXCLUDED,,
28682,TARGET_EXCLUDED,,
28683,TARGET_EXCLUDED,,
28684,TARGET_EXCLUDED,,
28686,TARGET_EXCLUDED,,
28696,TARGET_EXCLUDED,,
28701,PASS,0.0,306.0
28726,PASS,0.0,306.0
28728,PASS,0.0,306.0
28748,PASS,0.0,306.0
28749,PASS,0.0,306.0
28750,PASS,0.0,306.0
28755,PASS,0.0,306.0
28756,PASS,0.0,306.0
28761,PASS,0.0,306.0
28762,PASS,0.0,306.0
28763,PASS,0.0,306.0
28767,PASS,0.0,278.0
29158,PASS,0.0,306.0
29162,PASS,0.0,306.0
29164,PASS,0.0,306.0
29165,PASS,0.0,306.0
29166,PASS,0.0,306.0
29168,PASS,0.0,306.0
29169,PASS,0.0,306.0
29170,PASS,0.0,306.0
29173,PASS,0.0,306.0
29174,PASS,0.0,306.0
29175,PASS,0.0,306.0
29177,PASS,0.0,306.0
29178,PASS,0.0,306.0
29179,PASS,0.0,306.0
29180,PASS,0.0,306.0
29181,PASS,0.0,306.0
29182,PASS,0.0,306.0
29183,PASS,0.0,278.0
29204,PASS,0.0,306.0
29212,PASS,0.0,306.0
29213,PASS,0.0,306.0
29214,PASS,0.0,306.0
29215,PASS,0.0,306.0
30172,PASS,0.0,306.0
30178,PASS,0.0,306.0
30181,PASS,0.0,306.0
30189,PASS,0.0,306.0
30190,PASS,0.0,306.0
30192,PASS,0.0,306.0
30193,PASS,0.0,306.0
30197,PASS,0.0,306.0
30198,PASS,0.0,306.0
30201,PASS,0.0,306.0
30202,PASS,0.0,306.0
30203,PASS,0.0,306.0
30204,PASS,0.0,306.0
30206,PASS,0.0,306.0
30208,PASS,0.0,306.0
30209,PASS,0.0,306.0
30210,PASS,0.0,306.0
30211,PASS,0.0,306.0
30213,PASS,0.0,306.0
30540,TARGET_EXCLUDED,,
30541,TARGET_EXCLUDED,,
30542,TARGET_EXCLUDED,,
30543,TARGET_EXCLUDED,,
30547,TARGET_EXCLUDED,,
30550,TARGET_EXCLUDED,,
30551,TARGET_EXCLUDED,,
30552,TARGET_EXCLUDED,,
30553,TARGET_EXCLUDED,,
30554,TARGET_EXCLUDED,,
30555,TARGET_EXCLUDED,,
30556,TARGET_EXCLUDED,,
30567,TARGET_EXCLUDED,,
30568,TARGET_EXCLUDED,,
30569,TARGET_EXCLUDED,,
30570,TARGET_EXCLUDED,,
30574,TARGET_EXCLUDED,,
30580,TARGET_EXCLUDED,,
30585,TARGET_EXCLUDED,,
30586,TARGET_EXCLUDED,,
30601,TARGET_EXCLUDED,,
30602,TARGET_EXCLUDED,,
30603,TARGET_EXCLUDED,,
30604,TARGET_EXCLUDED,,
30607,TARGET_EXCLUDED,,
30611,TARGET_EXCLUDED,,
30612,TARGET_EXCLUDED,,
30613,TARGET_EXCLUDED,,
30614,TARGET_EXCLUDED,,
30615,TARGET_EXCLUDED,,
30616,TARGET_EXCLUDED,,
30617,TARGET_EXCLUDED,,
30618,TARGET_EXCLUDED,,
30619,TARGET_EXCLUDED,,
30631,TARGET_EXCLUDED,,
30633,TARGET_EXCLUDED,,
30634,TARGET_EXCLUDED,,
30636,TARGET_EXCLUDED,,
30638,TARGET_EXCLUDED,,
30662,TARGET_EXCLUDED,,
30663,TARGET_EXCLUDED,,
30665,PASS,0.0,306.0
30667,PASS,0.0,306.0
30668,PASS,0.0,306.0
30669,PASS,0.0,306.0
30673,TARGET_EXCLUDED,,
30674,TARGET_EXCLUDED,,
30675,TARGET_EXCLUDED,,
30676,TARGET_EXCLUDED,,
30677,TARGET_EXCLUDED,,
30681,PASS,0.0,306.0
30682,PASS,0.0,306.0
30683,PASS,0.0,278.0
30684,PASS,0.0,306.0
30686,TARGET_EXCLUDED,,
30687,TARGET_EXCLUDED,,
30688,TARGET_EXCLUDED,,
30689,TARGET_EXCLUDED,,
30690,TARGET_EXCLUDED,,
30691,TARGET_EXCLUDED,,
30693,PASS,0.0,306.0
30694,PASS,0.0,306.0
30695,PASS,0.0,306.0
30696,PASS,0.0,306.0
30697,PASS,0.0,306.0
30698,PASS,0.0,306.0
30699,PASS,0.0,278.0
34789,PASS,0.0,316.0
34790,PASS,0.0,316.0
34791,PASS,0.0,316.0
34792,PASS,0.0,316.0
34796,PASS,0.0,316.0
34797,PASS,0.0,316.0
34799,PASS,0.0,316.0
34800,PASS,0.0,316.0
34801,PASS,0.0,316.0
34803,PASS,0.0,316.0
34804,PASS,0.0,316.0
34805,PASS,0.0,316.0
34806,PASS,0.0,316.0
34807,PASS,0.0,316.0
34808,PASS,0.0,316.0
34817,PASS,0.0,316.0
34818,PASS,0.0,316.0
34819,PASS,0.0,316.0
34820,PASS,0.0,316.0
34821,PASS,0.0,316.0
34822,PASS,0.0,316.0
34831,PASS,0.0,316.0
34832,PASS,0.0,316.0
34852,PASS,0.0,316.0
34854,PASS,0.0,316.0
34855,PASS,0.0,316.0
34856,PASS,0.0,316.0
34857,PASS,0.0,316.0
34858,PASS,0.0,316.0
34859,PASS,0.0,316.0
34860,PASS,0.0,316.0
34870,PASS,0.0,316.0
34871,PASS,0.0,316.0
34872,PASS,0.0,316.0
34873,PASS,0.0,316.0
34874,PASS,0.0,316.0
34875,PASS,0.0,316.0
34876,PASS,0.0,316.0
34890,PASS,0.0,316.0
35315,PASS,0.0,316.0
35316,PASS,0.0,316.0
35317,PASS,0.0,316.0
35318,PASS,0.0,316.0
35319,PASS,0.0,316.0
35320,PASS,0.0,316.0
35322,PASS,0.0,316.0
35323,PASS,0.0,316.0
35324,PASS,0.0,316.0
35325,PASS,0.0,316.0
35326,PASS,0.0,316.0
35327,PASS,0.0,316.0
35332,PASS,0.0,316.0
35334,PASS,0.0,316.0
35336,PASS,0.0,316.0
35337,PASS,0.0,316.0
35338,PASS,0.0,316.0
35339,PASS,0.0,316.0
35340,PASS,0.0,316.0
35341,PASS,0.0,316.0
35343,PASS,0.0,316.0
35345,PASS,0.0,316.0
35346,PASS,0.0,316.0
35347,PASS,0.0,316.0
35357,PASS,0.0,316.0
35358,PASS,0.0,316.0
35359,PASS,0.0,316.0
35360,PASS,0.0,316.0
35361,PASS,0.0,316.0
35362,PASS,0.0,316.0
35521,PASS,0.0,316.0
35522,PASS,0.0,316.0
35523,PASS,0.0,316.0
35525,PASS,0.0,316.0
35527,PASS,0.0,316.0
35529,PASS,0.0,316.0
35530,PASS,0.0,316.0
35531,PASS,0.0,316.0
35537,PASS,0.0,316.0
35538,PASS,0.0,316.0
35539,PASS,0.0,316.0
35540,PASS,0.0,316.0
35541,PASS,0.0,316.0
35558,PASS,0.0,316.0
35569,PASS,0.0,316.0
35570,PASS,0.0,316.0
35571,PASS,0.0,316.0
35572,PASS,0.0,316.0
35573,PASS,0.0,316.0
35574,PASS,0.0,316.0
35907,PASS,0.0,316.0
35914,PASS,0.0,316.0
35915,PASS,0.0,316.0
35916,PASS,0.0,316.0
35917,PASS,0.0,316.0
35918,PASS,0.0,316.0
35919,PASS,0.0,316.0
35928,TARGET_EXCLUDED,,
35929,TARGET_EXCLUDED,,
35931,TARGET_EXCLUDED,,
35932,TARGET_EXCLUDED,,
35935,PASS,0.0,316.0
35936,PASS,0.0,316.0
35937,PASS,0.0,316.0
35938,PASS,0.0,316.0
35939,PASS,0.0,316.0
35940,PASS,0.0,316.0
35942,TARGET_EXCLUDED,,
35943,TARGET_EXCLUDED,,
35944,TARGET_EXCLUDED,,
35945,TARGET_EXCLUDED,,
35947,TARGET_EXCLUDED,,
36083,PASS,0.0,316.0
36086,PASS,0.0,316.0
36089,PASS,0.0,316.0
36149,PASS,0.0,316.0
36150,PASS,0.0,316.0
36163,PASS,0.0,316.0
36179,PASS,0.0,316.0
36180,PASS,0.0,316.0
36181,PASS,0.0,316.0
36182,PASS,0.0,316.0
36183,PASS,0.0,316.0
36184,PASS,0.0,316.0
36537,TARGET_EXCLUDED,,
36538,TARGET_EXCLUDED,,
36540,PASS,0.0,316.0
36541,PASS,0.0,316.0
36542,PASS,0.0,316.0
36543,PASS,0.0,316.0
36545,PASS,0.0,316.0
36546,PASS,0.0,316.0
36558,PASS,0.0,316.0
36559,PASS,0.0,316.0
36564,TARGET_EXCLUDED,,
36565,TARGET_EXCLUDED,,
36566,TARGET_EXCLUDED,,
36966,PASS,0.0,316.0
36967,PASS,0.0,316.0
36968,PASS,0.0,316.0
36969,PASS,0.0,316.0
36974,PASS,0.0,316.0
36975,PASS,0.0,316.0
36976,PASS,0.0,316.0
37839,PASS,0.0,316.0
37840,PASS,0.0,316.0
37844,PASS,0.0,316.0
37859,PASS,0.0,316.0
37862,PASS,0.0,316.0
37884,PASS,0.0,316.0
37886,PASS,0.0,316.0
37891,PASS,0.0,316.0
37899,TARGET_EXCLUDED,,
37900,TARGET_EXCLUDED,,
37901,TARGET_EXCLUDED,,
37903,TARGET_EXCLUDED,,
37924,PASS,0.0,316.0
37925,PASS,0.0,316.0
37926,PASS,0.0,316.0
37927,PASS,0.0,316.0
37929,TARGET_EXCLUDED,,
37930,TARGET_EXCLUDED,,
37932,TARGET_EXCLUDED,,
37933,TARGET_EXCLUDED,,
37934,TARGET_EXCLUDED,,
37935,TARGET_EXCLUDED,,
37937,PASS,0.0,316.0
37938,PASS,0.0,316.0
37939,PASS,0.0,316.0
37940,PASS,0.0,316.0
37941,PASS,0.0,316.0
37943,PASS,0.0,316.0
37945,PASS,0.0,316.0
37946,PASS,0.0,316.0
37948,PASS,0.0,316.0
37949,PASS,0.0,316.0
37950,PASS,0.0,316.0
37951,PASS,0.0,316.0
37952,PASS,0.0,316.0
37953,PASS,0.0,316.0
37955,PASS,0.0,316.0
37957,TARGET_EXCLUDED,,
37958,TARGET_EXCLUDED,,
37960,TARGET_EXCLUDED,,
37961,TARGET_EXCLUDED,,
37963,TARGET_EXCLUDED,,
37969,PASS,0.0,316.0
37971,PASS,0.0,316.0
37973,PASS,0.0,316.0
37976,TARGET_EXCLUDED,,
37977,TARGET_EXCLUDED,,
37980,TARGET_EXCLUDED,,
38051,PASS,0.0,316.0
38052,PASS,0.0,316.0
38053,PASS,0.0,316.0
38054,PASS,0.0,316.0
38056,PASS,0.0,316.0
38057,PASS,0.0,316.0
38058,PASS,0.0,316.0
38065,PASS,0.0,316.0
38066,PASS,0.0,316.0
38068,TARGET_EXCLUDED,,
38070,TARGET_EXCLUDED,,
38072,TARGET_EXCLUDED,,
38075,TARGET_EXCLUDED,,
38076,TARGET_EXCLUDED,,
38077,TARGET_EXCLUDED,,
38086,TARGET_EXCLUDED,,
38087,TARGET_EXCLUDED,,
38088,TARGET_EXCLUDED,,
38089,TARGET_EXCLUDED,,
38090,TARGET_EXCLUDED,,
38091,TARGET_EXCLUDED,,
38100,TARGET_EXCLUDED,,
38101,TARGET_EXCLUDED,,
38102,TARGET_EXCLUDED,,
38103,TARGET_EXCLUDED,,
38104,TARGET_EXCLUDED,,
38107,PASS,0.0,316.0
38112,PASS,0.0,316.0
38114,PASS,0.0,316.0
38115,PASS,0.0,316.0
38116,PASS,0.0,316.0
38117,PASS,0.0,316.0
38118,PASS,0.0,316.0
38119,PASS,0.0,316.0
38169,PASS,0.0,316.0
38170,PASS,0.0,316.0
38171,PASS,0.0,316.0
38172,PASS,0.0,316.0
38173,PASS,0.0,316.0
38174,PASS,0.0,316.0
38175,PASS,0.0,316.0
38180,PASS,0.0,316.0
38181,PASS,0.0,316.0
38182,PASS,0.0,316.0
38188,PASS,0.0,316.0
38189,PASS,0.0,316.0
38193,TARGET_EXCLUDED,,
38194,TARGET_EXCLUDED,,
38195,TARGET_EXCLUDED,,
38199,TARGET_EXCLUDED,,
38201,TARGET_EXCLUDED,,
38202,TARGET_EXCLUDED,,
38203,TARGET_EXCLUDED,,
38204,TARGET_EXCLUDED,,
38205,TARGET_EXCLUDED,,
38218,TARGET_EXCLUDED,,
38219,TARGET_EXCLUDED,,
38220,TARGET_EXCLUDED,,
38221,TARGET_EXCLUDED,,
38222,TARGET_EXCLUDED,,
38223,TARGET_EXCLUDED,,
38226,TARGET_EXCLUDED,,
38227,TARGET_EXCLUDED,,
38232,PASS,0.0,316.0
38233,PASS,0.0,316.0
38234,PASS,0.0,316.0
38235,PASS,0.0,316.0
38236,PASS,0.0,316.0
38237,PASS,0.0,316.0
38249,PASS,0.0,316.0
38250,PASS,0.0,316.0
38260,PASS,0.0,316.0
38261,PASS,0.0,316.0
38262,PASS,0.0,316.0
38263,PASS,0.0,316.0
38264,PASS,0.0,316.0
38265,PASS,0.0,316.0
38266,PASS,0.0,316.0
38275,PASS,0.0,316.0
38276,PASS,0.0,316.0
38277,PASS,0.0,316.0
38278,PASS,0.0,316.0
38279,PASS,0.0,316.0
38280,PASS,0.0,316.0
38282,TARGET_EXCLUDED,,
38283,TARGET_EXCLUDED,,
38284,TARGET_EXCLUDED,,
38286,TARGET_EXCLUDED,,
38287,TARGET_EXCLUDED,,
38288,TARGET_EXCLUDED,,
38289,TARGET_EXCLUDED,,
38292,TARGET_EXCLUDED,,
38293,TARGET_EXCLUDED,,
38294,TARGET_EXCLUDED,,
38296,TARGET_EXCLUDED,,
38297,TARGET_EXCLUDED,,
38298,TARGET_EXCLUDED,,
38300,TARGET_EXCLUDED,,
38301,TARGET_EXCLUDED,,
38302,TARGET_EXCLUDED,,
38303,TARGET_EXCLUDED,,
38304,TARGET_EXCLUDED,,
38305,TARGET_EXCLUDED,,
38306,TARGET_EXCLUDED,,
38307,TARGET_EXCLUDED,,
38309,TARGET_EXCLUDED,,
38310,TARGET_EXCLUDED,,
38311,TARGET_EXCLUDED,,
38312,TARGET_EXCLUDED,,
38313,TARGET_EXCLUDED,,
38314,TARGET_EXCLUDED,,
38315,TARGET_EXCLUDED,,
38316,TARGET_EXCLUDED,,
38318,TARGET_EXCLUDED,,
38319,TARGET_EXCLUDED,,
38320,TARGET_EXCLUDED,,
38321,TARGET_EXCLUDED,,
38322,TARGET_EXCLUDED,,
38323,TARGET_EXCLUDED,,
38324,TARGET_EXCLUDED,,
38325,TARGET_EXCLUDED,,
38327,PASS,0.0,316.0
38328,PASS,0.0,316.0
38329,PASS,0.0,316.0
38330,PASS,0.0,316.0
38356,PASS,0.0,316.0
38360,PASS,0.0,316.0
38361,PASS,0.0,316.0
38362,PASS,0.0,316.0
38365,PASS,0.0,316.0
38366,PASS,0.0,316.0
38369,PASS,0.0,316.0
38370,PASS,0.0,316.0
38371,PASS,0.0,316.0
38372,PASS,0.0,316.0
38373,PASS,0.0,316.0
38376,PASS,0.0,316.0
38377,PASS,0.0,316.0
38379,PASS,0.0,316.0
38380,PASS,0.0,316.0
38381,PASS,0.0,316.0
38382,PASS,0.0,316.0
38383,PASS,0.0,316.0
38384,PASS,0.0,316.0
38385,PASS,0.0,316.0
38390,PASS,0.0,316.0
38391,PASS,0.0,316.0
38392,PASS,0.0,316.0
38393,PASS,0.0,316.0
38394,PASS,0.0,316.0
38395,PASS,0.0,316.0
38396,PASS,0.0,316.0
38410,PASS,0.0,316.0
38411,PASS,0.0,316.0
38415,PASS,0.0,316.0
38416,PASS,0.0,316.0
38417,PASS,0.0,316.0
38418,PASS,0.0,316.0
38419,PASS,0.0,316.0
38420,PASS,0.0,316.0
38424,PASS,0.0,316.0
38426,PASS,0.0,316.0
38427,PASS,0.0,316.0
38430,TARGET_EXCLUDED,,
38431,TARGET_EXCLUDED,,
38432,TARGET_EXCLUDED,,
38434,TARGET_EXCLUDED,,
38435,TARGET_EXCLUDED,,
38436,TARGET_EXCLUDED,,
38438,TARGET_EXCLUDED,,
38439,TARGET_EXCLUDED,,
38440,TARGET_EXCLUDED,,
38441,TARGET_EXCLUDED,,
38442,TARGET_EXCLUDED,,
38443,TARGET_EXCLUDED,,
38444,TARGET_EXCLUDED,,
38446,TARGET_EXCLUDED,,
38447,TARGET_EXCLUDED,,
38448,TARGET_EXCLUDED,,
38449,TARGET_EXCLUDED,,
38450,TARGET_EXCLUDED,,
38451,TARGET_EXCLUDED,,
38452,TARGET_EXCLUDED,,
38454,TARGET_EXCLUDED,,
38455,TARGET_EXCLUDED,,
38456,TARGET_EXCLUDED,,
38457,TARGET_EXCLUDED,,
38458,TARGET_EXCLUDED,,
38459,TARGET_EXCLUDED,,
38462,TARGET_EXCLUDED,,
38463,TARGET_EXCLUDED,,
38464,TARGET_EXCLUDED,,
38465,TARGET_EXCLUDED,,
38466,TARGET_EXCLUDED,,
38467,TARGET_EXCLUDED,,
38468,TARGET_EXCLUDED,,
38477,TARGET_EXCLUDED,,
38478,TARGET_EXCLUDED,,
38479,TARGET_EXCLUDED,,
38480,TARGET_EXCLUDED,,
38481,TARGET_EXCLUDED,,
38482,TARGET_EXCLUDED,,
38483,TARGET_EXCLUDED,,
38484,TARGET_EXCLUDED,,
38485,TARGET_EXCLUDED,,
38488,TARGET_EXCLUDED,,
38489,TARGET_EXCLUDED,,
38490,TARGET_EXCLUDED,,
38491,TARGET_EXCLUDED,,
38492,TARGET_EXCLUDED,,
38493,TARGET_EXCLUDED,,
38494,TARGET_EXCLUDED,,
38495,TARGET_EXCLUDED,,
38497,TARGET_EXCLUDED,,
38498,TARGET_EXCLUDED,,
38499,TARGET_EXCLUDED,,
38500,TARGET_EXCLUDED,,
38501,TARGET_EXCLUDED,,
38502,TARGET_EXCLUDED,,
38504,TARGET_EXCLUDED,,
38506,TARGET_EXCLUDED,,
38507,TARGET_EXCLUDED,,
38509,TARGET_EXCLUDED,,
38510,TARGET_EXCLUDED,,
38511,TARGET_EXCLUDED,,
38512,TARGET_EXCLUDED,,
38513,TARGET_EXCLUDED,,
38515,TARGET_EXCLUDED,,
38516,TARGET_EXCLUDED,,
38517,TARGET_EXCLUDED,,
38519,TARGET_EXCLUDED,,
38520,TARGET_EXCLUDED,,
38521,TARGET_EXCLUDED,,
38524,TARGET_EXCLUDED,,
38525,TARGET_EXCLUDED,,
38526,TARGET_EXCLUDED,,
38527,TARGET_EXCLUDED,,
38528,TARGET_EXCLUDED,,
38529,TARGET_EXCLUDED,,
38530,TARGET_EXCLUDED,,
38531,TARGET_EXCLUDED,,
38533,PASS,0.0,316.0
38534,PASS,0.0,316.0
38535,PASS,0.0,316.0
38536,PASS,0.0,316.0
38537,PASS,0.0,316.0
38538,PASS,0.0,316.0
38547,PASS,0.0,316.0
38548,PASS,0.0,316.0
38549,PASS,0.0,316.0
38551,PASS,0.0,316.0
38553,PASS,0.0,316.0
38555,PASS,0.0,316.0
38556,PASS,0.0,316.0
38558,PASS,0.0,316.0
38559,PASS,0.0,316.0
38562,PASS,0.0,316.0
38563,PASS,0.0,316.0
38564,PASS,0.0,316.0
38565,PASS,0.0,316.0
38566,PASS,0.0,316.0
38567,PASS,0.0,316.0
38571,PASS,0.0,316.0
38572,PASS,0.0,316.0
38573,PASS,0.0,316.0
38574,PASS,0.0,316.0
38575,PASS,0.0,316.0
38576,PASS,0.0,316.0
38578,PASS,0.0,316.0
38579,PASS,0.0,316.0
38582,TARGET_EXCLUDED,,
38583,TARGET_EXCLUDED,,
38584,TARGET_EXCLUDED,,
38586,TARGET_EXCLUDED,,
38587,TARGET_EXCLUDED,,
38588,TARGET_EXCLUDED,,
38589,TARGET_EXCLUDED,,
38590,TARGET_EXCLUDED,,
38592,TARGET_EXCLUDED,,
38593,TARGET_EXCLUDED,,
38594,TARGET_EXCLUDED,,
38595,TARGET_EXCLUDED,,
38596,TARGET_EXCLUDED,,
38597,TARGET_EXCLUDED,,
38598,TARGET_EXCLUDED,,
38599,TARGET_EXCLUDED,,
38600,TARGET_EXCLUDED,,
38602,TARGET_EXCLUDED,,
38603,TARGET_EXCLUDED,,
38604,TARGET_EXCLUDED,,
38605,TARGET_EXCLUDED,,
38606,TARGET_EXCLUDED,,
38607,TARGET_EXCLUDED,,
38608,TARGET_EXCLUDED,,
38609,TARGET_EXCLUDED,,
38610,TARGET_EXCLUDED,,
38612,TARGET_EXCLUDED,,
38613,TARGET_EXCLUDED,,
38615,TARGET_EXCLUDED,,
38616,TARGET_EXCLUDED,,
38617,TARGET_EXCLUDED,,
38618,TARGET_EXCLUDED,,
38619,TARGET_EXCLUDED,,
38620,TARGET_EXCLUDED,,
38622,TARGET_EXCLUDED,,
38623,TARGET_EXCLUDED,,
38624,TARGET_EXCLUDED,,
38625,TARGET_EXCLUDED,,
38626,TARGET_EXCLUDED,,
38627,TARGET_EXCLUDED,,
38628,TARGET_EXCLUDED,,
38629,TARGET_EXCLUDED,,
38630,TARGET_EXCLUDED,,
38632,PASS,0.0,316.0
38633,PASS,0.0,316.0
38634,PASS,0.0,316.0
38635,PASS,0.0,316.0
38636,PASS,0.0,316.0
38637,PASS,0.0,316.0
38638,PASS,0.0,316.0
38639,PASS,0.0,316.0
38640,PASS,0.0,316.0
38641,PASS,0.0,316.0
38642,PASS,0.0,316.0
38646,PASS,0.0,316.0
38647,PASS,0.0,316.0
38648,PASS,0.0,316.0
38649,PASS,0.0,316.0
38650,PASS,0.0,316.0
38651,PASS,0.0,316.0
38653,PASS,0.0,316.0
38654,PASS,0.0,316.0
38655,PASS,0.0,316.0
38656,PASS,0.0,316.0
38657,PASS,0.0,316.0
38658,PASS,0.0,316.0
38659,PASS,0.0,316.0
38660,PASS,0.0,316.0
38661,PASS,0.0,316.0
38662,PASS,0.0,316.0
38663,PASS,0.0,316.0
38665,PASS,0.0,316.0
38666,PASS,0.0,316.0
38667,PASS,0.0,316.0
38668,PASS,0.0,316.0
38669,PASS,0.0,316.0
38670,PASS,0.0,316.0
38671,PASS,0.0,316.0
38672,PASS,0.0,316.0
38676,PASS,0.0,316.0
38677,PASS,0.0,316.0
38678,PASS,0.0,316.0
38679,PASS,0.0,316.0
38680,PASS,0.0,316.0
38681,PASS,0.0,316.0
38682,PASS,0.0,316.0
38683,PASS,0.0,316.0
38684,PASS,0.0,316.0
38685,PASS,0.0,316.0
38686,PASS,0.0,316.0
38687,PASS,0.0,316.0
38766,TARGET_EXCLUDED,,
38767,TARGET_EXCLUDED,,
38768,TARGET_EXCLUDED,,
38769,TARGET_EXCLUDED,,
38770,TARGET_EXCLUDED,,
38771,TARGET_EXCLUDED,,
38772,TARGET_EXCLUDED,,
38773,TARGET_EXCLUDED,,
38775,TARGET_EXCLUDED,,
38776,TARGET_EXCLUDED,,
38777,TARGET_EXCLUDED,,
38778,TARGET_EXCLUDED,,
38779,TARGET_EXCLUDED,,
38780,TARGET_EXCLUDED,,
38781,TARGET_EXCLUDED,,
38784,TARGET_EXCLUDED,,
38785,TARGET_EXCLUDED,,
38786,TARGET_EXCLUDED,,
38790,TARGET_EXCLUDED,,
38791,TARGET_EXCLUDED,,
38793,TARGET_EXCLUDED,,
38794,TARGET_EXCLUDED,,
38795,TARGET_EXCLUDED,,
38796,TARGET_EXCLUDED,,
38797,TARGET_EXCLUDED,,
38798,TARGET_EXCLUDED,,
38799,TARGET_EXCLUDED,,
38800,TARGET_EXCLUDED,,
38802,TARGET_EXCLUDED,,
38803,TARGET_EXCLUDED,,
38804,TARGET_EXCLUDED,,
38805,TARGET_EXCLUDED,,
38806,TARGET_EXCLUDED,,
38808,TARGET_EXCLUDED,,
38809,TARGET_EXCLUDED,,
38814,PASS,0.0,316.0
38815,PASS,0.0,316.0
38820,PASS,0.0,316.0
38821,PASS,0.0,316.0
38822,PASS,0.0,316.0
38823,PASS,0.0,316.0
38825,PASS,0.0,316.0
38827,PASS,0.0,316.0
38828,PASS,0.0,316.0
38829,PASS,0.0,316.0
39037,TARGET_EXCLUDED,,
39038,TARGET_EXCLUDED,,
39039,TARGET_EXCLUDED,,
39040,TARGET_EXCLUDED,,
39042,TARGET_EXCLUDED,,
39043,TARGET_EXCLUDED,,
39044,TARGET_EXCLUDED,,
39045,TARGET_EXCLUDED,,
39047,TARGET_EXCLUDED,,
39048,TARGET_EXCLUDED,,
39049,TARGET_EXCLUDED,,
39050,TARGET_EXCLUDED,,
39051,TARGET_EXCLUDED,,
39052,TARGET_EXCLUDED,,
39053,TARGET_EXCLUDED,,
39054,TARGET_EXCLUDED,,
39055,TARGET_EXCLUDED,,
39057,TARGET_EXCLUDED,,
39060,TARGET_EXCLUDED,,
39063,TARGET_EXCLUDED,,
39064,TARGET_EXCLUDED,,
39065,TARGET_EXCLUDED,,
39067,TARGET_EXCLUDED,,
39068,TARGET_EXCLUDED,,
39069,TARGET_EXCLUDED,,
39071,TARGET_EXCLUDED,,
39072,TARGET_EXCLUDED,,
39073,TARGET_EXCLUDED,,
39074,TARGET_EXCLUDED,,
39075,TARGET_EXCLUDED,,
39077,TARGET_EXCLUDED,,
39078,TARGET_EXCLUDED,,
39079,TARGET_EXCLUDED,,
39081,TARGET_EXCLUDED,,
39082,TARGET_EXCLUDED,,
39083,TARGET_EXCLUDED,,
39085,TARGET_EXCLUDED,,
39089,PASS,0.0,316.0
39090,PASS,0.0,316.0
39159,PASS,0.0,316.0
39160,PASS,0.0,316.0
39161,PASS,0.0,316.0
39366,PASS,0.0,316.0
39367,PASS,0.0,316.0
39368,PASS,0.0,316.0
39369,PASS,0.0,316.0
39370,PASS,0.0,316.0
39371,PASS,0.0,316.0
39373,PASS,0.0,316.0
39374,PASS,0.0,316.0
39375,PASS,0.0,316.0
39376,PASS,0.0,316.0
39377,PASS,0.0,316.0
39378,PASS,0.0,316.0
39379,PASS,0.0,316.0
39380,PASS,0.0,316.0
39381,PASS,0.0,316.0
39382,PASS,0.0,316.0
39383,PASS,0.0,316.0
39384,PASS,0.0,316.0
39386,PASS,0.0,316.0
39387,PASS,0.0,316.0
39388,PASS,0.0,316.0
39390,PASS,0.0,316.0
39391,PASS,0.0,316.0
39392,PASS,0.0,316.0
