drug,split,plate,treated_n,rms_a_shared,rms_b_shared,rms_a_disjoint_control,rms_b_disjoint_control,reference_half_discrepancy_rms,treated_half_discrepancy_rms
Levobupivacaine (hydrochloride),train,plate9,20,0.11321043183922327,0.10422575774266712,0.12302375083838757,0.117899029185752,0.1041399975007763,0.14000650898884268
Menadione,train,plate9,8,0.1547690720248604,0.15493612452864727,0.16017124225827165,0.16157685686256015,0.1041399975007763,0.20714288359431357
Lenalidomide (hemihydrate),train,plate14,25,0.11870005052418939,0.12782568749016185,0.15223763470796514,0.16755489854291372,0.20265014968589157,0.11443253456425187
Ixazomib,train,plate3,30,0.107205484193486,0.10062136552166664,0.11359118837394105,0.11412367226344862,0.10711983781515795,0.11990017040297753
Nafamostat (mesylate),train,plate12,43,0.09868252479803419,0.10811018244150514,0.12622106936149521,0.1291686740654101,0.15573455526715527,0.08940268343157937
Delamanid,train,plate12,28,0.11788235040020285,0.11124040580425384,0.1409916224106639,0.13494452268513507,0.15573455526715527,0.11572996992139777
Fulvestrant,train,plate12,32,0.1149764113046063,0.10574792870135682,0.14427678585578832,0.12880491397915253,0.15573455526715527,0.10934020183318133
Phenylephrine (hydrochloride),train,plate12,16,0.12761166509141292,0.14193764036039924,0.15202373847519954,0.16058910253498948,0.15573455526715527,0.1490425587236147
Topotecan (hydrochloride),train,plate9,28,0.09944655518474227,0.09716474072262811,0.10944684445496879,0.11080062470851261,0.1041399975007763,0.09768355029626667
Naproxen,train,plate9,25,0.09190136304408332,0.10148190886387239,0.10320585299645384,0.1188131641662834,0.1041399975007763,0.11454852846208186
Posaconazole,train,plate9,24,0.10230072660053251,0.10977672551988825,0.11064388324455995,0.12066468889235789,0.1041399975007763,0.13156265934164432
Nevirapine,train,plate9,29,0.0939940318643327,0.09103858130072742,0.10516672254081505,0.10951407262899203,0.1041399975007763,0.09823522729287812
Bimiralisib,train,plate3,51,0.09262942161247793,0.09645743343699664,0.1040402742832426,0.11667558792103118,0.10711983781515795,0.0812112067241575
Dihydroartemisinin,train,plate12,7,0.1603044154158191,0.18090847606397625,0.17435233038611456,0.19432649021281279,0.15573455526715527,0.22492421223545464
Quinestrol,train,plate6,21,0.12673143724630825,0.12190592166786625,0.16153766335433795,0.15069437618640225,0.1667986336128361,0.14201315850244675
Neratinib,train,plate12,22,0.11293842472928001,0.11925368549399261,0.13693821829520836,0.14362130827487904,0.15573455526715527,0.11609905174546417
Dapagliflozin,train,plate12,18,0.12270980720885394,0.12947998346290254,0.14184306063196755,0.1580490223382944,0.15573455526715527,0.1444063073000447
Lipoic acid,train,plate14,22,0.11930329019831275,0.13377007580689512,0.15507740816289062,0.17293038308863118,0.20265014968589157,0.1373809754161921
Vortioxetine,train,plate12,8,0.18299462205523093,0.16723530053299743,0.2026385987862098,0.17991742190622897,0.15573455526715527,0.2195043220519036
Selinexor ,train,plate6,35,0.12052970145095303,0.11684381374724621,0.14952714590065447,0.131924446024082,0.1667986336128361,0.10845737089738297
Ornidazole,train,plate13,30,0.11077006146204946,0.1195591355628691,0.13905993686676177,0.1495146918693952,0.16686662715683334,0.10967470146421063
Methyl aminolevulinate (hydrochloride),train,plate12,21,0.11632557774938425,0.12439647751453724,0.13978448815411237,0.14681694287756572,0.15573455526715527,0.12332268768919566
Budesonide,train,plate12,19,0.12228605338576705,0.12511176136936009,0.1427754326393765,0.14756205451573787,0.15573455526715527,0.1302876463139013
Docetaxel (Trihydrate),train,plate9,22,0.11099512005367926,0.105889421337375,0.11894246641197621,0.12194303862027112,0.1041399975007763,0.12666376729674186
Valdecoxib,development,plate12,10,0.15131244929162835,0.1391289558235571,0.17095458714440775,0.16181093540488545,0.15573455526715527,0.1771497966416221
Clofarabine,development,plate9,5,0.17366425112024694,0.20279674055622116,0.18495433606290085,0.21155207988904612,0.1041399975007763,0.25151769335899593
Vilanterol,development,plate14,40,0.11385457744540455,0.1148806308409275,0.14923321113170251,0.15352471505078105,0.20265014968589157,0.09089935185630413
Raltitrexed,development,plate14,23,0.12327915609403035,0.12676436211024564,0.1606236310184997,0.1639658031573818,0.20265014968589157,0.1241172696912441
Tazarotene,development,plate12,29,0.10828641159363325,0.11099143824309696,0.1360441545420244,0.1337441592571677,0.15573455526715527,0.11102125691265818
Crizotinib (hydrochloride),development,plate12,35,0.11152705057202887,0.10704739611742928,0.13748667021897973,0.13176648025224555,0.15573455526715527,0.10131948148624766
