BARCODE,unit,date_cluster,tissue,growth,medium,log2_density,unit_weight,fixed_action,fixed_utility,C_action,C_utility,CS_action,CS_utility,shuffle_action,shuffle_utility,CS-C,CS-C_weighted_contribution,CS-C_switched,CS-fixed,CS-fixed_weighted_contribution,CS-fixed_switched,C-fixed,C-fixed_weighted_contribution,C-fixed_switched,CS-shuffle,CS-shuffle_weighted_contribution,CS-shuffle_switched,denominator,nc_count,blank_count,nc_sd,blank_sd,nc_cv,utility_outside_01
10416,SIDP00425,2015-10-22,aero_dig_tract,Adherent,R,9.287712379549449,0.004672897196261682,0,0.2337624477100124,0,0.2337624477100124,0,0.2337624477100124,0,0.2337624477100124,0.0,0.0,False,0.0,0.0,False,0.0,0.0,False,0.0,0.0,False,43011.41883116883,110,28,4528.145726243626,496.9033352707291,0.10314575949447591,0
10419,SIDP00730,2015-10-22,urogenital_system,Adherent,D/F12,8.965784284662087,0.004672897196261682,0,0.0840805978705396,2,0.0840805978705396,2,0.0840805978705396,2,0.0840805978705396,0.0,0.0,False,0.0,0.0,True,0.0,0.0,True,0.0,0.0,False,30422.865584415587,110,28,2696.4928818067915,357.1426044972651,0.08746903034013885,0
10422,SIDP00731,2015-10-22,lung_NSCLC,Adherent,D/F12,8.965784284662087,0.004672897196261682,0,0.3574288475856489,2,0.0782091933213259,2,0.0782091933213259,2,0.0782091933213259,0.0,0.0,False,-0.279219654264323,-0.001304764739552911,True,-0.279219654264323,-0.001304764739552911,True,0.0,0.0,False,30664.03051948052,110,28,3477.128629535959,549.2680013450513,0.11050708798692105,0
10425,SIDP00778,2015-10-22,lung,Adherent,R,8.643856189774725,0.004672897196261682,0,0.1825034071423685,0,0.1825034071423685,0,0.1825034071423685,0,0.1825034071423685,0.0,0.0,False,0.0,0.0,False,0.0,0.0,False,0.0,0.0,False,35440.733116883115,110,28,3831.774370012615,465.3568963766316,0.10604916931009828,0
10431,SIDP00114,2015-10-22,breast,Adherent,R,8.643856189774725,0.004672897196261682,0,0.2532401845222539,0,0.2532401845222539,0,0.2532401845222539,0,0.2532401845222539,0.0,0.0,False,0.0,0.0,False,0.0,0.0,False,0.0,0.0,False,33122.81298701299,110,28,3679.9897099454524,487.8100994461811,0.10864712429045681,1
10434,SIDP00046,2015-10-22,bone,Adherent,D/F12,8.228818690495881,0.004672897196261682,0,0.0260422682282325,1,0.0941407671323605,1,0.0941407671323605,1,0.0941407671323605,0.0,0.0,False,0.068098498904128,0.00031821728459872895,True,0.068098498904128,0.00031821728459872895,True,0.0,0.0,False,29251.746103896105,110,28,3202.230482343785,479.1173584015644,0.10735371299648244,0
10437,SIDP00669,2015-10-22,thyroid,Adherent,D/F12,6.643856189774724,0.004672897196261682,0,0.0993800202364698,2,0.5245788541775203,2,0.5245788541775203,2,0.5245788541775203,0.0,0.0,False,0.42519883394105046,0.001986910438976871,True,0.42519883394105046,0.001986910438976871,True,0.0,0.0,False,30437.524675324676,110,28,3040.6767044142175,391.26444730497525,0.0977839034182439,0
10440,SIDP00605,2015-10-22,pancreas,Adherent,D/F12,8.643856189774725,0.004672897196261682,0,0.0572841595120219,2,0.2271260261954002,2,0.2271260261954002,2,0.2271260261954002,0.0,0.0,False,0.1698418666833783,0.0007936535826326089,True,0.1698418666833783,0.0007936535826326089,True,0.0,0.0,False,41032.28571428572,110,28,4287.2132236186535,537.715356143754,0.1021482523109959,0
10443,SIDP00897,2015-10-22,nervous_system,Adherent,D/F12,8.643856189774725,0.004672897196261682,0,0.3753911534532375,2,0.2697253933560948,2,0.2697253933560948,2,0.2697253933560948,0.0,0.0,False,-0.10566576009714268,-0.0004937652340987975,True,-0.10566576009714268,-0.0004937652340987975,True,0.0,0.0,False,26385.084415584413,110,28,3416.2494911068643,335.43572705382326,0.12734974363882537,0
10446,SIDP00903,2015-10-22,leukemia,Suspension,R,11.550746785383245,0.004672897196261682,0,0.1123348200113486,0,0.1123348200113486,0,0.1123348200113486,0,0.1123348200113486,0.0,0.0,False,0.0,0.0,False,0.0,0.0,False,0.0,0.0,False,65129.80974025974,110,28,8850.93968207405,551.7228559597289,0.13358831082008688,0
10449,SIDP00905,2015-10-22,lung_NSCLC,Suspension,R,9.287712379549449,0.004672897196261682,0,0.1110643370010243,0,0.1110643370010243,0,0.1110643370010243,0,0.1110643370010243,0.0,0.0,False,0.0,0.0,False,0.0,0.0,False,0.0,0.0,False,70784.77077922078,110,28,7840.541343271286,673.7379608921335,0.10892717397070883,0
10455,SIDP00819,2015-10-22,bone,Adherent,D/F12,7.643856189774724,0.004672897196261682,0,0.1102486351135636,1,0.0634738968126448,1,0.0634738968126448,1,0.0634738968126448,0.0,0.0,False,-0.0467747383009188,-0.00021857354346223738,True,-0.0467747383009188,-0.00021857354346223738,True,0.0,0.0,False,29781.032467532466,110,28,3699.9460048919536,461.84852873216295,0.12107819490842842,1
10458,SIDP00649,2015-10-22,neuroblastoma,Adherent,D/F12,9.287712379549449,0.004672897196261682,0,0.0155096258252777,2,0.0236683797801575,2,0.0236683797801575,2,0.0236683797801575,0.0,0.0,False,0.008158753954879801,3.812501848074673e-05,True,0.008158753954879801,3.812501848074673e-05,True,0.0,0.0,False,48904.52662337662,110,28,4766.945922340854,550.8641347678619,0.0954563471094612,0
10461,SIDP00265,2015-10-22,lung_NSCLC,Adherent,D/F12,10.287712379549449,0.004672897196261682,0,-0.0718338939105207,2,-0.0290315108079934,0,-0.0718338939105207,2,-0.0290315108079934,-0.04280238310252729,-0.00020001113599311818,True,0.0,0.0,False,0.04280238310252729,0.00020001113599311818,True,-0.04280238310252729,-0.00020001113599311818,True,37217.5538961039,110,28,3688.6047130350235,469.80117797361555,0.09670838731305031,3
10464,SIDP01023,2015-10-22,myeloma,Suspension,R,10.287712379549449,0.004672897196261682,0,0.0555803994773338,0,0.0555803994773338,0,0.0555803994773338,0,0.0555803994773338,0.0,0.0,False,0.0,0.0,False,0.0,0.0,False,0.0,0.0,False,70317.79090909091,110,28,9007.79118659977,365.33551296997814,0.12720121701065265,1
10467,SIDP00834,2015-10-22,pancreas,Adherent,R,9.287712379549449,0.004672897196261682,0,-0.0120043929448077,2,0.5087600777781291,0,-0.0120043929448077,2,0.5087600777781291,-0.5207644707229369,-0.00243347883515391,True,0.0,0.0,False,0.5207644707229369,0.00243347883515391,True,-0.5207644707229369,-0.00243347883515391,True,56213.51233766234,110,28,5207.561399912779,749.91204687105,0.0906179911969384,1
10473,SIDP00300,2015-10-22,skin,Adherent,D/F12,8.344295907915816,0.004672897196261682,0,-0.0181631428300781,2,0.7648571920940075,2,0.7648571920940075,2,0.7648571920940075,0.0,0.0,False,0.7830203349240856,0.0036589735276826426,True,0.7830203349240856,0.0036589735276826426,True,0.0,0.0,False,32801.191558441555,110,28,4075.544067150553,420.3166779802579,0.12184269710988319,1
10479,SIDP00770,2015-10-22,kidney,Adherent,R,8.228818690495881,0.004672897196261682,0,0.5578834060704203,0,0.5578834060704203,0,0.5578834060704203,0,0.5578834060704203,0.0,0.0,False,0.0,0.0,False,0.0,0.0,False,0.0,0.0,False,40215.555194805194,110,28,4535.382033402194,498.40415566180064,0.1102196195107181,0
10485,SIDP00976,2015-10-22,nervous_system,Adherent,D/F12,8.344295907915816,0.004672897196261682,0,0.1711398346019934,2,-0.1610739401303138,2,-0.1610739401303138,2,-0.1610739401303138,0.0,0.0,False,-0.3322137747323072,-0.0015524008165061082,True,-0.3322137747323072,-0.0015524008165061082,True,0.0,0.0,False,30567.666883116883,110,28,3659.9510961699066,392.3838873850009,0.1168889756424885,1
10488,SIDP00122,2015-10-22,leukemia,Suspension,R,11.550746785383245,0.004672897196261682,0,0.1045549824428986,0,0.1045549824428986,0,0.1045549824428986,0,0.1045549824428986,0.0,0.0,False,0.0,0.0,False,0.0,0.0,False,0.0,0.0,False,86396.38701298702,110,28,12782.958444856147,660.8228516552989,0.14543744466388653,1
10491,SIDP00629,2015-10-22,urogenital_system,Suspension,R,8.965784284662087,0.004672897196261682,0,0.0422671656025834,0,0.0422671656025834,0,0.0422671656025834,0,0.0422671656025834,0.0,0.0,False,0.0,0.0,False,0.0,0.0,False,0.0,0.0,False,29989.537012987013,110,28,4974.771463026329,472.74207846490964,0.1618729257447299,1
10493,SIDP00967,2015-10-22,aero_dig_tract,Adherent,D/F12,8.643856189774725,0.004672897196261682,0,0.0631525880887137,0,0.0631525880887137,0,0.0631525880887137,0,0.0631525880887137,0.0,0.0,False,0.0,0.0,False,0.0,0.0,False,0.0,0.0,False,26433.524025974028,110,28,2987.3956453659807,255.98872277988377,0.11166437672034828,1
10500,SIDP00958,2015-10-22,urogenital_system,Adherent,D/F12,7.965784284662087,0.004672897196261682,0,0.2459993398305884,2,0.0182835307853094,2,0.0182835307853094,2,0.0182835307853094,0.0,0.0,False,-0.227715809045279,-0.0010640925656321448,True,-0.227715809045279,-0.0010640925656321448,True,0.0,0.0,False,27108.35064935065,110,28,2829.0320538955207,401.1707733845892,0.10187134413671316,0
10503,SIDP00888,2015-10-22,lung_NSCLC,Adherent,D/F12,8.228818690495881,0.004672897196261682,0,0.3875404817384641,2,0.2622261616831336,2,0.2622261616831336,2,0.2622261616831336,0.0,0.0,False,-0.1253143200553305,-0.000585580934837993,True,-0.1253143200553305,-0.000585580934837993,True,0.0,0.0,False,41312.11818181818,110,28,3706.194090611158,590.938863792813,0.08763942711400878,0
10506,SIDP00744,2015-10-25,urogenital_system,Suspension,R,9.287712379549449,0.004672897196261682,0,0.2098933931368878,0,0.2098933931368878,0,0.2098933931368878,0,0.2098933931368878,0.0,0.0,False,0.0,0.0,False,0.0,0.0,False,0.0,0.0,False,46449.33766233766,110,28,5014.846677425117,445.13260018339673,0.1058466667338427,0
10514,SIDP00588,2015-10-25,digestive_system,Suspension,R,10.287712379549449,0.004672897196261682,0,0.2233368274371747,0,0.2233368274371747,0,0.2233368274371747,0,0.2233368274371747,0.0,0.0,False,0.0,0.0,False,0.0,0.0,False,0.0,0.0,False,31327.976623376624,110,28,3816.5416997313364,441.08627334014886,0.11896694215677937,0
10517,SIDP00441,2015-10-25,urogenital_system,Adherent,R,8.643856189774725,0.004672897196261682,0,0.4204036420152336,0,0.4204036420152336,0,0.4204036420152336,0,0.4204036420152336,0.0,0.0,False,0.0,0.0,False,0.0,0.0,False,0.0,0.0,False,44608.38441558442,110,28,3670.6334320968845,687.2483897444571,0.08009494632574178,0
10523,SIDP00661,2015-10-25,lung_NSCLC,Adherent,R,8.228818690495881,0.004672897196261682,0,0.8575431697113909,0,0.8575431697113909,0,0.8575431697113909,0,0.8575431697113909,0.0,0.0,False,0.0,0.0,False,0.0,0.0,False,0.0,0.0,False,33857.12402597403,110,28,4402.322841485757,467.8575324122939,0.1264782871348125,0
10529,SIDP00143,2015-10-25,digestive_system,Semi-Adherent,D/F12,8.643856189774725,0.004672897196261682,0,0.1114114059956201,2,0.1244618874817772,2,0.1244618874817772,2,0.1244618874817772,0.0,0.0,False,0.01305048148615709,6.098355834652845e-05,True,0.01305048148615709,6.098355834652845e-05,True,0.0,0.0,False,30496.95909090909,110,28,3341.6028273689103,484.977557709098,0.10754832847849688,0
10532,SIDP00195,2015-10-25,lung_NSCLC,Semi-Adherent,D/F12,9.287712379549449,0.004672897196261682,0,0.4817876034960906,2,0.5653382573762434,2,0.5653382573762434,2,0.5653382573762434,0.0,0.0,False,0.08355065388015281,0.0003904236162623963,True,0.08355065388015281,0.0003904236162623963,True,0.0,0.0,False,40514.34480519481,110,28,3940.2918644411125,456.6542968432432,0.09513405908948533,0
10537,SIDP01034,2015-10-25,soft_tissue,Adherent,R,9.287712379549449,0.004672897196261682,0,0.3589194584611573,0,0.3589194584611573,0,0.3589194584611573,0,0.3589194584611573,0.0,0.0,False,0.0,0.0,False,0.0,0.0,False,0.0,0.0,False,44284.38441558442,110,28,4912.988150145445,411.2016459728653,0.10878943287078113,1
10540,SIDP01037,2015-10-25,urogenital_system,Adherent,R,9.287712379549449,0.004672897196261682,0,0.1181821735360225,0,0.1181821735360225,0,0.1181821735360225,0,0.1181821735360225,0.0,0.0,False,0.0,0.0,False,0.0,0.0,False,0.0,0.0,False,40184.725324675324,110,28,4291.581015168901,661.1230254361927,0.1037061707743725,0
10543,SIDP00301,2015-10-25,lung_SCLC,Semi-Adherent,R,9.287712379549449,0.004672897196261682,0,0.3421785317601163,0,0.3421785317601163,0,0.3421785317601163,0,0.3421785317601163,0.0,0.0,False,0.0,0.0,False,0.0,0.0,False,0.0,0.0,False,41377.86818181818,110,28,5198.675252887748,616.2627280632831,0.12252756454641085,0
10546,SIDP00328,2015-10-25,lymphoma,Suspension,R,10.550746785383245,0.002336448598130841,0,0.518838491600456,0,0.518838491600456,0,0.518838491600456,0,0.518838491600456,0.0,0.0,False,0.0,0.0,False,0.0,0.0,False,0.0,0.0,False,64924.44285714286,110,28,8038.801201820164,526.582251623493,0.12191398931759181,0
10549,SIDP00341,2015-10-25,soft_tissue,Adherent,D/F12,8.965784284662087,0.004672897196261682,0,0.1569604129922535,1,-0.0813718631255933,1,-0.0813718631255933,1,-0.0813718631255933,0.0,0.0,False,-0.2383322761178468,-0.0011137022248497513,True,-0.2383322761178468,-0.0011137022248497513,True,0.0,0.0,False,37598.76818181818,110,28,3649.5865587933527,544.1692700295051,0.09466532229053044,1
10552,SIDP00368,2015-10-25,skin,Adherent,D/F12,8.813781191217037,0.004672897196261682,0,0.1556780549108222,2,0.3439724586244868,2,0.3439724586244868,2,0.3439724586244868,0.0,0.0,False,0.18829440371366457,0.0008798803911853484,True,0.18829440371366457,0.0008798803911853484,True,0.0,0.0,False,25380.467532467534,110,28,2688.7438906965704,311.15458313059537,0.10321797857082328,0
10555,SIDP00679,2015-10-25,digestive_system,Adherent,D/F12,7.643856189774724,0.002336448598130841,0,-0.0617104380946715,2,-0.0679159790705639,2,-0.0679159790705639,2,-0.0679159790705639,0.0,0.0,False,-0.006205540975892404,-1.4498927513767299e-05,True,-0.006205540975892404,-1.4498927513767299e-05,True,0.0,0.0,False,32229.261038961038,110,28,3590.6278276805706,402.7292734888634,0.10863861875801281,2
10561,SIDP00782,2015-10-25,lung,Adherent,R,8.965784284662087,0.004672897196261682,0,0.1006389111050717,0,0.1006389111050717,0,0.1006389111050717,0,0.1006389111050717,0.0,0.0,False,0.0,0.0,False,0.0,0.0,False,0.0,0.0,False,38962.69935064935,110,28,3340.993011554007,526.0986727716232,0.08403288044466585,0
10564,SIDP00757,2015-10-25,myeloma,Suspension,R,9.643856189774723,0.004672897196261682,0,0.3050801565134237,0,0.3050801565134237,0,0.3050801565134237,0,0.3050801565134237,0.0,0.0,False,0.0,0.0,False,0.0,0.0,False,0.0,0.0,False,78800.09545454546,110,28,11495.426394425656,586.7227640477672,0.14370658003718334,0
10567,SIDP00564,2015-10-25,kidney,Adherent,D/F12,8.228818690495881,0.002336448598130841,0,0.1760088825921345,0,0.1760088825921345,0,0.1760088825921345,0,0.1760088825921345,0.0,0.0,False,0.0,0.0,False,0.0,0.0,False,0.0,0.0,False,36264.13051948052,110,28,4297.037055766705,498.20656533814537,0.11538207086764839,1
10573,SIDP00333,2015-10-25,nervous_system,Adherent,D/F12,8.228818690495881,0.004672897196261682,0,-0.0979071401738775,2,-0.1042004703507573,2,-0.1042004703507573,2,-0.1042004703507573,0.0,0.0,False,-0.006293330176879802,-2.9408084938690664e-05,True,-0.006293330176879802,-2.9408084938690664e-05,True,0.0,0.0,False,31620.77857142857,110,28,3107.8364489750716,354.51438392919744,0.09608962804972535,2
10584,SIDP00454,2015-10-28,nervous_system,Adherent,D/F12,7.22881869049588,0.004672897196261682,0,0.3729196887689743,2,0.3644602176435375,2,0.3644602176435375,2,0.3644602176435375,0.0,0.0,False,-0.008459471125436824,-3.953023890391039e-05,True,-0.008459471125436824,-3.953023890391039e-05,True,0.0,0.0,False,23523.929220779224,110,28,2811.5607982966976,403.1402971750024,0.11665483709738486,0
10592,SIDP00797,2015-10-28,lung_SCLC,Suspension,R,10.287712379549449,0.004672897196261682,0,0.043030344197444,0,0.043030344197444,0,0.043030344197444,0,0.043030344197444,0.0,0.0,False,0.0,0.0,False,0.0,0.0,False,0.0,0.0,False,67558.45649350648,110,28,9264.933579107357,689.9757021640107,0.1342412019717666,1
10595,SIDP01060,2015-10-28,myeloma,Semi-Adherent,R,10.287712379549449,0.004672897196261682,0,-0.0353922791295981,0,-0.0353922791295981,0,-0.0353922791295981,0,-0.0353922791295981,0.0,0.0,False,0.0,0.0,False,0.0,0.0,False,0.0,0.0,False,47043.90194805195,110,28,6557.880704175078,579.0839086699121,0.13630444514972892,1
10601,SIDP00464,2015-10-28,lymphoma,Suspension,R,11.287712379549449,0.004672897196261682,0,-0.0471595079712894,0,-0.0471595079712894,0,-0.0471595079712894,0,-0.0471595079712894,0.0,0.0,False,0.0,0.0,False,0.0,0.0,False,0.0,0.0,False,100479.88246753247,110,28,14846.217327750046,792.2619507948419,0.14552629925696334,2
10615,SIDP00638,2015-10-28,bone,Adherent,R,10.287712379549449,0.004672897196261682,0,0.4648283871575747,0,0.4648283871575747,0,0.4648283871575747,0,0.4648283871575747,0.0,0.0,False,0.0,0.0,False,0.0,0.0,False,0.0,0.0,False,35140.730519480516,110,28,4087.7309429929364,569.4556890101562,0.11341132945229504,0
10618,SIDP00515,2015-10-28,bone,Semi-Adherent,R,9.965784284662089,0.004672897196261682,0,0.0793170529856076,0,0.0793170529856076,0,0.0793170529856076,0,0.0793170529856076,0.0,0.0,False,0.0,0.0,False,0.0,0.0,False,0.0,0.0,False,39761.826623376626,110,28,5801.574436883972,581.4872682369693,0.14295299445731177,1
10621,SIDP00096,2015-10-28,lymphoma,Suspension,R,10.550746785383245,0.004672897196261682,0,0.5208559403662829,0,0.5208559403662829,0,0.5208559403662829,0,0.5208559403662829,0.0,0.0,False,0.0,0.0,False,0.0,0.0,False,0.0,0.0,False,49768.06233766233,110,28,8093.3676748939015,355.042817300114,0.1599227222719102,0
10627,SIDP00874,2015-10-28,thyroid,Semi-Adherent,D/F12,8.228818690495881,0.004672897196261682,0,0.2058914747073886,2,0.5906088588728171,2,0.5906088588728171,2,0.5906088588728171,0.0,0.0,False,0.3847173841654285,0.0017977447858197593,True,0.3847173841654285,0.0017977447858197593,True,0.0,0.0,False,39850.031818181815,110,28,5602.921961121597,636.4045199108527,0.13581595951167358,0
10630,SIDP00496,2015-10-28,aero_dig_tract,Adherent,R,8.643856189774725,0.004672897196261682,0,0.2327278488759696,0,0.2327278488759696,0,0.2327278488759696,0,0.2327278488759696,0.0,0.0,False,0.0,0.0,False,0.0,0.0,False,0.0,0.0,False,35352.60779220779,110,28,4560.124410175696,404.51177051696834,0.12632085809193885,1
10633,SIDP00161,2015-10-28,breast,Adherent,D/F12,8.643856189774725,0.004672897196261682,0,0.0418948119902539,0,0.0418948119902539,0,0.0418948119902539,0,0.0418948119902539,0.0,0.0,False,0.0,0.0,False,0.0,0.0,False,0.0,0.0,False,28957.154545454545,110,28,3578.724905378121,491.2644305674295,0.12056823233292405,2
10636,SIDP01006,2015-10-28,leukemia,Suspension,D/F12,10.287712379549449,0.004672897196261682,0,-0.0228172902072874,2,-0.0328751604300205,2,-0.0328751604300205,2,-0.0328751604300205,0.0,0.0,False,-0.0100578702227331,-4.699939356417336e-05,True,-0.0100578702227331,-4.699939356417336e-05,True,0.0,0.0,False,59356.5025974026,110,28,7471.621247480686,620.1963676058853,0.1237563375745792,2
10639,SIDP00619,2015-10-28,lung_SCLC,Suspension,R,9.287712379549449,0.004672897196261682,0,0.5232509932158849,0,0.5232509932158849,0,0.5232509932158849,0,0.5232509932158849,0.0,0.0,False,0.0,0.0,False,0.0,0.0,False,0.0,0.0,False,54896.28636363636,110,28,7461.92037003594,444.1749425954031,0.134205906238634,1
10642,SIDP00642,2015-10-28,neuroblastoma,Adherent,D/F12,8.965784284662087,0.004672897196261682,0,0.0954821505636068,2,0.3834432863122839,2,0.3834432863122839,2,0.3834432863122839,0.0,0.0,False,0.2879611357486771,0.0013456127838723229,True,0.2879611357486771,0.0013456127838723229,True,0.0,0.0,False,36647.30649350649,110,28,4847.537862748021,453.51088959817383,0.1291156172687493,0
10645,SIDP00929,2015-10-28,urogenital_system,Adherent,R,8.344295907915816,0.004672897196261682,0,0.4943689535707962,0,0.4943689535707962,0,0.4943689535707962,0,0.4943689535707962,0.0,0.0,False,0.0,0.0,False,0.0,0.0,False,0.0,0.0,False,42981.79220779221,110,28,4477.244578748363,478.0144061498277,0.10188554688312462,0
10648,SIDP01027,2015-10-28,leukemia,Suspension,R,10.287712379549449,0.004672897196261682,0,0.2632763183902599,0,0.2632763183902599,0,0.2632763183902599,2,0.0575303452443293,0.0,0.0,False,0.0,0.0,False,0.0,0.0,False,0.20574597314593057,0.0009614297810557502,True,55174.83441558442,110,28,6020.6954757813,492.27802587755707,0.10724769498922594,0
10651,SIDP00947,2015-10-28,lung_SCLC,Adherent,D/F12,8.344295907915816,0.004672897196261682,0,0.0614225678927964,0,0.0614225678927964,0,0.0614225678927964,0,0.0614225678927964,0.0,0.0,False,0.0,0.0,False,0.0,0.0,False,0.0,0.0,False,26845.033766233766,110,28,3258.958941515742,397.7865344429434,0.11837892682820512,0
10657,SIDP00332,2015-10-28,leukemia,Suspension,R,9.287712379549449,0.004672897196261682,0,0.4101962370252394,0,0.4101962370252394,2,-0.0081240697148878,0,0.4101962370252394,-0.4183203067401272,-0.001954767788505267,True,-0.4183203067401272,-0.001954767788505267,True,0.0,0.0,False,-0.4183203067401272,-0.001954767788505267,True,75709.92727272728,110,28,8989.39223865275,832.7155932605436,0.11667121862493071,1
10660,SIDP01057,2015-10-28,urogenital_system,Adherent,D/F12,7.643856189774724,0.004672897196261682,0,0.1814221607193155,2,0.299039755653517,2,0.299039755653517,2,0.299039755653517,0.0,0.0,False,0.11761759493420149,0.0005496149295990723,True,0.11761759493420149,0.0005496149295990723,True,0.0,0.0,False,27079.28181818182,110,28,3172.0610073781327,377.036347594509,0.11407508528383677,0
10663,SIDP00774,2015-10-28,skin,Adherent,D/F12,6.643856189774724,0.004672897196261682,0,0.1441114561586757,2,0.8133239509825843,2,0.8133239509825843,2,0.8133239509825843,0.0,0.0,False,0.6692124948239085,0.0031271611907659276,True,0.6692124948239085,0.0031271611907659276,True,0.0,0.0,False,22907.522077922076,110,28,3113.3530994092744,388.32173155228793,0.1330024633656608,0
10672,SIDP00564,2015-10-29,kidney,Adherent,D/F12,8.228818690495881,0.002336448598130841,0,0.1160658757336864,0,0.1160658757336864,0,0.1160658757336864,0,0.1160658757336864,0.0,0.0,False,0.0,0.0,False,0.0,0.0,False,0.0,0.0,False,36075.0461038961,110,28,3753.3283263464255,529.3462412464012,0.10188718144640016,0
10675,SIDP00097,2015-10-29,bone,Adherent,R,9.550746785383245,0.004672897196261682,0,0.2281415981446257,0,0.2281415981446257,0,0.2281415981446257,0,0.2281415981446257,0.0,0.0,False,0.0,0.0,False,0.0,0.0,False,0.0,0.0,False,32888.66558441558,110,28,3419.048096801243,458.6843778303426,0.10120835043880914,1
10678,SIDP00679,2015-10-29,digestive_system,Adherent,D/F12,7.643856189774724,0.002336448598130841,0,0.1960614806278598,2,0.1284086282489882,2,0.1284086282489882,2,0.1284086282489882,0.0,0.0,False,-0.06765285237887161,-0.00015806741210016732,True,-0.06765285237887161,-0.00015806741210016732,True,0.0,0.0,False,26488.16623376623,110,28,2755.902904860314,451.56105483465495,0.10172270276456671,0
10682,SIDP00328,2015-10-29,lymphoma,Suspension,R,10.550746785383245,0.002336448598130841,0,0.6013545672550118,0,0.6013545672550118,0,0.6013545672550118,0,0.6013545672550118,0.0,0.0,False,0.0,0.0,False,0.0,0.0,False,0.0,0.0,False,46030.61103896104,110,28,6781.808210788865,362.88946784525984,0.14555510979900976,0
10686,SIDP00412,2015-11-01,kidney,Adherent,D/F12,7.965784284662087,0.004672897196261682,0,0.6462790564840996,0,0.6462790564840996,0,0.6462790564840996,0,0.6462790564840996,0.0,0.0,False,0.0,0.0,False,0.0,0.0,False,0.0,0.0,False,9788.285064935066,110,28,1357.3062902816118,101.07534907422378,0.13631728907039686,0
10689,SIDP00416,2015-11-01,breast,Adherent,D/F12,8.643856189774725,0.004672897196261682,0,0.2803969593488854,0,0.2803969593488854,0,0.2803969593488854,0,0.2803969593488854,0.0,0.0,False,0.0,0.0,False,0.0,0.0,False,0.0,0.0,False,34025.009090909094,110,28,3140.248449662012,154.08162819800467,0.09157777276904112,0
10691,SIDP00417,2015-11-01,pancreas,Adherent,D/F12,9.287712379549449,0.004672897196261682,0,0.1475184274798247,2,0.2573660821249321,2,0.2573660821249321,2,0.2573660821249321,0.0,0.0,False,0.10984765464510743,0.000513306797407044,True,0.10984765464510743,0.000513306797407044,True,0.0,0.0,False,33063.97402597403,110,28,2635.1968491357047,130.98442897887,0.07900562916460276,0
10696,SIDP00111,2015-11-01,breast,Adherent,R,8.344295907915816,0.004672897196261682,0,0.4728994137938188,0,0.4728994137938188,0,0.4728994137938188,0,0.4728994137938188,0.0,0.0,False,0.0,0.0,False,0.0,0.0,False,0.0,0.0,False,26945.995454545453,110,28,3212.237196436747,137.77023948911787,0.1182023581214941,1
10699,SIDP00463,2015-11-01,skin,Adherent,D/F12,7.965784284662087,0.004672897196261682,0,0.1385451927105687,2,0.7922262047385228,2,0.7922262047385228,2,0.7922262047385228,0.0,0.0,False,0.6536810120279541,0.003054584168354926,True,0.6536810120279541,0.003054584168354926,True,0.0,0.0,False,43276.459740259736,110,28,4062.3915775202654,173.65479958235943,0.09327521227703195,0
10708,SIDP00615,2015-11-01,digestive_system,Adherent,R,8.344295907915816,0.004672897196261682,0,0.3834213027723422,0,0.3834213027723422,0,0.3834213027723422,0,0.3834213027723422,0.0,0.0,False,0.0,0.0,False,0.0,0.0,False,0.0,0.0,False,51812.931818181816,110,28,4531.042298992884,223.9447063037693,0.08685784815122602,0
10711,SIDP01005,2015-11-01,leukemia,Suspension,R,9.287712379549449,0.004672897196261682,0,0.5020005109277355,0,0.5020005109277355,2,0.785517767348542,0,0.5020005109277355,0.2835172564208065,0.001324846992620591,True,0.2835172564208065,0.001324846992620591,True,0.0,0.0,False,0.2835172564208065,0.001324846992620591,True,55615.66233766234,110,28,10303.46207384955,128.18633097852302,0.18425990419809665,0
10714,SIDP00167,2015-11-01,urogenital_system,Adherent,D/F12,8.344295907915816,0.004672897196261682,0,-0.0230581903855133,2,-0.0056006833075605,2,-0.0056006833075605,2,-0.0056006833075605,0.0,0.0,False,0.0174575070779528,8.157713587828411e-05,True,0.0174575070779528,8.157713587828411e-05,True,0.0,0.0,False,38321.62272727273,110,28,3379.294016871036,185.72094259538562,0.08736230848623497,2
10717,SIDP00278,2015-11-01,urogenital_system,Adherent,D/F12,9.287712379549449,0.004672897196261682,0,0.0983515102580936,2,0.4361708777796871,2,0.4361708777796871,0,0.0983515102580936,0.0,0.0,False,0.33781936752159347,0.0015785951753345489,True,0.33781936752159347,0.0015785951753345489,True,0.33781936752159347,0.0015785951753345489,True,56592.37402597403,110,28,4875.901320276169,223.29708305660267,0.08542231919543443,0
10723,SIDP00828,2015-11-01,aero_dig_tract,Adherent,R,8.228818690495881,0.004672897196261682,0,0.6440780633310019,0,0.6440780633310019,0,0.6440780633310019,0,0.6440780633310019,0.0,0.0,False,0.0,0.0,False,0.0,0.0,False,0.0,0.0,False,42933.67207792208,110,28,4420.4596625264385,171.71606239561888,0.10203344025472307,0
10730,SIDP00298,2015-11-01,aero_dig_tract,Adherent,D/F12,8.344295907915816,0.004672897196261682,0,0.2575268493644927,0,0.2575268493644927,0,0.2575268493644927,0,0.2575268493644927,0.0,0.0,False,0.0,0.0,False,0.0,0.0,False,0.0,0.0,False,44054.6474025974,110,28,3153.810517239245,229.05851416189032,0.07086218666228668,0
10735,SIDP00966,2015-11-01,aero_dig_tract,Adherent,D/F12,8.344295907915816,0.004672897196261682,0,0.1838974890265073,0,0.1838974890265073,0,0.1838974890265073,0,0.1838974890265073,0.0,0.0,False,0.0,0.0,False,0.0,0.0,False,0.0,0.0,False,31815.155844155845,110,28,3310.964869234407,207.45716712245977,0.10304989025054248,0
10738,SIDP00366,2015-11-01,urogenital_system,Adherent,D/F12,10.287712379549449,0.004672897196261682,0,0.1683843860154007,2,0.0450734914324221,0,0.1683843860154007,2,0.0450734914324221,0.12331089458297861,0.0005762191335653206,True,0.0,0.0,False,-0.12331089458297861,-0.0005762191335653206,True,0.12331089458297861,0.0005762191335653206,True,61251.684415584416,110,28,7874.96701593103,228.76442909937728,0.127567372680221,0
10798,SIDP00121,2015-11-05,digestive_system,Adherent,D/F12,7.643856189774724,0.004672897196261682,0,0.0638120796281165,2,0.6977114676719118,2,0.6977114676719118,2,0.6977114676719118,0.0,0.0,False,0.6338993880437953,0.002962146673101847,True,0.6338993880437953,0.002962146673101847,True,0.0,0.0,False,24571.72272727273,110,28,2712.4741421304716,145.05595982751444,0.10900486718335016,0
10801,SIDP00477,2015-11-05,lymphoma,Suspension,R,8.643856189774725,0.004672897196261682,0,0.6478887567984941,0,0.6478887567984941,0,0.6478887567984941,0,0.6478887567984941,0.0,0.0,False,0.0,0.0,False,0.0,0.0,False,0.0,0.0,False,65871.63376623376,110,28,11708.915826420132,225.10717024394864,0.17691328686811475,0
10807,SIDP00493,2015-11-05,aero_dig_tract,Adherent,R,8.344295907915816,0.004672897196261682,0,0.5557796745957722,0,0.5557796745957722,0,0.5557796745957722,0,0.5557796745957722,0.0,0.0,False,0.0,0.0,False,0.0,0.0,False,0.0,0.0,False,32822.11363636364,110,28,3276.1953221036456,210.41645214510518,0.09883579098924543,0
10810,SIDP00901,2015-11-05,aero_dig_tract,Adherent,R,7.22881869049588,0.004672897196261682,0,0.4672153985977147,0,0.4672153985977147,0,0.4672153985977147,0,0.4672153985977147,0.0,0.0,False,0.0,0.0,False,0.0,0.0,False,0.0,0.0,False,35633.671428571426,110,28,4281.270713363138,131.44268672763766,0.11908760113497796,0
10815,SIDP00153,2015-11-05,nervous_system,Adherent,D/F12,7.643856189774724,0.004672897196261682,0,0.1437240748785107,2,-0.0241578180733967,2,-0.0241578180733967,2,-0.0241578180733967,0.0,0.0,False,-0.1678818929519074,-0.0007844948268780718,True,-0.1678818929519074,-0.0007844948268780718,True,0.0,0.0,False,26191.03181818182,110,28,3017.337793522105,138.52627107439866,0.1142442769076409,1
10818,SIDP00909,2015-11-05,leukemia,Semi-Adherent,R,10.287712379549449,0.004672897196261682,0,0.3418318223519792,0,0.3418318223519792,0,0.3418318223519792,0,0.3418318223519792,0.0,0.0,False,0.0,0.0,False,0.0,0.0,False,0.0,0.0,False,43696.766883116885,110,28,4346.090929095936,152.35534817131335,0.09880186228717887,0
10821,SIDP00532,2015-11-05,lung,Adherent,D/F12,8.228818690495881,0.004672897196261682,0,0.1529631082792444,2,-0.0110909070054243,2,-0.0110909070054243,2,-0.0110909070054243,0.0,0.0,False,-0.1640540152846687,-0.0007666075480591995,True,-0.1640540152846687,-0.0007666075480591995,True,0.0,0.0,False,27966.3987012987,110,28,3526.410082620711,174.93584613952132,0.12477202116377027,1
10824,SIDP00170,2015-11-05,lymphoma,Suspension,R,8.965784284662087,0.004672897196261682,0,0.5599386776628474,0,0.5599386776628474,0,0.5599386776628474,0,0.5599386776628474,0.0,0.0,False,0.0,0.0,False,0.0,0.0,False,0.0,0.0,False,56227.47207792208,110,28,10365.063395741876,206.34158700829195,0.18338449542053947,0
10827,SIDP00620,2015-11-05,neuroblastoma,Adherent,D/F12,8.228818690495881,0.004672897196261682,0,0.4296977287310393,2,0.667963993012241,2,0.667963993012241,2,0.667963993012241,0.0,0.0,False,0.23826626428120168,0.0011133937583233723,True,0.23826626428120168,0.0011133937583233723,True,0.0,0.0,False,22059.354545454546,110,28,2263.7641861676934,113.68002528214069,0.10159219868127156,0
10830,SIDP00210,2015-11-05,lung_NSCLC,Adherent,R,7.965784284662087,0.004672897196261682,0,0.4136137982482529,0,0.4136137982482529,0,0.4136137982482529,0,0.4136137982482529,0.0,0.0,False,0.0,0.0,False,0.0,0.0,False,0.0,0.0,False,36156.63181818182,110,28,3836.0631475698433,182.30390276393692,0.10522769396708379,0
10833,SIDP00246,2015-11-05,lung_NSCLC,Adherent,R,8.344295907915816,0.004672897196261682,0,0.5220052208777184,0,0.5220052208777184,0,0.5220052208777184,0,0.5220052208777184,0.0,0.0,False,0.0,0.0,False,0.0,0.0,False,0.0,0.0,False,41343.9961038961,110,28,2794.9732446301696,185.35618507056984,0.06710816313503848,0
10836,SIDP00623,2015-11-05,breast,Adherent,D/F12,9.287712379549449,0.004672897196261682,0,0.8006378874678461,0,0.8006378874678461,0,0.8006378874678461,0,0.8006378874678461,0.0,0.0,False,0.0,0.0,False,0.0,0.0,False,0.0,0.0,False,29146.532467532466,110,28,3529.294586537864,201.6615898613239,0.11983689433513656,0
10838,SIDP00923,2015-11-05,digestive_system,Adherent,D/F12,9.287712379549449,0.002336448598130841,0,0.2828227784048889,2,0.7716387930398171,2,0.7716387930398171,2,0.7716387930398171,0.0,0.0,False,0.4888160146349282,0.0011420934921376827,True,0.4888160146349282,0.0011420934921376827,True,0.0,0.0,False,28476.972077922077,110,28,3296.915815576102,173.6702883271029,0.11464368562081399,0
10841,SIDP00924,2015-11-05,nervous_system,Adherent,R,7.22881869049588,0.004672897196261682,0,0.1089431245805634,0,0.1089431245805634,0,0.1089431245805634,0,0.1089431245805634,0.0,0.0,False,0.0,0.0,False,0.0,0.0,False,0.0,0.0,False,46860.56493506493,110,28,4302.65757320328,202.91969376184787,0.09124472761616845,0
10844,SIDP00935,2015-11-05,pancreas,Adherent,R,8.344295907915816,0.004672897196261682,0,0.2263159926896139,2,0.35618259481219,2,0.35618259481219,0,0.2263159926896139,0.0,0.0,False,0.1298666021225761,0.0006068532809466173,True,0.1298666021225761,0.0006068532809466173,True,0.1298666021225761,0.0006068532809466173,True,27227.93961038961,110,28,2966.8250095482663,138.5450999097215,0.10799797044708087,1
10846,SIDP00944,2015-11-05,aero_dig_tract,Adherent,D/F12,7.643856189774724,0.004672897196261682,0,0.4705671615841149,0,0.4705671615841149,0,0.4705671615841149,0,0.4705671615841149,0.0,0.0,False,0.0,0.0,False,0.0,0.0,False,0.0,0.0,False,37019.46688311688,110,28,3664.4802072951697,171.34393689008874,0.09825359062268893,0
10849,SIDP00324,2015-11-05,digestive_system,Adherent,R,7.643856189774724,0.004672897196261682,0,0.2149831591604826,0,0.2149831591604826,0,0.2149831591604826,0,0.2149831591604826,0.0,0.0,False,0.0,0.0,False,0.0,0.0,False,0.0,0.0,False,25082.81038961039,110,28,3539.076809030407,141.18320867829294,0.14005949547920282,1
10852,SIDP00348,2015-11-05,soft_tissue,Adherent,D/F12,8.344295907915816,0.004672897196261682,0,0.2124586626620218,1,0.562890547370796,1,0.562890547370796,1,0.562890547370796,0.0,0.0,False,0.35043188470877423,0.001637532171536328,True,0.35043188470877423,0.001637532171536328,True,0.0,0.0,False,26179.124675324678,110,28,2452.3409672902085,112.485295923253,0.09291640422382359,0
10855,SIDP00964,2015-11-05,aero_dig_tract,Adherent,D/F12,8.344295907915816,0.004672897196261682,0,0.2658761247749132,0,0.2658761247749132,0,0.2658761247749132,0,0.2658761247749132,0.0,0.0,False,0.0,0.0,False,0.0,0.0,False,0.0,0.0,False,41359.21298701299,110,28,3259.041623238597,116.73025477978013,0.07820618659694664,0
10944,SIDP00531,2015-11-05,lung_SCLC,Suspension,R,12.287712379549449,0.004672897196261682,0,0.6353276498644029,0,0.6353276498644029,0,0.6353276498644029,0,0.6353276498644029,0.0,0.0,False,0.0,0.0,False,0.0,0.0,False,0.0,0.0,False,70885.8435064935,110,28,8414.511314070998,150.50491299615052,0.11815024730440699,0
10991,SIDP00818,2015-11-12,leukemia,Suspension,R,9.287712379549449,0.004672897196261682,0,0.4029720341356877,0,0.4029720341356877,2,0.5955558175406996,0,0.4029720341356877,0.19258378340501192,0.0008999242215187472,True,0.19258378340501192,0.0008999242215187472,True,0.0,0.0,False,0.19258378340501192,0.0008999242215187472,True,65015.85844155845,110,28,11551.632033278975,191.2037612257623,0.17668024110500513,0
10993,SIDP00235,2015-11-12,lung_SCLC,Semi-Adherent,R,10.550746785383245,0.004672897196261682,0,-0.0853335520353157,0,-0.0853335520353157,0,-0.0853335520353157,0,-0.0853335520353157,0.0,0.0,False,0.0,0.0,False,0.0,0.0,False,0.0,0.0,False,29089.378571428573,110,28,4130.767495494616,129.3322031942114,0.14079106110473577,3
10997,SIDP00804,2015-11-12,lung_SCLC,Suspension,R,10.550746785383245,0.004672897196261682,0,0.1577817335948588,0,0.1577817335948588,0,0.1577817335948588,0,0.1577817335948588,0.0,0.0,False,0.0,0.0,False,0.0,0.0,False,0.0,0.0,False,61352.6487012987,110,28,8299.964617045274,150.4021900873414,0.13458166707964794,2
11000,SIDP00110,2015-11-12,breast,Adherent,R,10.965784284662089,0.004672897196261682,0,0.1620464742674684,0,0.1620464742674684,0,0.1620464742674684,0,0.1620464742674684,0.0,0.0,False,0.0,0.0,False,0.0,0.0,False,0.0,0.0,False,26622.385064935064,110,28,3026.8559255568143,138.7526585855214,0.11266466001591381,0
11003,SIDP00480,2015-11-12,lymphoma,Suspension,R,9.287712379549449,0.004672897196261682,0,0.4031756677676749,0,0.4031756677676749,0,0.4031756677676749,0,0.4031756677676749,0.0,0.0,False,0.0,0.0,False,0.0,0.0,False,0.0,0.0,False,25449.520129870132,110,28,3903.466269208139,125.90129563823497,0.15221380399470358,0
11006,SIDP00988,2015-11-12,leukemia,Suspension,R,10.550746785383245,0.004672897196261682,0,0.685301250130675,0,0.685301250130675,0,0.685301250130675,2,0.1106911800912526,0.0,0.0,False,0.0,0.0,False,0.0,0.0,False,0.5746100700394224,0.0026850937852309457,True,44076.846753246755,110,28,7906.2105365522775,156.2559459186134,0.17827692619388108,0
11009,SIDP00992,2015-11-12,leukemia,Suspension,R,11.287712379549449,0.004672897196261682,0,0.1620371730315882,0,0.1620371730315882,0,0.1620371730315882,2,0.2630131273179076,0.0,0.0,False,0.0,0.0,False,0.0,0.0,False,-0.10097595428631939,-0.00047185025367438966,True,48278.82077922078,110,28,6972.610642576959,163.46042998020093,0.14338095530392514,1
11012,SIDP00995,2015-11-12,urogenital_system,Adherent,D/F12,9.287712379549449,0.004672897196261682,0,0.4303058167062402,2,0.0170725274057993,2,0.0170725274057993,2,0.0170725274057993,0.0,0.0,False,-0.4132332893004409,-0.0019309966789740228,True,-0.4132332893004409,-0.0019309966789740228,True,0.0,0.0,False,33535.53636363636,110,28,2970.3344348118203,137.1241664953229,0.08780558528700494,0
11015,SIDP00314,2015-11-12,lung_NSCLC,Adherent,D/F12,8.965784284662087,0.004672897196261682,0,0.3959754918524381,2,0.3119686390753998,2,0.3119686390753998,0,0.3959754918524381,0.0,0.0,False,-0.08400685277703829,-0.0003925553868085901,True,-0.08400685277703829,-0.0003925553868085901,True,-0.08400685277703829,-0.0003925553868085901,True,34128.16818181818,110,28,2438.496766346616,162.30986026961128,0.07080231582309936,0
11029,SIDP00340,2015-11-15,urogenital_system,Adherent,D/F12,8.344295907915816,0.004672897196261682,0,0.0545937001483306,2,0.4002774201673617,2,0.4002774201673617,2,0.4002774201673617,0.0,0.0,False,0.3456837200190311,0.0016153444860702386,True,0.3456837200190311,0.0016153444860702386,True,0.0,0.0,False,25986.18181818182,110,28,3054.28492489137,130.89931103573323,0.11629309805211506,0
11032,SIDP00217,2015-11-15,lung_NSCLC,Adherent,R,7.643856189774724,0.004672897196261682,0,0.3253703116952896,0,0.3253703116952896,0,0.3253703116952896,0,0.3253703116952896,0.0,0.0,False,0.0,0.0,False,0.0,0.0,False,0.0,0.0,False,25951.856493506493,110,28,2317.1606990210184,146.4059144944008,0.08856983104281582,0
11038,SIDP00299,2015-11-15,aero_dig_tract,Adherent,D/F12,9.643856189774723,0.004672897196261682,0,0.7964624933518599,0,0.7964624933518599,0,0.7964624933518599,0,0.7964624933518599,0.0,0.0,False,0.0,0.0,False,0.0,0.0,False,0.0,0.0,False,26118.036363636365,110,28,2586.3483305113696,145.0386921556528,0.09817585638020909,0
11041,SIDP00923,2015-11-15,digestive_system,Adherent,D/F12,9.287712379549449,0.002336448598130841,0,0.3744781706358322,2,0.7951228051773844,2,0.7951228051773844,2,0.7951228051773844,0.0,0.0,False,0.4206446345415522,0.0009828145666858695,True,0.4206446345415522,0.0009828145666858695,True,0.0,0.0,False,29010.235714285714,110,28,3941.708832962325,150.9860141040436,0.1346317788952795,0
11050,SIDP00492,2015-11-15,urogenital_system,Adherent,R,7.22881869049588,0.004672897196261682,0,0.243344712102843,0,0.243344712102843,0,0.243344712102843,0,0.243344712102843,0.0,0.0,False,0.0,0.0,False,0.0,0.0,False,0.0,0.0,False,41204.17532467533,110,28,4137.4121109472735,154.4496116527411,0.09954599548201956,0
11053,SIDP00325,2015-11-15,digestive_system,Adherent,R,8.643856189774725,0.004672897196261682,0,0.2685791442717304,0,0.2685791442717304,0,0.2685791442717304,0,0.2685791442717304,0.0,0.0,False,0.0,0.0,False,0.0,0.0,False,0.0,0.0,False,37738.63051948052,110,28,3582.7611321705253,185.47277998779796,0.09394989033849957,0
11056,SIDP00498,2015-11-15,aero_dig_tract,Adherent,R,8.965784284662087,0.004672897196261682,0,0.4650035051442596,0,0.4650035051442596,0,0.4650035051442596,0,0.4650035051442596,0.0,0.0,False,0.0,0.0,False,0.0,0.0,False,0.0,0.0,False,56523.6012987013,110,28,7442.102692053227,215.47190735022247,0.1308762226412413,0
11059,SIDP00369,2015-11-15,skin,Adherent,R,8.643856189774725,0.004672897196261682,0,0.3445343847583794,2,0.263703228162267,2,0.263703228162267,2,0.263703228162267,0.0,0.0,False,-0.0808311565961124,-0.00037771568502856256,True,-0.0808311565961124,-0.00037771568502856256,True,0.0,0.0,False,29555.435064935064,110,28,2928.424204360411,152.99247828798124,0.09836213950622849,0
11062,SIDP00900,2015-11-15,soft_tissue,Adherent,D/F12,8.643856189774725,0.004672897196261682,0,0.1581650130767734,1,0.2850161095982512,1,0.2850161095982512,1,0.2850161095982512,0.0,0.0,False,0.1268510965214778,0.0005927621332779337,True,0.1268510965214778,0.0005927621332779337,True,0.0,0.0,False,62553.65714285715,110,28,5608.53659272422,219.36604185119518,0.08911237114618274,0
11065,SIDP00350,2015-11-15,nervous_system,Adherent,D/F12,7.22881869049588,0.004672897196261682,0,0.047126110368013,2,0.0642645557402459,2,0.0642645557402459,2,0.0642645557402459,0.0,0.0,False,0.017138445372232892,8.008619332819108e-05,True,0.017138445372232892,8.008619332819108e-05,True,0.0,0.0,False,33491.9525974026,110,28,3143.624468189147,180.67124620799294,0.09305249157218033,0
11092,SIDP00740,2015-11-18,breast,Adherent,D/F12,9.643856189774723,0.004672897196261682,0,-0.0396803469541482,0,-0.0396803469541482,0,-0.0396803469541482,0,-0.0396803469541482,0.0,0.0,False,0.0,0.0,False,0.0,0.0,False,0.0,0.0,False,30753.717532467534,110,28,4599.5722735561385,186.08987914900993,0.1479929009718934,2
11120,SIDP01053,2015-11-18,lymphoma,Suspension,R,10.550746785383245,0.004672897196261682,0,0.8352716410967727,0,0.8352716410967727,0,0.8352716410967727,0,0.8352716410967727,0.0,0.0,False,0.0,0.0,False,0.0,0.0,False,0.0,0.0,False,49361.35064935064,110,28,7661.412237743588,154.60064614470335,0.15449156441112455,0
11132,SIDP00029,2015-11-18,leukemia,Suspension,D/F12,9.287712379549449,0.004672897196261682,0,-0.0724418495002516,2,0.1512176048899225,2,0.1512176048899225,2,0.1512176048899225,0.0,0.0,False,0.2236594543901741,0.001045137637337262,True,0.2236594543901741,0.001045137637337262,True,0.0,0.0,False,58133.02207792208,110,28,9131.727726913568,249.2315385105982,0.1558747921134942,1
11135,SIDP00896,2015-11-18,neuroblastoma,Adherent,R,10.287712379549449,0.004672897196261682,0,0.0868225315821364,2,0.2968139071618405,0,0.0868225315821364,0,0.0868225315821364,-0.20999137557970407,-0.000981268110185533,True,0.0,0.0,False,0.20999137557970407,0.000981268110185533,True,0.0,0.0,False,39596.864285714284,110,28,6162.364893581958,216.20968596914966,0.15427549371949054,1
11141,SIDP00814,2015-11-18,aero_dig_tract,Suspension,R,10.287712379549449,0.004672897196261682,0,0.5471069601952683,0,0.5471069601952683,0,0.5471069601952683,0,0.5471069601952683,0.0,0.0,False,0.0,0.0,False,0.0,0.0,False,0.0,0.0,False,27655.85194805195,110,28,2486.339239459906,168.59829845934462,0.08900537433085515,1
11180,SIDP00529,2015-11-22,lung,Adherent,D/F12,9.287712379549449,0.004672897196261682,0,0.0262331772720424,2,0.0928015522153484,2,0.0928015522153484,2,0.0928015522153484,0.0,0.0,False,0.066568374943306,0.000311067172632271,True,0.066568374943306,0.000311067172632271,True,0.0,0.0,False,40199.268831168825,110,28,6065.399536196666,222.5954405614144,0.14967590094776154,0
11186,SIDP00499,2015-11-22,aero_dig_tract,Adherent,R,7.643856189774724,0.004672897196261682,0,0.3466458647389708,0,0.3466458647389708,0,0.3466458647389708,0,0.3466458647389708,0.0,0.0,False,0.0,0.0,False,0.0,0.0,False,0.0,0.0,False,43085.41753246754,110,28,6794.939038120687,236.48341608801258,0.15617540239754754,0
11192,SIDP00985,2015-11-22,lung_NSCLC,Adherent,R,7.22881869049588,0.004672897196261682,0,0.3343647254764215,0,0.3343647254764215,0,0.3343647254764215,0,0.3343647254764215,0.0,0.0,False,0.0,0.0,False,0.0,0.0,False,0.0,0.0,False,42849.4525974026,110,28,4965.692315593496,197.8170384163879,0.1147278934042149,1
11195,SIDP00739,2015-11-22,skin,Semi-Adherent,R,7.22881869049588,0.004672897196261682,0,0.3856513932892486,2,0.2384778403744124,2,0.2384778403744124,2,0.2384778403744124,0.0,0.0,False,-0.1471735529148362,-0.0006877268827796084,True,-0.1471735529148362,-0.0006877268827796084,True,0.0,0.0,False,39613.09545454545,110,28,6314.07832144099,239.97802754357264,0.15774608889954286,0
11198,SIDP00613,2015-11-22,breast,Adherent,D/F12,8.643856189774725,0.004672897196261682,0,0.2517727926882361,0,0.2517727926882361,0,0.2517727926882361,0,0.2517727926882361,0.0,0.0,False,0.0,0.0,False,0.0,0.0,False,0.0,0.0,False,30611.69090909091,110,28,4583.334626957636,164.56868429884176,0.14865419847949352,0
11204,SIDP00194,2015-11-22,lung_NSCLC,Adherent,D/F12,8.344295907915816,0.004672897196261682,0,0.0551686171553998,2,-0.0230474774867883,2,-0.0230474774867883,0,0.0551686171553998,0.0,0.0,False,-0.0782160946421881,-0.00036549576935601913,True,-0.0782160946421881,-0.00036549576935601913,True,-0.0782160946421881,-0.00036549576935601913,True,25659.68051948052,110,28,3525.3970590232534,134.92602323507407,0.13622822797928857,1
11210,SIDP00266,2015-11-22,lung_SCLC,Suspension,R,8.965784284662087,0.004672897196261682,0,0.7819581597641264,0,0.7819581597641264,0,0.7819581597641264,0,0.7819581597641264,0.0,0.0,False,0.0,0.0,False,0.0,0.0,False,0.0,0.0,False,53383.43051948052,110,28,8623.61409803588,134.81374080187342,0.16091051069015228,0
11213,SIDP00754,2015-11-22,urogenital_system,Adherent,R,8.228818690495881,0.004672897196261682,0,0.3734674252733394,0,0.3734674252733394,0,0.3734674252733394,0,0.3734674252733394,0.0,0.0,False,0.0,0.0,False,0.0,0.0,False,0.0,0.0,False,23196.205844155844,110,28,3070.6420344671455,188.64468925222567,0.13081019284810563,0
11222,SIDP00952,2015-11-22,urogenital_system,Adherent,D/F12,9.287712379549449,0.004672897196261682,0,0.3035994304911829,2,0.2200583885602306,2,0.2200583885602306,2,0.2200583885602306,0.0,0.0,False,-0.08354104193095227,-0.0003903787006119265,True,-0.08354104193095227,-0.0003903787006119265,True,0.0,0.0,False,32032.15974025974,110,28,4457.194756561006,148.68220076860857,0.13768695992706106,0
11225,SIDP00308,2015-11-22,soft_tissue,Adherent,D/F12,7.22881869049588,0.004672897196261682,0,0.020217707610122,1,0.231474968983732,1,0.231474968983732,1,0.231474968983732,0.0,0.0,False,0.21125726137360998,0.0009871834643626633,True,0.21125726137360998,0.0009871834643626633,True,0.0,0.0,False,30365.82012987013,110,28,4670.7342677749075,148.7193078913513,0.15253903858664822,1
11228,SIDP00315,2015-11-22,neuroblastoma,Adherent,D/F12,9.287712379549449,0.004672897196261682,0,0.0872157927178336,2,0.366867723861525,2,0.366867723861525,2,0.366867723861525,0.0,0.0,False,0.2796519311436914,0.0013067847249705205,True,0.2796519311436914,0.0013067847249705205,True,0.0,0.0,False,33831.341558441556,110,28,6232.285851370613,153.7469920555767,0.18274554203665552,1
11231,SIDP00322,2015-11-22,digestive_system,Adherent,R,8.344295907915816,0.004672897196261682,0,0.3076278350022329,0,0.3076278350022329,0,0.3076278350022329,0,0.3076278350022329,0.0,0.0,False,0.0,0.0,False,0.0,0.0,False,0.0,0.0,False,22317.374025974026,110,28,3371.2431257021244,134.7931003211214,0.14959072106121185,0
11236,SIDP00972,2015-11-22,lung_NSCLC,Adherent,D/F12,9.965784284662089,0.004672897196261682,0,-0.1069861562259346,2,0.0526035996697121,0,-0.1069861562259346,2,0.0526035996697121,-0.1595897558956467,-0.0007457465228768536,True,0.0,0.0,False,0.1595897558956467,0.0007457465228768536,True,-0.1595897558956467,-0.0007457465228768536,True,49119.694155844154,110,28,4258.827111890567,198.06883456897816,0.0860214922555594,1
11267,SIDP00746,2015-11-22,lung_NSCLC,Adherent,R,9.287712379549449,0.004672897196261682,0,0.0670608700369795,0,0.0670608700369795,0,0.0670608700369795,0,0.0670608700369795,0.0,0.0,False,0.0,0.0,False,0.0,0.0,False,0.0,0.0,False,34662.26753246754,110,28,4057.394307173826,211.08877492531644,0.11590077596117007,1
11281,SIDP00104,2015-11-25,lymphoma,Suspension,R,9.287712379549449,0.004672897196261682,0,0.453376012286569,0,0.453376012286569,0,0.453376012286569,0,0.453376012286569,0.0,0.0,False,0.0,0.0,False,0.0,0.0,False,0.0,0.0,False,78607.63961038961,110,28,11179.738774566975,254.84128009866856,0.14112478614497787,0
11286,SIDP00723,2015-11-25,aero_dig_tract,Adherent,R,8.965784284662087,0.004672897196261682,0,0.5382548576623278,0,0.5382548576623278,0,0.5382548576623278,0,0.5382548576623278,0.0,0.0,False,0.0,0.0,False,0.0,0.0,False,0.0,0.0,False,34533.50584415584,110,28,3300.9149353260455,222.5493792183573,0.0947672055640505,0
11289,SIDP00478,2015-11-25,lymphoma,Suspension,R,10.550746785383245,0.004672897196261682,0,0.22568555955385,0,0.22568555955385,0,0.22568555955385,0,0.22568555955385,0.0,0.0,False,0.0,0.0,False,0.0,0.0,False,0.0,0.0,False,57967.17597402597,110,28,6168.534658026388,217.24419671257274,0.10582972423659999,0
11292,SIDP00898,2015-11-25,urogenital_system,Adherent,R,9.965784284662089,0.004672897196261682,0,0.1908505117324198,0,0.1908505117324198,0,0.1908505117324198,0,0.1908505117324198,0.0,0.0,False,0.0,0.0,False,0.0,0.0,False,0.0,0.0,False,38369.34480519481,110,28,3657.1977629027415,193.09208744224668,0.09457990635840186,1
11295,SIDP00501,2015-11-25,aero_dig_tract,Adherent,R,10.287712379549449,0.004672897196261682,0,-0.0444157952015935,0,-0.0444157952015935,0,-0.0444157952015935,0,-0.0444157952015935,0.0,0.0,False,0.0,0.0,False,0.0,0.0,False,0.0,0.0,False,35051.003246753244,110,28,2724.3954372941084,152.07065939797675,0.0769012745997172,1
11298,SIDP00571,2015-11-25,urogenital_system,Adherent,D/F12,7.643856189774724,0.004672897196261682,0,0.1337344957138518,2,0.0521855642518198,2,0.0521855642518198,2,0.0521855642518198,0.0,0.0,False,-0.08154893146203199,-0.0003810697731870653,True,-0.08154893146203199,-0.0003810697731870653,True,0.0,0.0,False,19914.424025974025,110,28,2017.4512450999393,173.26132127435554,0.10012043027718288,0
11301,SIDP00612,2015-11-25,lung_SCLC,Suspension,R,10.550746785383245,0.004672897196261682,0,0.1378081561745018,0,0.1378081561745018,0,0.1378081561745018,0,0.1378081561745018,0.0,0.0,False,0.0,0.0,False,0.0,0.0,False,0.0,0.0,False,29527.60974025974,110,28,3651.9668468112504,184.82393666984143,0.12265151995265043,2
11304,SIDP00816,2015-11-25,breast,Adherent,D/F12,10.287712379549449,0.004672897196261682,0,0.3325144632181375,0,0.3325144632181375,0,0.3325144632181375,0,0.3325144632181375,0.0,0.0,False,0.0,0.0,False,0.0,0.0,False,0.0,0.0,False,26203.61753246753,110,28,3108.850547580138,156.14012750727923,0.11737676297012777,1
11312,SIDP00311,2015-11-25,skin,Adherent,D/F12,8.643856189774725,0.004672897196261682,0,0.1656920986492837,2,0.3693371209680293,2,0.3693371209680293,2,0.3693371209680293,0.0,0.0,False,0.2036450223187456,0.000951612253825914,True,0.2036450223187456,0.000951612253825914,True,0.0,0.0,False,25343.11883116883,110,28,2914.3280597964194,165.79270460267816,0.11382246793670421,0
11315,SIDP00320,2015-11-25,soft_tissue,Adherent,D/F12,8.228818690495881,0.004672897196261682,0,0.0856952646121576,1,0.0625299925973773,1,0.0625299925973773,1,0.0625299925973773,0.0,0.0,False,-0.02316527201478029,-0.00010824893464850601,True,-0.02316527201478029,-0.00010824893464850601,True,0.0,0.0,False,33023.57077922078,110,28,2645.865616589564,150.43328514801263,0.07942211996958197,0
11318,SIDP00957,2015-11-25,lymphoma,Suspension,R,9.287712379549449,0.004672897196261682,0,0.3176242979574621,0,0.3176242979574621,0,0.3176242979574621,0,0.3176242979574621,0.0,0.0,False,0.0,0.0,False,0.0,0.0,False,0.0,0.0,False,87188.77272727272,110,28,15923.496347377277,268.0375181035504,0.1817330151087389,0
11320,SIDP01061,2015-11-25,leukemia,Suspension,R,8.643856189774725,0.004672897196261682,0,0.4586241075765469,0,0.4586241075765469,2,-0.0913356357256367,2,-0.0913356357256367,-0.5499597433021837,-0.0025699053425335683,True,-0.5499597433021837,-0.0025699053425335683,True,0.0,0.0,False,0.0,0.0,False,49361.79480519481,110,28,8445.418618795968,190.5461657180256,0.16998776376898628,1
11326,SIDP00166,2015-11-25,leukemia,Suspension,D/F12,9.965784284662089,0.004672897196261682,0,0.2877114066611846,2,-0.0650822732059874,2,-0.0650822732059874,2,-0.0650822732059874,0.0,0.0,False,-0.352793679867172,-0.0016485685975101496,True,-0.352793679867172,-0.0016485685975101496,True,0.0,0.0,False,59887.694155844154,110,28,9878.493110077816,202.77903565602463,0.16399548417040077,2
11335,SIDP00251,2015-11-29,lung_NSCLC,Adherent,R,8.965784284662087,0.004672897196261682,0,-0.0665762340868558,0,-0.0665762340868558,0,-0.0665762340868558,0,-0.0665762340868558,0.0,0.0,False,0.0,0.0,False,0.0,0.0,False,0.0,0.0,False,44494.174025974025,110,28,7312.777425693431,175.50127752440554,0.16314516673108276,3
11338,SIDP00982,2015-11-29,lymphoma,Suspension,R,10.287712379549449,0.004672897196261682,0,0.332984452911597,0,0.332984452911597,0,0.332984452911597,0,0.332984452911597,0.0,0.0,False,0.0,0.0,False,0.0,0.0,False,0.0,0.0,False,78885.61038961039,110,28,14068.5120545828,307.1883158189148,0.1771703807847757,1
11343,SIDP01052,2015-11-29,lymphoma,Suspension,R,9.287712379549449,0.004672897196261682,0,0.5650521018771553,0,0.5650521018771553,0,0.5650521018771553,0,0.5650521018771553,0.0,0.0,False,0.0,0.0,False,0.0,0.0,False,0.0,0.0,False,56983.01558441558,110,28,7132.49061181925,242.36492447084134,0.12441033038018678,0
11354,SIDP00617,2015-11-29,digestive_system,Adherent,R,7.965784284662087,0.004672897196261682,0,0.1168878142825655,0,0.1168878142825655,0,0.1168878142825655,0,0.1168878142825655,0.0,0.0,False,0.0,0.0,False,0.0,0.0,False,0.0,0.0,False,39131.61623376624,110,28,4022.669864005619,173.80733038407237,0.1019558721868978,0
11359,SIDP00839,2015-11-29,aero_dig_tract,Adherent,D/F12,8.965784284662087,0.004672897196261682,0,0.043035064123267,0,0.043035064123267,0,0.043035064123267,0,0.043035064123267,0.0,0.0,False,0.0,0.0,False,0.0,0.0,False,0.0,0.0,False,30116.456493506495,110,28,4964.418744725053,143.60809305723126,0.16358810869518178,0
11364,SIDP01012,2015-11-29,leukemia,Suspension,R,9.287712379549449,0.004672897196261682,0,0.2716584526851928,0,0.2716584526851928,2,0.1113949257054004,0,0.2716584526851928,-0.1602635269797924,-0.0007488949858868803,True,-0.1602635269797924,-0.0007488949858868803,True,0.0,0.0,False,-0.1602635269797924,-0.0007488949858868803,True,42348.999350649356,110,28,6914.7527816094525,144.9816034671825,0.16209948253263998,0
11367,SIDP00645,2015-11-29,neuroblastoma,Adherent,D/F12,9.287712379549449,0.004672897196261682,0,0.0590843089888262,2,0.173378126766573,2,0.173378126766573,2,0.173378126766573,0.0,0.0,False,0.1142938177777468,0.0005340832606436766,True,0.1142938177777468,0.0005340832606436766,True,0.0,0.0,False,28435.483766233767,110,28,3678.912260825525,163.3522300374288,0.12807758729315202,0
11370,SIDP00203,2015-11-29,lung_NSCLC,Adherent,R,8.228818690495881,0.004672897196261682,0,0.2049136827318745,0,0.2049136827318745,0,0.2049136827318745,0,0.2049136827318745,0.0,0.0,False,0.0,0.0,False,0.0,0.0,False,0.0,0.0,False,40821.578571428574,110,28,3732.6223311463586,123.72761408340698,0.09072336493407997,0
11373,SIDP00820,2015-11-29,pancreas,Adherent,D/F12,8.228818690495881,0.004672897196261682,0,-0.0361564131504679,2,0.3371949063980467,2,0.3371949063980467,2,0.3371949063980467,0.0,0.0,False,0.37335131954851464,0.0017446323343388533,True,0.37335131954851464,0.0017446323343388533,True,0.0,0.0,False,33534.0987012987,110,28,4063.705196156301,181.00223623980318,0.12001659572576139,2
11376,SIDP00160,2015-11-29,breast,Adherent,D/F12,8.228818690495881,0.004672897196261682,0,0.0845213667835342,0,0.0845213667835342,0,0.0845213667835342,0,0.0845213667835342,0.0,0.0,False,0.0,0.0,False,0.0,0.0,False,0.0,0.0,False,15961.751948051948,110,28,2349.1278582512296,153.6641875639296,0.14536584159402346,1
11396,SIDP00847,2015-12-02,lymphoma,Suspension,R,10.550746785383245,0.004672897196261682,0,0.4945366254702836,0,0.4945366254702836,0,0.4945366254702836,0,0.4945366254702836,0.0,0.0,False,0.0,0.0,False,0.0,0.0,False,0.0,0.0,False,47315.49545454545,110,28,8055.011563481656,183.75217307860908,0.16897002557153895,0
11399,SIDP00869,2015-12-02,digestive_system,Adherent,R,8.228818690495881,0.004672897196261682,0,0.2390529819705614,0,0.2390529819705614,0,0.2390529819705614,0,0.2390529819705614,0.0,0.0,False,0.0,0.0,False,0.0,0.0,False,0.0,0.0,False,82129.56818181818,110,28,7671.305316880824,262.0320343718245,0.09274346621043487,0
11402,SIDP00979,2015-12-02,lymphoma,Suspension,R,10.287712379549449,0.004672897196261682,0,0.2239328911653417,0,0.2239328911653417,0,0.2239328911653417,0,0.2239328911653417,0.0,0.0,False,0.0,0.0,False,0.0,0.0,False,0.0,0.0,False,71145.21883116884,110,28,12448.241728527762,201.70908316881577,0.17396319617347017,0
11410,SIDP00815,2015-12-02,breast,Adherent,D/F12,10.287712379549449,0.004672897196261682,0,0.0120941433736266,0,0.0120941433736266,0,0.0120941433736266,0,0.0120941433736266,0.0,0.0,False,0.0,0.0,False,0.0,0.0,False,0.0,0.0,False,38879.82532467533,110,28,3290.73988050321,142.2018230038155,0.08400269445659368,1
11413,SIDP00159,2015-12-02,breast,Adherent,D/F12,10.287712379549449,0.004672897196261682,0,0.5732059371481261,0,0.5732059371481261,0,0.5732059371481261,0,0.5732059371481261,0.0,0.0,False,0.0,0.0,False,0.0,0.0,False,0.0,0.0,False,24083.712987012987,110,28,3286.9265019961435,140.96502249188472,0.1351758649847073,1
11422,SIDP00644,2015-12-02,neuroblastoma,Adherent,D/F12,7.22881869049588,0.004672897196261682,0,0.3143722979820559,2,-0.0069281283840909,2,-0.0069281283840909,2,-0.0069281283840909,0.0,0.0,False,-0.3213004263661468,-0.0015014038615240503,True,-0.3213004263661468,-0.0015014038615240503,True,0.0,0.0,False,30043.533116883118,110,28,3868.0712730176374,133.4718873358533,0.12776092800982125,1
11425,SIDP00177,2015-12-02,lung_NSCLC,Adherent,R,7.643856189774724,0.004672897196261682,0,0.1619548081839509,0,0.1619548081839509,0,0.1619548081839509,0,0.1619548081839509,0.0,0.0,False,0.0,0.0,False,0.0,0.0,False,0.0,0.0,False,50062.506493506495,110,28,4506.713940430143,200.4445456304957,0.08917147012615888,0
11428,SIDP00190,2015-12-02,lung_NSCLC,Semi-Adherent,D/F12,9.287712379549449,0.004672897196261682,0,-0.0551073303900788,2,0.3179662447170996,2,0.3179662447170996,2,0.3179662447170996,0.0,0.0,False,0.3730735751071784,0.001743334463117656,True,0.3730735751071784,0.001743334463117656,True,0.0,0.0,False,52013.86883116883,110,28,9480.00435241293,157.5277417409055,0.18100020772409914,1
11433,SIDP00252,2015-12-02,lung_SCLC,Suspension,R,10.550746785383245,0.004672897196261682,0,0.3088673336988994,0,0.3088673336988994,0,0.3088673336988994,0,0.3088673336988994,0.0,0.0,False,0.0,0.0,False,0.0,0.0,False,0.0,0.0,False,65103.326623376626,110,28,8164.043677143204,167.550651742901,0.12481664883264068,1
11439,SIDP00272,2015-12-02,digestive_system,Adherent,R,8.965784284662087,0.004672897196261682,0,0.8255595167446239,0,0.8255595167446239,0,0.8255595167446239,0,0.8255595167446239,0.0,0.0,False,0.0,0.0,False,0.0,0.0,False,0.0,0.0,False,33505.287662337665,110,28,4162.1168332786565,132.36091332285895,0.12322847597140492,0
11451,SIDP00758,2015-12-02,kidney,Adherent,R,8.228818690495881,0.004672897196261682,0,0.1679773577276861,0,0.1679773577276861,0,0.1679773577276861,0,0.1679773577276861,0.0,0.0,False,0.0,0.0,False,0.0,0.0,False,0.0,0.0,False,31798.928571428572,110,28,3735.422348791795,186.80757153570832,0.1163737354951725,0
11454,SIDP00309,2015-12-02,lung_NSCLC,Adherent,D/F12,8.451211111832329,0.004672897196261682,0,0.1592952160696801,2,0.2067682530287752,2,0.2067682530287752,2,0.2067682530287752,0.0,0.0,False,0.04747303695909508,0.00022183662130418258,True,0.04747303695909508,0.00022183662130418258,True,0.0,0.0,False,28437.194805194806,110,28,2731.922932494786,161.9121520255505,0.0951295905229953,0
11458,SIDP00355,2015-12-02,urogenital_system,Adherent,D/F12,7.643856189774724,0.004672897196261682,0,0.5321171014297992,2,0.2262973406804149,2,0.2262973406804149,2,0.2262973406804149,0.0,0.0,False,-0.3058197607493843,-0.0014290643025672161,True,-0.3058197607493843,-0.0014290643025672161,True,0.0,0.0,False,26247.486363636363,110,28,2841.9658904565986,171.97773865414266,0.10692227535953598,0
11463,SIDP00244,2015-12-02,lung,Adherent,R,8.344295907915816,0.004672897196261682,0,0.4305670913992012,0,0.4305670913992012,0,0.4305670913992012,0,0.4305670913992012,0.0,0.0,False,0.0,0.0,False,0.0,0.0,False,0.0,0.0,False,40318.37077922078,110,28,3417.4541061253326,169.26952850534937,0.08401696245157081,0
11472,SIDP00224,2015-12-02,lung_NSCLC,Semi-Adherent,D/F12,8.965784284662087,0.004672897196261682,0,0.0566531172844965,2,0.5812555437905755,2,0.5812555437905755,2,0.5812555437905755,0.0,0.0,False,0.524602426506079,0.0024514132079723316,True,0.524602426506079,0.0024514132079723316,True,0.0,0.0,False,41113.03896103896,110,28,2979.9861774872397,156.8331773020157,0.07195221883488588,0
11610,SIDP00576,2015-12-07,bone,Adherent,R,9.287712379549449,0.004672897196261682,0,0.3565732441990769,0,0.3565732441990769,0,0.3565732441990769,0,0.3565732441990769,0.0,0.0,False,0.0,0.0,False,0.0,0.0,False,0.0,0.0,False,29606.48896103896,110,28,3340.4382059728737,172.89910123059983,0.11151565298265728,0
11621,SIDP00880,2015-12-07,digestive_system,Adherent,D/F12,8.344295907915816,0.004672897196261682,0,-0.1124713158627044,2,0.1264619487155797,2,0.1264619487155797,2,0.1264619487155797,0.0,0.0,False,0.2389332645782841,0.0011165105821415143,True,0.2389332645782841,0.0011165105821415143,True,0.0,0.0,False,41605.75974025974,110,28,5893.125232209314,194.73236280005727,0.14045113262073053,1
11624,SIDP00882,2015-12-07,nervous_system,Adherent,R,9.287712379549449,0.004672897196261682,0,0.1655451665019273,0,0.1655451665019273,0,0.1655451665019273,0,0.1655451665019273,0.0,0.0,False,0.0,0.0,False,0.0,0.0,False,0.0,0.0,False,35668.92532467533,110,28,4148.455417617498,229.14597309166703,0.11521305205779833,0
11635,SIDP00904,2015-12-07,lung_NSCLC,Adherent,R,10.287712379549449,0.004672897196261682,0,-0.1005562868084739,0,-0.1005562868084739,0,-0.1005562868084739,0,-0.1005562868084739,0.0,0.0,False,0.0,0.0,False,0.0,0.0,False,0.0,0.0,False,56023.259090909094,110,28,6906.697609341897,235.23615006264725,0.12205123832201215,1
11639,SIDP00616,2015-12-07,digestive_system,Adherent,R,8.344295907915816,0.004672897196261682,0,0.2548736641868137,0,0.2548736641868137,0,0.2548736641868137,0,0.2548736641868137,0.0,0.0,False,0.0,0.0,False,0.0,0.0,False,0.0,0.0,False,48038.73766233766,110,28,4661.279799249244,223.0322894031313,0.09618261687029676,0
11642,SIDP00180,2015-12-07,lung_NSCLC,Adherent,D/F12,9.287712379549449,0.004672897196261682,0,0.1892488338363788,2,0.3542134688587969,2,0.3542134688587969,2,0.3542134688587969,0.0,0.0,False,0.1649646350224181,0.0007708627804785892,True,0.1649646350224181,0.0007708627804785892,True,0.0,0.0,False,27805.95974025974,110,28,3565.5077566950463,189.93836371460614,0.12688528868769347,0
11645,SIDP00181,2015-12-07,lung_NSCLC,Adherent,R,10.287712379549449,0.002336448598130841,0,0.1677405914816153,0,0.1677405914816153,0,0.1677405914816153,0,0.1677405914816153,0.0,0.0,False,0.0,0.0,False,0.0,0.0,False,0.0,0.0,False,29799.259740259742,110,28,3907.3931727139784,199.41077223825215,0.12968212535709386,1
11654,SIDP00215,2015-12-07,lung_NSCLC,Adherent,R,7.643856189774724,0.004672897196261682,0,0.37955212216495,0,0.37955212216495,0,0.37955212216495,0,0.37955212216495,0.0,0.0,False,0.0,0.0,False,0.0,0.0,False,0.0,0.0,False,35800.52077922078,110,28,3769.887445153273,199.87611242332164,0.10431296003762625,0
11663,SIDP00248,2015-12-07,lung_NSCLC,Adherent,R,8.965784284662087,0.004672897196261682,0,0.1345979444124065,0,0.1345979444124065,0,0.1345979444124065,0,0.1345979444124065,0.0,0.0,False,0.0,0.0,False,0.0,0.0,False,0.0,0.0,False,46086.5474025974,110,28,6732.334216556656,268.35166801208396,0.14468133449484338,0
11669,SIDP00284,2015-12-07,pancreas,Adherent,R,8.643856189774725,0.004672897196261682,0,0.2526466989400738,2,0.1285077552744699,2,0.1285077552744699,2,0.1285077552744699,0.0,0.0,False,-0.1241389436656039,-0.0005800885218018874,True,-0.1241389436656039,-0.0005800885218018874,True,0.0,0.0,False,27710.885064935064,110,28,4088.2054883749806,139.1029604209903,0.14588196563578246,1
11679,SIDP00534,2015-12-07,thyroid,Adherent,D/F12,8.344295907915816,0.004672897196261682,0,0.1496080815483742,2,0.016423503843129,2,0.016423503843129,2,0.016423503843129,0.0,0.0,False,-0.13318457770524522,-0.0006223578397441365,True,-0.13318457770524522,-0.0006223578397441365,True,0.0,0.0,False,30138.624675324678,110,28,3621.4063059388836,132.7839275988304,0.11873081094655588,0
11690,SIDP01062,2015-12-07,lymphoma,Suspension,R,10.965784284662089,0.004672897196261682,0,0.2191878395644148,0,0.2191878395644148,0,0.2191878395644148,0,0.2191878395644148,0.0,0.0,False,0.0,0.0,False,0.0,0.0,False,0.0,0.0,False,86788.15909090909,110,28,15438.038681190528,219.50510413368693,0.17690395979475515,1
11763,SIDP00735,2015-12-10,breast,Adherent,D/F12,6.965784284662087,0.004672897196261682,0,0.0760279767935486,0,0.0760279767935486,0,0.0760279767935486,0,0.0760279767935486,0.0,0.0,False,0.0,0.0,False,0.0,0.0,False,0.0,0.0,False,17570.685064935064,110,28,2132.2258580353837,112.72189756420971,0.1199843688897773,0
11766,SIDP00483,2015-12-10,myeloma,Suspension,R,11.287712379549449,0.004672897196261682,0,0.2347023593711621,0,0.2347023593711621,0,0.2347023593711621,0,0.2347023593711621,0.0,0.0,False,0.0,0.0,False,0.0,0.0,False,0.0,0.0,False,58637.12987012987,110,28,8928.431018776342,188.6648437850128,0.1514133282044582,0
11771,SIDP00162,2015-12-10,breast,Adherent,D/F12,8.643856189774725,0.004672897196261682,0,0.5907975995400246,0,0.5907975995400246,0,0.5907975995400246,0,0.5907975995400246,0.0,0.0,False,0.0,0.0,False,0.0,0.0,False,0.0,0.0,False,21195.937662337663,110,28,2531.245629269592,134.17661897426495,0.11823549311728859,0
11786,SIDP00223,2015-12-10,lung_NSCLC,Adherent,D/F12,8.228818690495881,0.004672897196261682,0,0.3153334643106502,2,0.1154869783647323,2,0.1154869783647323,0,0.3153334643106502,0.0,0.0,False,-0.19984648594591786,-0.0009338620838594292,True,-0.19984648594591786,-0.0009338620838594292,True,-0.19984648594591786,-0.0009338620838594292,True,27260.924675324677,110,28,3586.35623555305,138.74496034510233,0.13033578661719145,0
11792,SIDP00748,2015-12-10,lung_NSCLC,Adherent,R,8.228818690495881,0.004672897196261682,0,0.1605431699419433,0,0.1605431699419433,0,0.1605431699419433,0,0.1605431699419433,0.0,0.0,False,0.0,0.0,False,0.0,0.0,False,0.0,0.0,False,36470.56428571428,110,28,3519.406697679273,159.6216550199964,0.09559163262938344,0
11798,SIDP00262,2015-12-10,lung_NSCLC,Adherent,R,10.287712379549449,0.004672897196261682,0,0.1125466712048779,0,0.1125466712048779,0,0.1125466712048779,0,0.1125466712048779,0.0,0.0,False,0.0,0.0,False,0.0,0.0,False,0.0,0.0,False,35838.06168831169,110,28,3953.5778701043882,163.0608473763397,0.10938874849056454,0
11801,SIDP00922,2015-12-10,bone,Adherent,D/F12,8.344295907915816,0.004672897196261682,0,0.1739478128652258,1,0.1390476465695732,1,0.1390476465695732,1,0.1390476465695732,0.0,0.0,False,-0.034900166295652596,-0.00016308488923202146,True,-0.034900166295652596,-0.00016308488923202146,True,0.0,0.0,False,23638.855844155845,110,28,2864.4439097481754,149.8322342244766,0.11989170555604148,0
11804,SIDP01018,2015-12-10,leukemia,Suspension,R,9.965784284662089,0.004672897196261682,0,0.6028581202854979,0,0.6028581202854979,0,0.6028581202854979,0,0.6028581202854979,0.0,0.0,False,0.0,0.0,False,0.0,0.0,False,0.0,0.0,False,53842.3987012987,110,28,9090.55138072886,183.79616901892095,0.16787310373659517,1
11807,SIDP00936,2015-12-10,large_intestine,Adherent,R,8.643856189774725,0.004672897196261682,0,0.2771903098110697,2,0.333165391764004,2,0.333165391764004,2,0.333165391764004,0.0,0.0,False,0.055975081952934325,0.00026156580351838465,True,0.055975081952934325,0.00026156580351838465,True,0.0,0.0,False,27315.725974025972,110,28,2824.523275311661,113.53933192590085,0.10255087325189581,0
11813,SIDP00761,2015-12-10,nervous_system,Adherent,R,7.22881869049588,0.004672897196261682,0,0.2021929886434229,0,0.2021929886434229,0,0.2021929886434229,0,0.2021929886434229,0.0,0.0,False,0.0,0.0,False,0.0,0.0,False,0.0,0.0,False,26651.585064935065,110,28,3071.850656750935,106.28823619497669,0.1142429119573444,0
11816,SIDP00762,2015-12-10,skin,Adherent,R,8.965784284662087,0.004672897196261682,0,-0.4398275283233002,2,0.3154663897513862,2,0.3154663897513862,2,0.3154663897513862,0.0,0.0,False,0.7552939180746864,0.0035294108321247022,True,0.7552939180746864,0.0035294108321247022,True,0.0,0.0,False,15372.823376623377,110,28,2625.4151793834017,163.71301836125429,0.1683000621415188,2
11819,SIDP00319,2015-12-10,bone,Adherent,D/F12,8.344295907915816,0.004672897196261682,0,0.2344035029053069,1,0.268509609111027,1,0.268509609111027,1,0.268509609111027,0.0,0.0,False,0.034106106205720105,0.00015937432806411263,True,0.034106106205720105,0.00015937432806411263,True,0.0,0.0,False,53245.5974025974,110,28,6830.053942036324,163.75664290415241,0.1274859493579506,0
11822,SIDP00334,2015-12-10,lung_SCLC,Adherent,D/F12,8.344295907915816,0.004672897196261682,0,0.1817541648443302,0,0.1817541648443302,0,0.1817541648443302,0,0.1817541648443302,0.0,0.0,False,0.0,0.0,False,0.0,0.0,False,0.0,0.0,False,31101.55064935065,110,28,3658.0743606470537,145.41456882099823,0.11665210782147989,0
11839,SIDP00983,2015-12-13,leukemia,Suspension,R,9.287712379549449,0.004672897196261682,0,0.5658001107890172,0,0.5658001107890172,2,0.7812027759608474,0,0.5658001107890172,0.21540266517183027,0.0010065545101487394,True,0.21540266517183027,0.0010065545101487394,True,0.0,0.0,False,0.21540266517183027,0.0010065545101487394,True,60338.15779220779,110,28,8875.258280544402,159.77763566013505,0.14620227499243127,0
11844,SIDP00253,2015-12-13,lung_SCLC,Suspension,R,11.287712379549449,0.004672897196261682,0,0.1271229324764835,0,0.1271229324764835,0,0.1271229324764835,0,0.1271229324764835,0.0,0.0,False,0.0,0.0,False,0.0,0.0,False,0.0,0.0,False,86517.25584415584,110,28,9458.73763141696,203.1399679059898,0.10873446120306353,0
11857,SIDP00960,2015-12-13,leukemia,Suspension,R,9.965784284662089,0.004672897196261682,0,0.9249030914179652,0,0.9249030914179652,0,0.9249030914179652,2,0.4820847407425871,0.0,0.0,False,0.0,0.0,False,0.0,0.0,False,0.4428183506753781,0.0020692446293241965,True,30427.826623376623,110,28,5469.358382938305,110.73073183874915,0.178580850967146,0
11865,SIDP00866,2015-12-13,aero_dig_tract,Adherent,D/F12,7.22881869049588,0.004672897196261682,0,0.4633606240158162,0,0.4633606240158162,0,0.4633606240158162,0,0.4633606240158162,0.0,0.0,False,0.0,0.0,False,0.0,0.0,False,0.0,0.0,False,30317.57987012987,110,28,3142.319912173494,164.88162741252,0.10276080691785065,0
11871,SIDP00218,2015-12-13,lung_SCLC,Adherent,D/F12,10.287712379549449,0.004672897196261682,0,0.0794119754780358,0,0.0794119754780358,0,0.0794119754780358,0,0.0794119754780358,0.0,0.0,False,0.0,0.0,False,0.0,0.0,False,0.0,0.0,False,33879.93701298701,110,28,3422.4075481822556,185.58146501935522,0.09999299593192301,1
11877,SIDP00257,2015-12-13,lung_NSCLC,Adherent,D/F12,8.643856189774725,0.004672897196261682,0,-0.0509883763119294,2,0.3027362492182135,2,0.3027362492182135,2,0.3027362492182135,0.0,0.0,False,0.35372462553014294,0.0016529188108885184,True,0.35372462553014294,0.0016529188108885184,True,0.0,0.0,False,31883.55909090909,110,28,2990.2411082114595,168.10966989174392,0.0928522049571177,1
11880,SIDP00200,2015-12-13,lung_NSCLC,Adherent,R,8.344295907915816,0.004672897196261682,0,0.3631741402268464,0,0.3631741402268464,0,0.3631741402268464,0,0.3631741402268464,0.0,0.0,False,0.0,0.0,False,0.0,0.0,False,0.0,0.0,False,14886.722727272727,110,28,2044.538290262692,125.70913664900033,0.13578230074158051,1
11883,SIDP00980,2015-12-13,myeloma,Suspension,R,10.287712379549449,0.004672897196261682,0,0.1979206515835549,0,0.1979206515835549,0,0.1979206515835549,0,0.1979206515835549,0.0,0.0,False,0.0,0.0,False,0.0,0.0,False,0.0,0.0,False,52933.97727272727,110,28,9610.644020758691,191.50565700956895,0.18034026128624023,1
11927,SIDP00751,2015-12-14,lung_NSCLC,Adherent,R,9.965784284662089,0.004672897196261682,0,0.2793601487487879,0,0.2793601487487879,0,0.2793601487487879,0,0.2793601487487879,0.0,0.0,False,0.0,0.0,False,0.0,0.0,False,0.0,0.0,False,40375.57727272727,110,28,4004.846428944918,176.58229117200727,0.09836938090315754,0
11930,SIDP00181,2015-12-14,lung_NSCLC,Adherent,R,10.287712379549449,0.002336448598130841,0,0.1051041749506098,0,0.1051041749506098,0,0.1051041749506098,0,0.1051041749506098,0.0,0.0,False,0.0,0.0,False,0.0,0.0,False,0.0,0.0,False,44729.38831168831,110,28,4733.183937573709,213.50005885777907,0.10488760786317416,0
11951,SIDP00490,2015-12-14,myeloma,Suspension,R,10.550746785383245,0.004672897196261682,0,0.3136142318693244,0,0.3136142318693244,0,0.3136142318693244,0,0.3136142318693244,0.0,0.0,False,0.0,0.0,False,0.0,0.0,False,0.0,0.0,False,71479.01493506493,110,28,10024.09265200164,166.27443926665083,0.1393728773615183,1
11957,SIDP00765,2015-12-14,urogenital_system,Adherent,R,8.643856189774725,0.004672897196261682,0,0.2692908280986072,0,0.2692908280986072,0,0.2692908280986072,0,0.2692908280986072,0.0,0.0,False,0.0,0.0,False,0.0,0.0,False,0.0,0.0,False,54835.47662337663,110,28,6024.73855345867,239.20831726262998,0.10897070314195428,0
11988,SIDP00742,2015-12-16,leukemia,Suspension,R,11.287712379549449,0.002336448598130841,0,0.1295280401818641,0,0.1295280401818641,0,0.1295280401818641,0,0.1295280401818641,0.0,0.0,False,0.0,0.0,False,0.0,0.0,False,0.0,0.0,False,116606.20129870129,110,28,11917.351769783167,251.4846919089714,0.1015973986368375,1
11989,SIDP00742,2015-12-16,leukemia,Suspension,R,11.287712379549449,0.002336448598130841,0,0.1121427322632985,0,0.1121427322632985,0,0.1121427322632985,2,0.2948629131527188,0.0,0.0,False,0.0,0.0,False,0.0,0.0,False,-0.18272018088942027,-0.00042691631048929964,True,131923.0305194805,110,28,13991.60446308045,389.2508525237629,0.10522755959052649,0
11992,SIDP00183,2015-12-16,lung_NSCLC,Semi-Adherent,D/F12,10.287712379549449,0.004672897196261682,0,0.0804545924640611,2,0.1050687749215724,2,0.1050687749215724,2,0.1050687749215724,0.0,0.0,False,0.024614182457511305,0.00011501954419397805,True,0.024614182457511305,0.00011501954419397805,True,0.0,0.0,False,31079.64285714286,110,28,3312.6852622591523,161.8739139613422,0.10563241218281444,0
12003,SIDP00207,2015-12-16,lung_NSCLC,Adherent,D/F12,9.813781191217036,0.004672897196261682,0,0.3603285580851505,2,0.2174975963899031,0,0.3603285580851505,2,0.2174975963899031,0.14283096169524742,0.0006674344004450813,True,0.0,0.0,False,-0.14283096169524742,-0.0006674344004450813,True,0.14283096169524742,0.0006674344004450813,True,22747.16883116883,110,28,2301.471071781091,153.7799912676734,0.10003153835354549,0
12007,SIDP00226,2015-12-16,lung_SCLC,Adherent,R,9.965784284662089,0.002336448598130841,0,0.1525033998013283,0,0.1525033998013283,0,0.1525033998013283,0,0.1525033998013283,0.0,0.0,False,0.0,0.0,False,0.0,0.0,False,0.0,0.0,False,39237.87337662337,110,28,3957.119533301215,157.968933219269,0.10011204074166591,0
12008,SIDP00226,2015-12-16,lung_SCLC,Adherent,R,9.965784284662089,0.002336448598130841,0,0.1700651489123733,0,0.1700651489123733,0,0.1700651489123733,0,0.1700651489123733,0.0,0.0,False,0.0,0.0,False,0.0,0.0,False,0.0,0.0,False,42038.75584415584,110,28,4419.197228998798,162.42022054635945,0.10442997027004794,0
12014,SIDP00295,2015-12-16,bone,Adherent,R,9.965784284662089,0.004672897196261682,0,0.1582106645687215,0,0.1582106645687215,0,0.1582106645687215,0,0.1582106645687215,0.0,0.0,False,0.0,0.0,False,0.0,0.0,False,0.0,0.0,False,23553.865584415587,110,28,2630.9737120620002,177.52815932830867,0.11013109171967721,1
12035,SIDP00367,2015-12-16,lymphoma,Suspension,R,7.643856189774724,0.002336448598130841,0,0.0931646185799625,0,0.0931646185799625,0,0.0931646185799625,0,0.0931646185799625,0.0,0.0,False,0.0,0.0,False,0.0,0.0,False,0.0,0.0,False,93420.36558441559,110,28,8601.323331841584,226.4056240771342,0.09153219178544422,1
12036,SIDP00367,2015-12-16,lymphoma,Suspension,R,7.643856189774724,0.002336448598130841,0,0.1060456724109562,0,0.1060456724109562,0,0.1060456724109562,0,0.1060456724109562,0.0,0.0,False,0.0,0.0,False,0.0,0.0,False,0.0,0.0,False,92770.31948051948,110,28,9024.551806549227,328.6194949889195,0.09663927813132797,0
12107,SIDP00430,2015-12-17,leukemia,Suspension,R,9.965784284662089,0.004672897196261682,0,0.9551959599421324,0,0.9551959599421324,0,0.9551959599421324,0,0.9551959599421324,0.0,0.0,False,0.0,0.0,False,0.0,0.0,False,0.0,0.0,False,62071.88961038961,110,28,11209.737308940215,196.98109113453063,0.1792416037467655,0
12125,SIDP01065,2015-12-17,lymphoma,Suspension,R,8.643856189774725,0.004672897196261682,0,0.855825087268464,0,0.855825087268464,0,0.855825087268464,0,0.855825087268464,0.0,0.0,False,0.0,0.0,False,0.0,0.0,False,0.0,0.0,False,20610.381818181817,110,28,3802.0392879838596,138.71006265401758,0.1828617208019671,0
12149,SIDP00011,2015-12-17,lymphoma,Suspension,R,9.965784284662089,0.004672897196261682,0,0.4961379332880172,0,0.4961379332880172,0,0.4961379332880172,0,0.4961379332880172,0.0,0.0,False,0.0,0.0,False,0.0,0.0,False,0.0,0.0,False,47852.38181818182,110,28,8535.081233906983,154.86983782088322,0.1774099128141644,0
