Tissue,arm,alpha,lambda,positives
Breast,hotspot,0.0,1000000.0,4.282608695652174
Breast,hotspot,0.25,1000000.0,4.271739130434782
Breast,hotspot,0.25,1000.0,4.271739130434782
Breast,hotspot,0.25,100.0,4.271739130434782
Breast,hotspot,0.25,10.0,4.163043478260869
Breast,hotspot,0.25,1.0,4.054347826086956
Breast,hotspot,0.5,1000000.0,4.271739130434782
Breast,hotspot,0.5,1000.0,4.304347826086956
Breast,hotspot,0.5,100.0,4.239130434782608
Breast,hotspot,0.5,10.0,4.021739130434782
Breast,hotspot,0.5,1.0,3.880434782608696
Breast,hotspot,1.0,1000000.0,4.271739130434782
Breast,hotspot,1.0,1000.0,4.25
Breast,hotspot,1.0,100.0,4.108695652173913
Breast,hotspot,1.0,10.0,3.7065217391304346
Breast,hotspot,1.0,1.0,3.5869565217391304
Breast,hotspot_shuffled,0.0,1000000.0,4.282608695652174
Breast,hotspot_shuffled,0.25,1000000.0,4.260869565217392
Breast,hotspot_shuffled,0.25,1000.0,4.25
Breast,hotspot_shuffled,0.25,100.0,4.217391304347826
Breast,hotspot_shuffled,0.25,10.0,4.141304347826087
Breast,hotspot_shuffled,0.25,1.0,4.086956521739131
Breast,hotspot_shuffled,0.5,1000000.0,4.260869565217392
Breast,hotspot_shuffled,0.5,1000.0,4.228260869565218
Breast,hotspot_shuffled,0.5,100.0,4.304347826086956
Breast,hotspot_shuffled,0.5,10.0,3.989130434782609
Breast,hotspot_shuffled,0.5,1.0,3.869565217391304
Breast,hotspot_shuffled,1.0,1000000.0,4.260869565217392
Breast,hotspot_shuffled,1.0,1000.0,4.228260869565218
Breast,hotspot_shuffled,1.0,100.0,4.184782608695652
Breast,hotspot_shuffled,1.0,10.0,3.717391304347826
Breast,hotspot_shuffled,1.0,1.0,3.4565217391304346
Breast,dependency,0.0,1000000.0,4.282608695652174
Breast,dependency,0.25,1000000.0,4.282608695652174
Breast,dependency,0.25,1000.0,4.304347826086956
Breast,dependency,0.25,100.0,4.293478260869565
Breast,dependency,0.25,10.0,4.1521739130434785
Breast,dependency,0.25,1.0,4.032608695652174
Breast,dependency,0.5,1000000.0,4.282608695652174
Breast,dependency,0.5,1000.0,4.315217391304348
Breast,dependency,0.5,100.0,4.260869565217392
Breast,dependency,0.5,10.0,4.032608695652174
Breast,dependency,0.5,1.0,3.8043478260869565
Breast,dependency,1.0,1000000.0,4.282608695652174
Breast,dependency,1.0,1000.0,4.3478260869565215
Breast,dependency,1.0,100.0,4.217391304347826
Breast,dependency,1.0,10.0,3.8369565217391304
Breast,dependency,1.0,1.0,3.6739130434782608
Breast,dependency_shuffled,0.0,1000000.0,4.282608695652174
Breast,dependency_shuffled,0.25,1000000.0,4.293478260869565
Breast,dependency_shuffled,0.25,1000.0,4.282608695652174
Breast,dependency_shuffled,0.25,100.0,4.282608695652174
Breast,dependency_shuffled,0.25,10.0,4.010869565217392
Breast,dependency_shuffled,0.25,1.0,3.9456521739130435
Breast,dependency_shuffled,0.5,1000000.0,4.293478260869565
Breast,dependency_shuffled,0.5,1000.0,4.282608695652174
Breast,dependency_shuffled,0.5,100.0,4.195652173913044
Breast,dependency_shuffled,0.5,10.0,3.847826086956522
Breast,dependency_shuffled,0.5,1.0,3.6630434782608696
Breast,dependency_shuffled,1.0,1000000.0,4.293478260869565
Breast,dependency_shuffled,1.0,1000.0,4.282608695652174
Breast,dependency_shuffled,1.0,100.0,4.032608695652174
Breast,dependency_shuffled,1.0,10.0,3.6630434782608696
Breast,dependency_shuffled,1.0,1.0,3.489130434782609
Breast,target_dependency,0.0,1000000.0,4.282608695652174
Breast,target_dependency,0.25,1000000.0,4.282608695652174
Breast,target_dependency,0.25,1000.0,4.282608695652174
Breast,target_dependency,0.25,100.0,4.293478260869565
Breast,target_dependency,0.25,10.0,4.315217391304348
Breast,target_dependency,0.25,1.0,4.304347826086956
Breast,target_dependency,0.5,1000000.0,4.282608695652174
Breast,target_dependency,0.5,1000.0,4.282608695652174
Breast,target_dependency,0.5,100.0,4.293478260869565
Breast,target_dependency,0.5,10.0,4.282608695652174
Breast,target_dependency,0.5,1.0,4.282608695652174
Breast,target_dependency,1.0,1000000.0,4.271739130434782
Breast,target_dependency,1.0,1000.0,4.239130434782608
Breast,target_dependency,1.0,100.0,4.260869565217392
Breast,target_dependency,1.0,10.0,4.228260869565218
Breast,target_dependency,1.0,1.0,4.228260869565218
Breast,target_shuffled,0.0,1000000.0,4.282608695652174
Breast,target_shuffled,0.25,1000000.0,4.260869565217392
Breast,target_shuffled,0.25,1000.0,4.293478260869565
Breast,target_shuffled,0.25,100.0,4.271739130434782
Breast,target_shuffled,0.25,10.0,4.315217391304348
Breast,target_shuffled,0.25,1.0,4.315217391304348
Breast,target_shuffled,0.5,1000000.0,4.260869565217392
Breast,target_shuffled,0.5,1000.0,4.282608695652174
Breast,target_shuffled,0.5,100.0,4.282608695652174
Breast,target_shuffled,0.5,10.0,4.228260869565218
Breast,target_shuffled,0.5,1.0,4.25
Breast,target_shuffled,1.0,1000000.0,4.25
Breast,target_shuffled,1.0,1000.0,4.271739130434782
Breast,target_shuffled,1.0,100.0,4.260869565217392
Breast,target_shuffled,1.0,10.0,4.1521739130434785
Breast,target_shuffled,1.0,1.0,4.108695652173913
Breast,rna_binary,0.0,1000000.0,4.282608695652174
Breast,rna_binary,0.25,1000000.0,4.260869565217392
Breast,rna_binary,0.25,1000.0,4.282608695652174
Breast,rna_binary,0.25,100.0,4.304347826086956
Breast,rna_binary,0.25,10.0,4.260869565217392
Breast,rna_binary,0.25,1.0,4.195652173913044
Breast,rna_binary,0.5,1000000.0,4.260869565217392
Breast,rna_binary,0.5,1000.0,4.304347826086956
Breast,rna_binary,0.5,100.0,4.282608695652174
Breast,rna_binary,0.5,10.0,4.086956521739131
Breast,rna_binary,0.5,1.0,3.9565217391304346
Breast,rna_binary,1.0,1000000.0,4.260869565217392
Breast,rna_binary,1.0,1000.0,4.282608695652174
Breast,rna_binary,1.0,100.0,4.206521739130435
Breast,rna_binary,1.0,10.0,3.739130434782609
Breast,rna_binary,1.0,1.0,3.4782608695652173
Breast,prior_control,0.0,1000000.0,4.282608695652174
Breast,prior_control,0.25,1000000.0,4.282608695652174
Breast,prior_control,0.5,1000000.0,4.282608695652174
Breast,prior_control,1.0,1000000.0,4.282608695652174
Colon,hotspot,0.0,1000000.0,4.963414634146342
Colon,hotspot,0.25,1000000.0,5.036585365853658
Colon,hotspot,0.25,1000.0,5.109756097560975
Colon,hotspot,0.25,100.0,5.073170731707317
Colon,hotspot,0.25,10.0,4.682926829268292
Colon,hotspot,0.25,1.0,4.524390243902439
Colon,hotspot,0.5,1000000.0,5.012195121951219
Colon,hotspot,0.5,1000.0,5.048780487804878
Colon,hotspot,0.5,100.0,4.939024390243903
Colon,hotspot,0.5,10.0,4.2926829268292686
Colon,hotspot,0.5,1.0,3.7439024390243905
Colon,hotspot,1.0,1000000.0,4.878048780487805
Colon,hotspot,1.0,1000.0,4.7682926829268295
Colon,hotspot,1.0,100.0,4.365853658536586
Colon,hotspot,1.0,10.0,3.768292682926829
Colon,hotspot,1.0,1.0,3.292682926829268
Colon,hotspot_shuffled,0.0,1000000.0,4.963414634146342
Colon,hotspot_shuffled,0.25,1000000.0,5.048780487804878
Colon,hotspot_shuffled,0.25,1000.0,5.097560975609756
Colon,hotspot_shuffled,0.25,100.0,5.073170731707317
Colon,hotspot_shuffled,0.25,10.0,4.695121951219512
Colon,hotspot_shuffled,0.25,1.0,4.439024390243903
Colon,hotspot_shuffled,0.5,1000000.0,5.0
Colon,hotspot_shuffled,0.5,1000.0,4.987804878048781
Colon,hotspot_shuffled,0.5,100.0,4.951219512195122
Colon,hotspot_shuffled,0.5,10.0,4.451219512195122
Colon,hotspot_shuffled,0.5,1.0,3.8780487804878048
Colon,hotspot_shuffled,1.0,1000000.0,4.902439024390244
Colon,hotspot_shuffled,1.0,1000.0,4.804878048780488
Colon,hotspot_shuffled,1.0,100.0,4.365853658536586
Colon,hotspot_shuffled,1.0,10.0,3.7439024390243905
Colon,hotspot_shuffled,1.0,1.0,3.451219512195122
Colon,dependency,0.0,1000000.0,4.963414634146342
Colon,dependency,0.25,1000000.0,4.975609756097561
Colon,dependency,0.25,1000.0,4.963414634146342
Colon,dependency,0.25,100.0,4.902439024390244
Colon,dependency,0.25,10.0,4.621951219512195
Colon,dependency,0.25,1.0,4.597560975609756
Colon,dependency,0.5,1000000.0,4.914634146341464
Colon,dependency,0.5,1000.0,4.926829268292683
Colon,dependency,0.5,100.0,4.865853658536586
Colon,dependency,0.5,10.0,4.536585365853658
Colon,dependency,0.5,1.0,4.317073170731708
Colon,dependency,1.0,1000000.0,4.804878048780488
Colon,dependency,1.0,1000.0,4.7560975609756095
Colon,dependency,1.0,100.0,4.451219512195122
Colon,dependency,1.0,10.0,3.841463414634146
Colon,dependency,1.0,1.0,3.7560975609756095
Colon,dependency_shuffled,0.0,1000000.0,4.963414634146342
Colon,dependency_shuffled,0.25,1000000.0,4.987804878048781
Colon,dependency_shuffled,0.25,1000.0,5.048780487804878
Colon,dependency_shuffled,0.25,100.0,4.975609756097561
Colon,dependency_shuffled,0.25,10.0,4.573170731707317
Colon,dependency_shuffled,0.25,1.0,4.597560975609756
Colon,dependency_shuffled,0.5,1000000.0,4.939024390243903
Colon,dependency_shuffled,0.5,1000.0,4.902439024390244
Colon,dependency_shuffled,0.5,100.0,4.853658536585366
Colon,dependency_shuffled,0.5,10.0,4.341463414634147
Colon,dependency_shuffled,0.5,1.0,4.2317073170731705
Colon,dependency_shuffled,1.0,1000000.0,4.780487804878049
Colon,dependency_shuffled,1.0,1000.0,4.7317073170731705
Colon,dependency_shuffled,1.0,100.0,4.365853658536586
Colon,dependency_shuffled,1.0,10.0,3.9146341463414633
Colon,dependency_shuffled,1.0,1.0,3.7804878048780486
Colon,target_dependency,0.0,1000000.0,4.963414634146342
Colon,target_dependency,0.25,1000000.0,4.987804878048781
Colon,target_dependency,0.25,1000.0,5.036585365853658
Colon,target_dependency,0.25,100.0,4.975609756097561
Colon,target_dependency,0.25,10.0,4.926829268292683
Colon,target_dependency,0.25,1.0,4.853658536585366
Colon,target_dependency,0.5,1000000.0,4.914634146341464
Colon,target_dependency,0.5,1000.0,4.939024390243903
Colon,target_dependency,0.5,100.0,4.963414634146342
Colon,target_dependency,0.5,10.0,4.902439024390244
Colon,target_dependency,0.5,1.0,4.804878048780488
Colon,target_dependency,1.0,1000000.0,4.804878048780488
Colon,target_dependency,1.0,1000.0,4.7317073170731705
Colon,target_dependency,1.0,100.0,4.7439024390243905
Colon,target_dependency,1.0,10.0,4.573170731707317
Colon,target_dependency,1.0,1.0,4.353658536585366
Colon,target_shuffled,0.0,1000000.0,4.963414634146342
Colon,target_shuffled,0.25,1000000.0,4.987804878048781
Colon,target_shuffled,0.25,1000.0,4.975609756097561
Colon,target_shuffled,0.25,100.0,4.939024390243903
Colon,target_shuffled,0.25,10.0,4.914634146341464
Colon,target_shuffled,0.25,1.0,4.817073170731708
Colon,target_shuffled,0.5,1000000.0,4.890243902439025
Colon,target_shuffled,0.5,1000.0,4.914634146341464
Colon,target_shuffled,0.5,100.0,4.841463414634147
Colon,target_shuffled,0.5,10.0,4.7073170731707314
Colon,target_shuffled,0.5,1.0,4.682926829268292
Colon,target_shuffled,1.0,1000000.0,4.7926829268292686
Colon,target_shuffled,1.0,1000.0,4.7073170731707314
Colon,target_shuffled,1.0,100.0,4.634146341463414
Colon,target_shuffled,1.0,10.0,4.353658536585366
Colon,target_shuffled,1.0,1.0,4.353658536585366
Colon,rna_binary,0.0,1000000.0,4.963414634146342
Colon,rna_binary,0.25,1000000.0,5.085365853658536
Colon,rna_binary,0.25,1000.0,5.085365853658536
Colon,rna_binary,0.25,100.0,5.060975609756097
Colon,rna_binary,0.25,10.0,4.7073170731707314
Colon,rna_binary,0.25,1.0,4.524390243902439
Colon,rna_binary,0.5,1000000.0,5.012195121951219
Colon,rna_binary,0.5,1000.0,5.085365853658536
Colon,rna_binary,0.5,100.0,4.878048780487805
Colon,rna_binary,0.5,10.0,4.463414634146342
Colon,rna_binary,0.5,1.0,4.2926829268292686
Colon,rna_binary,1.0,1000000.0,4.963414634146342
Colon,rna_binary,1.0,1000.0,4.865853658536586
Colon,rna_binary,1.0,100.0,4.487804878048781
Colon,rna_binary,1.0,10.0,4.036585365853658
Colon,rna_binary,1.0,1.0,3.524390243902439
Colon,prior_control,0.0,1000000.0,4.963414634146342
Colon,prior_control,0.25,1000000.0,5.097560975609756
Colon,prior_control,0.5,1000000.0,5.012195121951219
Colon,prior_control,1.0,1000000.0,4.926829268292683
Pancreas,hotspot,0.0,1000000.0,8.5625
Pancreas,hotspot,0.25,1000000.0,8.666666666666666
Pancreas,hotspot,0.25,1000.0,8.666666666666666
Pancreas,hotspot,0.25,100.0,8.666666666666666
Pancreas,hotspot,0.25,10.0,8.5
Pancreas,hotspot,0.25,1.0,8.3125
Pancreas,hotspot,0.5,1000000.0,8.666666666666666
Pancreas,hotspot,0.5,1000.0,8.645833333333334
Pancreas,hotspot,0.5,100.0,8.604166666666666
Pancreas,hotspot,0.5,10.0,8.479166666666666
Pancreas,hotspot,0.5,1.0,8.145833333333334
Pancreas,hotspot,1.0,1000000.0,8.666666666666666
Pancreas,hotspot,1.0,1000.0,8.625
Pancreas,hotspot,1.0,100.0,8.541666666666666
Pancreas,hotspot,1.0,10.0,8.083333333333334
Pancreas,hotspot,1.0,1.0,7.833333333333333
Pancreas,hotspot_shuffled,0.0,1000000.0,8.5625
Pancreas,hotspot_shuffled,0.25,1000000.0,8.583333333333334
Pancreas,hotspot_shuffled,0.25,1000.0,8.604166666666666
Pancreas,hotspot_shuffled,0.25,100.0,8.541666666666666
Pancreas,hotspot_shuffled,0.25,10.0,8.5
Pancreas,hotspot_shuffled,0.25,1.0,7.916666666666667
Pancreas,hotspot_shuffled,0.5,1000000.0,8.583333333333334
Pancreas,hotspot_shuffled,0.5,1000.0,8.583333333333334
Pancreas,hotspot_shuffled,0.5,100.0,8.520833333333334
Pancreas,hotspot_shuffled,0.5,10.0,8.354166666666666
Pancreas,hotspot_shuffled,0.5,1.0,7.875
Pancreas,hotspot_shuffled,1.0,1000000.0,8.583333333333334
Pancreas,hotspot_shuffled,1.0,1000.0,8.5625
Pancreas,hotspot_shuffled,1.0,100.0,8.479166666666666
Pancreas,hotspot_shuffled,1.0,10.0,7.8125
Pancreas,hotspot_shuffled,1.0,1.0,7.208333333333333
Pancreas,dependency,0.0,1000000.0,8.5625
Pancreas,dependency,0.25,1000000.0,8.5625
Pancreas,dependency,0.25,1000.0,8.5625
Pancreas,dependency,0.25,100.0,8.416666666666666
Pancreas,dependency,0.25,10.0,8.0625
Pancreas,dependency,0.25,1.0,8.041666666666666
Pancreas,dependency,0.5,1000000.0,8.5625
Pancreas,dependency,0.5,1000.0,8.583333333333334
Pancreas,dependency,0.5,100.0,8.3125
Pancreas,dependency,0.5,10.0,7.9375
Pancreas,dependency,0.5,1.0,7.770833333333333
Pancreas,dependency,1.0,1000000.0,8.5625
Pancreas,dependency,1.0,1000.0,8.5
Pancreas,dependency,1.0,100.0,8.083333333333334
Pancreas,dependency,1.0,10.0,7.625
Pancreas,dependency,1.0,1.0,7.270833333333333
Pancreas,dependency_shuffled,0.0,1000000.0,8.5625
Pancreas,dependency_shuffled,0.25,1000000.0,8.541666666666666
Pancreas,dependency_shuffled,0.25,1000.0,8.541666666666666
Pancreas,dependency_shuffled,0.25,100.0,8.375
Pancreas,dependency_shuffled,0.25,10.0,7.875
Pancreas,dependency_shuffled,0.25,1.0,7.645833333333333
Pancreas,dependency_shuffled,0.5,1000000.0,8.541666666666666
Pancreas,dependency_shuffled,0.5,1000.0,8.520833333333334
Pancreas,dependency_shuffled,0.5,100.0,8.270833333333334
Pancreas,dependency_shuffled,0.5,10.0,7.645833333333333
Pancreas,dependency_shuffled,0.5,1.0,7.291666666666667
Pancreas,dependency_shuffled,1.0,1000000.0,8.541666666666666
Pancreas,dependency_shuffled,1.0,1000.0,8.5
Pancreas,dependency_shuffled,1.0,100.0,8.020833333333334
Pancreas,dependency_shuffled,1.0,10.0,7.1875
Pancreas,dependency_shuffled,1.0,1.0,6.770833333333333
Pancreas,target_dependency,0.0,1000000.0,8.5625
Pancreas,target_dependency,0.25,1000000.0,8.541666666666666
Pancreas,target_dependency,0.25,1000.0,8.541666666666666
Pancreas,target_dependency,0.25,100.0,8.5
Pancreas,target_dependency,0.25,10.0,8.354166666666666
Pancreas,target_dependency,0.25,1.0,8.166666666666666
Pancreas,target_dependency,0.5,1000000.0,8.541666666666666
Pancreas,target_dependency,0.5,1000.0,8.541666666666666
Pancreas,target_dependency,0.5,100.0,8.520833333333334
Pancreas,target_dependency,0.5,10.0,8.333333333333334
Pancreas,target_dependency,0.5,1.0,8.104166666666666
Pancreas,target_dependency,1.0,1000000.0,8.541666666666666
Pancreas,target_dependency,1.0,1000.0,8.520833333333334
Pancreas,target_dependency,1.0,100.0,8.416666666666666
Pancreas,target_dependency,1.0,10.0,7.9375
Pancreas,target_dependency,1.0,1.0,7.583333333333333
Pancreas,target_shuffled,0.0,1000000.0,8.5625
Pancreas,target_shuffled,0.25,1000000.0,8.6875
Pancreas,target_shuffled,0.25,1000.0,8.6875
Pancreas,target_shuffled,0.25,100.0,8.625
Pancreas,target_shuffled,0.25,10.0,8.416666666666666
Pancreas,target_shuffled,0.25,1.0,8.1875
Pancreas,target_shuffled,0.5,1000000.0,8.6875
Pancreas,target_shuffled,0.5,1000.0,8.645833333333334
Pancreas,target_shuffled,0.5,100.0,8.625
Pancreas,target_shuffled,0.5,10.0,8.354166666666666
Pancreas,target_shuffled,0.5,1.0,8.229166666666666
Pancreas,target_shuffled,1.0,1000000.0,8.6875
Pancreas,target_shuffled,1.0,1000.0,8.645833333333334
Pancreas,target_shuffled,1.0,100.0,8.520833333333334
Pancreas,target_shuffled,1.0,10.0,8.125
Pancreas,target_shuffled,1.0,1.0,8.0
Pancreas,rna_binary,0.0,1000000.0,8.5625
Pancreas,rna_binary,0.25,1000000.0,8.5625
Pancreas,rna_binary,0.25,1000.0,8.5625
Pancreas,rna_binary,0.25,100.0,8.5
Pancreas,rna_binary,0.25,10.0,8.0
Pancreas,rna_binary,0.25,1.0,7.541666666666667
Pancreas,rna_binary,0.5,1000000.0,8.5625
Pancreas,rna_binary,0.5,1000.0,8.5
Pancreas,rna_binary,0.5,100.0,8.395833333333334
Pancreas,rna_binary,0.5,10.0,7.833333333333333
Pancreas,rna_binary,0.5,1.0,7.0625
Pancreas,rna_binary,1.0,1000000.0,8.5625
Pancreas,rna_binary,1.0,1000.0,8.479166666666666
Pancreas,rna_binary,1.0,100.0,8.3125
Pancreas,rna_binary,1.0,10.0,7.416666666666667
Pancreas,rna_binary,1.0,1.0,6.583333333333333
Pancreas,prior_control,0.0,1000000.0,8.5625
Pancreas,prior_control,0.25,1000000.0,8.5625
Pancreas,prior_control,0.5,1000000.0,8.5625
Pancreas,prior_control,1.0,1000000.0,8.5625
