Tissue,SIDM,role,n,dependency_available,P2_oracle,R2_positive_simple,P2_confirmed_simple,P2_cost_simple,rho_simple,raw_rho_simple,R3_positive_simple,R2_positive_hotspot,P2_confirmed_hotspot,P2_cost_hotspot,rho_hotspot,raw_rho_hotspot,R3_positive_hotspot,R2_positive_hotspot_shuffled,P2_confirmed_hotspot_shuffled,P2_cost_hotspot_shuffled,rho_hotspot_shuffled,raw_rho_hotspot_shuffled,R3_positive_hotspot_shuffled,R2_positive_dependency,P2_confirmed_dependency,P2_cost_dependency,rho_dependency,raw_rho_dependency,R3_positive_dependency,R2_positive_dependency_shuffled,P2_confirmed_dependency_shuffled,P2_cost_dependency_shuffled,rho_dependency_shuffled,raw_rho_dependency_shuffled,R3_positive_dependency_shuffled,R2_positive_target_dependency,P2_confirmed_target_dependency,P2_cost_target_dependency,rho_target_dependency,raw_rho_target_dependency,R3_positive_target_dependency,R2_positive_target_shuffled,P2_confirmed_target_shuffled,P2_cost_target_shuffled,rho_target_shuffled,raw_rho_target_shuffled,R3_positive_target_shuffled,R2_positive_rna_binary,P2_confirmed_rna_binary,P2_cost_rna_binary,rho_rna_binary,raw_rho_rna_binary,R3_positive_rna_binary,R2_positive_prior_control,P2_confirmed_prior_control,P2_cost_prior_control,rho_prior_control,raw_rho_prior_control,R3_positive_prior_control,R2_positive_hotspot_minus_simple,R2_positive_hotspot_minus_prior,P2_confirmed_hotspot_minus_simple,P2_confirmed_hotspot_minus_prior,P2_cost_hotspot_minus_simple,P2_cost_hotspot_minus_prior,rho_hotspot_minus_simple,rho_hotspot_minus_prior,raw_rho_hotspot_minus_simple,raw_rho_hotspot_minus_prior,R3_positive_hotspot_minus_simple,R3_positive_hotspot_minus_prior,R2_positive_hotspot_shuffled_minus_simple,R2_positive_hotspot_shuffled_minus_prior,P2_confirmed_hotspot_shuffled_minus_simple,P2_confirmed_hotspot_shuffled_minus_prior,P2_cost_hotspot_shuffled_minus_simple,P2_cost_hotspot_shuffled_minus_prior,rho_hotspot_shuffled_minus_simple,rho_hotspot_shuffled_minus_prior,raw_rho_hotspot_shuffled_minus_simple,raw_rho_hotspot_shuffled_minus_prior,R3_positive_hotspot_shuffled_minus_simple,R3_positive_hotspot_shuffled_minus_prior,R2_positive_dependency_minus_simple,R2_positive_dependency_minus_prior,P2_confirmed_dependency_minus_simple,P2_confirmed_dependency_minus_prior,P2_cost_dependency_minus_simple,P2_cost_dependency_minus_prior,rho_dependency_minus_simple,rho_dependency_minus_prior,raw_rho_dependency_minus_simple,raw_rho_dependency_minus_prior,R3_positive_dependency_minus_simple,R3_positive_dependency_minus_prior,R2_positive_dependency_shuffled_minus_simple,R2_positive_dependency_shuffled_minus_prior,P2_confirmed_dependency_shuffled_minus_simple,P2_confirmed_dependency_shuffled_minus_prior,P2_cost_dependency_shuffled_minus_simple,P2_cost_dependency_shuffled_minus_prior,rho_dependency_shuffled_minus_simple,rho_dependency_shuffled_minus_prior,raw_rho_dependency_shuffled_minus_simple,raw_rho_dependency_shuffled_minus_prior,R3_positive_dependency_shuffled_minus_simple,R3_positive_dependency_shuffled_minus_prior,R2_positive_target_dependency_minus_simple,R2_positive_target_dependency_minus_prior,P2_confirmed_target_dependency_minus_simple,P2_confirmed_target_dependency_minus_prior,P2_cost_target_dependency_minus_simple,P2_cost_target_dependency_minus_prior,rho_target_dependency_minus_simple,rho_target_dependency_minus_prior,raw_rho_target_dependency_minus_simple,raw_rho_target_dependency_minus_prior,R3_positive_target_dependency_minus_simple,R3_positive_target_dependency_minus_prior,R2_positive_target_shuffled_minus_simple,R2_positive_target_shuffled_minus_prior,P2_confirmed_target_shuffled_minus_simple,P2_confirmed_target_shuffled_minus_prior,P2_cost_target_shuffled_minus_simple,P2_cost_target_shuffled_minus_prior,rho_target_shuffled_minus_simple,rho_target_shuffled_minus_prior,raw_rho_target_shuffled_minus_simple,raw_rho_target_shuffled_minus_prior,R3_positive_target_shuffled_minus_simple,R3_positive_target_shuffled_minus_prior,R2_positive_rna_binary_minus_simple,R2_positive_rna_binary_minus_prior,P2_confirmed_rna_binary_minus_simple,P2_confirmed_rna_binary_minus_prior,P2_cost_rna_binary_minus_simple,P2_cost_rna_binary_minus_prior,rho_rna_binary_minus_simple,rho_rna_binary_minus_prior,raw_rho_rna_binary_minus_simple,raw_rho_rna_binary_minus_prior,R3_positive_rna_binary_minus_simple,R3_positive_rna_binary_minus_prior,R2_positive_prior_control_minus_simple,R2_positive_prior_control_minus_prior,P2_confirmed_prior_control_minus_simple,P2_confirmed_prior_control_minus_prior,P2_cost_prior_control_minus_simple,P2_cost_prior_control_minus_prior,rho_prior_control_minus_simple,rho_prior_control_minus_prior,raw_rho_prior_control_minus_simple,raw_rho_prior_control_minus_prior,R3_positive_prior_control_minus_simple,R3_positive_prior_control_minus_prior,R2_positive_hotspot_minus_control,P2_confirmed_hotspot_minus_control,R2_positive_dependency_minus_control,P2_confirmed_dependency_minus_control,R2_positive_target_dependency_minus_control,P2_confirmed_target_dependency_minus_control
Breast,SIDM00332,SV,142,True,0,1.0,0.0,21,0.30717310009571114,0.1993833165386466,1.0,1.0,0.0,21,0.3059443054268759,0.2065520220795929,1.0,1.0,0.0,21,0.30694041268761996,0.20720606102727282,1.0,1.0,0.0,21,0.30970568182054653,0.21258943121295684,1.0,1.0,0.0,21,0.30598202066042796,0.20085028703181546,1.0,1.0,0.0,21,0.2820981438075618,0.18786837473802148,1.0,1.0,0.0,21,0.3011253149850323,0.18996773619612906,1.0,1.0,0.0,21,0.30877786890263365,0.19454311891860468,1.0,1.0,0.0,21,0.30717310009571114,0.1993833165386466,1.0,0.0,0.0,0.0,0.0,0,0,-0.0012287946688352425,-0.0012287946688352425,0.007168705540946285,0.007168705540946285,0.0,0.0,0.0,0.0,0.0,0.0,0,0,-0.00023268740809118116,-0.00023268740809118116,0.007822744488626215,0.007822744488626215,0.0,0.0,0.0,0.0,0.0,0.0,0,0,0.002532581724835392,0.002532581724835392,0.013206114674310238,0.013206114674310238,0.0,0.0,0.0,0.0,0.0,0.0,0,0,-0.0011910794352831822,-0.0011910794352831822,0.001466970493168851,0.001466970493168851,0.0,0.0,0.0,0.0,0.0,0.0,0,0,-0.02507495628814932,-0.02507495628814932,-0.011514941800625123,-0.011514941800625123,0.0,0.0,0.0,0.0,0.0,0.0,0,0,-0.006047785110678827,-0.006047785110678827,-0.009415580342517549,-0.009415580342517549,0.0,0.0,0.0,0.0,0.0,0.0,0,0,0.0016047688069225075,0.0016047688069225075,-0.004840197620041925,-0.004840197620041925,0.0,0.0,0.0,0.0,0.0,0.0,0,0,0.0,0.0,0.0,0.0,0.0,0.0,0.0,0.0,0.0,0.0,0.0,0.0
Breast,SIDM00332,VS,152,True,7,6.0,6.0,30,0.3395238166704993,0.26215626580646,3.0,6.0,6.0,30,0.3462174087823728,0.2671070415587331,3.0,6.0,6.0,30,0.33601899241752153,0.25236275495318694,3.0,6.0,6.0,31,0.33960987747687243,0.24959135906527136,3.0,6.0,6.0,30,0.337873828649709,0.2590078995826622,3.0,6.0,6.0,30,0.32858413898627337,0.26690636545230745,3.0,6.0,6.0,30,0.33064321936202995,0.26421964820379806,3.0,6.0,6.0,30,0.3466059738326617,0.26138497089784857,3.0,6.0,6.0,30,0.3395238166704993,0.26215626580646,3.0,0.0,0.0,0.0,0.0,0,0,0.006693592111873481,0.006693592111873481,0.0049507757522730955,0.0049507757522730955,0.0,0.0,0.0,0.0,0.0,0.0,0,0,-0.0035048242529777673,-0.0035048242529777673,-0.009793510853273069,-0.009793510853273069,0.0,0.0,0.0,0.0,0.0,0.0,1,1,8.606080637313385e-05,8.606080637313385e-05,-0.012564906741188653,-0.012564906741188653,0.0,0.0,0.0,0.0,0.0,0.0,0,0,-0.001649988020790305,-0.001649988020790305,-0.003148366223797827,-0.003148366223797827,0.0,0.0,0.0,0.0,0.0,0.0,0,0,-0.010939677684225935,-0.010939677684225935,0.004750099645847439,0.004750099645847439,0.0,0.0,0.0,0.0,0.0,0.0,0,0,-0.008880597308469351,-0.008880597308469351,0.002063382397338054,0.002063382397338054,0.0,0.0,0.0,0.0,0.0,0.0,0,0,0.0070821571621623725,0.0070821571621623725,-0.0007712949086114418,-0.0007712949086114418,0.0,0.0,0.0,0.0,0.0,0.0,0,0,0.0,0.0,0.0,0.0,0.0,0.0,0.0,0.0,0.0,0.0,0.0,0.0
Breast,SIDM00874,SV,154,True,1,3.0,1.0,22,0.37492698465082375,0.31190532829033113,3.0,3.0,1.0,22,0.37329039916379725,0.30811967310531996,3.0,3.0,1.0,22,0.3690049177708088,0.29935670732354497,3.0,3.0,1.0,22,0.36581818000372784,0.30160726047259,3.0,3.0,1.0,22,0.37295625796331633,0.3090403583581635,3.0,3.0,1.0,22,0.3649698906178064,0.30272761316773916,3.0,3.0,1.0,22,0.37692128361427657,0.3114489935741376,3.0,3.0,1.0,22,0.38338854032399167,0.3162418033965881,3.0,3.0,1.0,22,0.37492698465082375,0.31190532829033113,3.0,0.0,0.0,0.0,0.0,0,0,-0.0016365854870264984,-0.0016365854870264984,-0.003785655185011172,-0.003785655185011172,0.0,0.0,0.0,0.0,0.0,0.0,0,0,-0.005922066880014953,-0.005922066880014953,-0.012548620966786161,-0.012548620966786161,0.0,0.0,0.0,0.0,0.0,0.0,0,0,-0.009108804647095903,-0.009108804647095903,-0.010298067817741119,-0.010298067817741119,0.0,0.0,0.0,0.0,0.0,0.0,0,0,-0.001970726687507418,-0.001970726687507418,-0.002864969932167616,-0.002864969932167616,0.0,0.0,0.0,0.0,0.0,0.0,0,0,-0.009957094033017366,-0.009957094033017366,-0.009177715122591967,-0.009177715122591967,0.0,0.0,0.0,0.0,0.0,0.0,0,0,0.001994298963452823,0.001994298963452823,-0.0004563347161935516,-0.0004563347161935516,0.0,0.0,0.0,0.0,0.0,0.0,0,0,0.00846155567316792,0.00846155567316792,0.004336475106256954,0.004336475106256954,0.0,0.0,0.0,0.0,0.0,0.0,0,0,0.0,0.0,0.0,0.0,0.0,0.0,0.0,0.0,0.0,0.0,0.0,0.0
Breast,SIDM00874,VS,154,True,1,2.0,1.0,24,0.13157217101939497,0.170110453990263,3.0,2.0,1.0,24,0.1351303158082297,0.16900301675352042,3.0,2.0,1.0,24,0.12872160436926194,0.16940584779752604,3.0,2.0,1.0,24,0.11795093205006645,0.15987746026828942,3.0,2.0,1.0,24,0.13262717213613437,0.1704940759633527,3.0,2.0,1.0,24,0.14582474231204304,0.1734856348758528,3.0,2.0,1.0,24,0.14849808026085098,0.19121177663791541,3.0,2.0,1.0,24,0.13972944128526577,0.1766517860053551,3.0,2.0,1.0,24,0.13157217101939497,0.170110453990263,3.0,0.0,0.0,0.0,0.0,0,0,0.003558144788834733,0.003558144788834733,-0.0011074372367425867,-0.0011074372367425867,0.0,0.0,0.0,0.0,0.0,0.0,0,0,-0.0028505666501330296,-0.0028505666501330296,-0.0007046061927369618,-0.0007046061927369618,0.0,0.0,0.0,0.0,0.0,0.0,0,0,-0.013621238969328528,-0.013621238969328528,-0.010232993721973588,-0.010232993721973588,0.0,0.0,0.0,0.0,0.0,0.0,0,0,0.0010550011167393958,0.0010550011167393958,0.0003836219730896928,0.0003836219730896928,0.0,0.0,0.0,0.0,0.0,0.0,0,0,0.014252571292648064,0.014252571292648064,0.0033751808855898013,0.0033751808855898013,0.0,0.0,0.0,0.0,0.0,0.0,0,0,0.01692590924145601,0.01692590924145601,0.02110132264765241,0.02110132264765241,0.0,0.0,0.0,0.0,0.0,0.0,0,0,0.008157270265870792,0.008157270265870792,0.006541332015092105,0.006541332015092105,0.0,0.0,0.0,0.0,0.0,0.0,0,0,0.0,0.0,0.0,0.0,0.0,0.0,0.0,0.0,0.0,0.0,0.0,0.0
Breast,SIDM00898,SV,143,True,1,2.0,1.0,22,0.11441591255334378,0.014580095472340354,1.0,2.0,1.0,22,0.11147551115385382,0.01038827327324671,1.0,2.0,1.0,22,0.10584989761053405,-0.0019717319393900644,1.0,2.0,1.0,22,0.10921520314417923,0.02679178369399243,1.0,2.0,1.0,22,0.11299500848869812,0.012983808857176076,1.0,2.0,1.0,22,0.10176090492085768,0.022711134337458628,1.0,2.0,1.0,22,0.13641737830412748,0.01328768685986491,1.0,2.0,1.0,22,0.126248749723928,0.026710927162285996,1.0,2.0,1.0,22,0.11441591255334378,0.014580095472340354,1.0,0.0,0.0,0.0,0.0,0,0,-0.002940401399489964,-0.002940401399489964,-0.004191822199093644,-0.004191822199093644,0.0,0.0,0.0,0.0,0.0,0.0,0,0,-0.00856601494280973,-0.00856601494280973,-0.01655182741173042,-0.01655182741173042,0.0,0.0,0.0,0.0,0.0,0.0,0,0,-0.005200709409164547,-0.005200709409164547,0.012211688221652075,0.012211688221652075,0.0,0.0,0.0,0.0,0.0,0.0,0,0,-0.0014209040646456644,-0.0014209040646456644,-0.0015962866151642777,-0.0015962866151642777,0.0,0.0,0.0,0.0,0.0,0.0,0,0,-0.012655007632486101,-0.012655007632486101,0.008131038865118274,0.008131038865118274,0.0,0.0,0.0,0.0,0.0,0.0,0,0,0.022001465750783697,0.022001465750783697,-0.0012924086124754437,-0.0012924086124754437,0.0,0.0,0.0,0.0,0.0,0.0,0,0,0.011832837170584212,0.011832837170584212,0.012130831689945642,0.012130831689945642,0.0,0.0,0.0,0.0,0.0,0.0,0,0,0.0,0.0,0.0,0.0,0.0,0.0,0.0,0.0,0.0,0.0,0.0,0.0
Breast,SIDM00898,VS,152,True,2,3.0,2.0,23,0.21291551142450715,0.2239367382031948,3.0,3.0,2.0,23,0.2175555000662152,0.22827962088002418,3.0,3.0,2.0,23,0.21030795214858242,0.22073141325543827,3.0,3.0,2.0,23,0.21027061304808028,0.22039221817233834,3.0,3.0,2.0,23,0.21271993195638095,0.2246809551582553,3.0,3.0,2.0,23,0.20181981365882948,0.2119321636481018,3.0,3.0,2.0,23,0.21560099046633158,0.22506209053299991,3.0,3.0,2.0,23,0.208151620741792,0.21429694863614088,3.0,3.0,2.0,23,0.21291551142450715,0.2239367382031948,3.0,0.0,0.0,0.0,0.0,0,0,0.004639988641708059,0.004639988641708059,0.0043428826768293904,0.0043428826768293904,0.0,0.0,0.0,0.0,0.0,0.0,0,0,-0.002607559275924737,-0.002607559275924737,-0.0032053249477565215,-0.0032053249477565215,0.0,0.0,0.0,0.0,0.0,0.0,0,0,-0.0026448983764268685,-0.0026448983764268685,-0.0035445200308564517,-0.0035445200308564517,0.0,0.0,0.0,0.0,0.0,0.0,0,0,-0.00019557946812620575,-0.00019557946812620575,0.0007442169550605227,0.0007442169550605227,0.0,0.0,0.0,0.0,0.0,0.0,0,0,-0.011095697765677676,-0.011095697765677676,-0.01200457455509299,-0.01200457455509299,0.0,0.0,0.0,0.0,0.0,0.0,0,0,0.0026854790418244234,0.0026854790418244234,0.0011253523298051238,0.0011253523298051238,0.0,0.0,0.0,0.0,0.0,0.0,0,0,-0.004763890682715155,-0.004763890682715155,-0.009639789567053914,-0.009639789567053914,0.0,0.0,0.0,0.0,0.0,0.0,0,0,0.0,0.0,0.0,0.0,0.0,0.0,0.0,0.0,0.0,0.0,0.0,0.0
Breast,SIDM00928,SV,153,False,2,5.0,1.0,26,0.33710923204700016,0.2784666941380842,7.0,5.0,1.0,26,0.3390379460423146,0.288138781480052,7.0,5.0,1.0,26,0.33230646128756847,0.29011820508914876,7.0,5.0,1.0,26,0.33710923204700016,0.2784666941380842,7.0,5.0,1.0,26,0.33710923204700016,0.2784666941380842,7.0,5.0,1.0,26,0.33710923204700016,0.2784666941380842,7.0,5.0,1.0,26,0.33710923204700016,0.2784666941380842,7.0,7.0,1.0,26,0.3690268934303929,0.3236285050982837,8.0,5.0,1.0,26,0.33710923204700016,0.2784666941380842,7.0,0.0,0.0,0.0,0.0,0,0,0.0019287139953144128,0.0019287139953144128,0.009672087341967783,0.009672087341967783,0.0,0.0,0.0,0.0,0.0,0.0,0,0,-0.004802770759431696,-0.004802770759431696,0.011651510951064536,0.011651510951064536,0.0,0.0,0.0,0.0,0.0,0.0,0,0,0.0,0.0,0.0,0.0,0.0,0.0,0.0,0.0,0.0,0.0,0,0,0.0,0.0,0.0,0.0,0.0,0.0,0.0,0.0,0.0,0.0,0,0,0.0,0.0,0.0,0.0,0.0,0.0,0.0,0.0,0.0,0.0,0,0,0.0,0.0,0.0,0.0,0.0,0.0,2.0,2.0,0.0,0.0,0,0,0.03191766138339275,0.03191766138339275,0.0451618109601995,0.0451618109601995,1.0,1.0,0.0,0.0,0.0,0.0,0,0,0.0,0.0,0.0,0.0,0.0,0.0,0.0,0.0,0.0,0.0,0.0,0.0
Breast,SIDM00928,VS,154,False,1,8.0,1.0,29,0.4647594760242493,0.3721734203749224,8.0,8.0,1.0,29,0.4651200185929668,0.3709487084034401,8.0,8.0,1.0,29,0.4625153783081255,0.36393684205878524,8.0,8.0,1.0,29,0.4647594760242493,0.3721734203749224,8.0,8.0,1.0,29,0.4647594760242493,0.3721734203749224,8.0,8.0,1.0,29,0.4647594760242493,0.3721734203749224,8.0,8.0,1.0,29,0.4647594760242493,0.3721734203749224,8.0,8.0,1.0,29,0.46122519662012906,0.35815698396252893,8.0,8.0,1.0,29,0.4647594760242493,0.3721734203749224,8.0,0.0,0.0,0.0,0.0,0,0,0.00036054256871753676,0.00036054256871753676,-0.0012247119714823285,-0.0012247119714823285,0.0,0.0,0.0,0.0,0.0,0.0,0,0,-0.002244097716123772,-0.002244097716123772,-0.008236578316137166,-0.008236578316137166,0.0,0.0,0.0,0.0,0.0,0.0,0,0,0.0,0.0,0.0,0.0,0.0,0.0,0.0,0.0,0.0,0.0,0,0,0.0,0.0,0.0,0.0,0.0,0.0,0.0,0.0,0.0,0.0,0,0,0.0,0.0,0.0,0.0,0.0,0.0,0.0,0.0,0.0,0.0,0,0,0.0,0.0,0.0,0.0,0.0,0.0,0.0,0.0,0.0,0.0,0,0,-0.003534279404120211,-0.003534279404120211,-0.014016436412393474,-0.014016436412393474,0.0,0.0,0.0,0.0,0.0,0.0,0,0,0.0,0.0,0.0,0.0,0.0,0.0,0.0,0.0,0.0,0.0,0.0,0.0
Breast,SIDM00963,SV,154,False,2,2.0,2.0,23,0.26214904530680955,0.21858920740314386,2.0,2.0,2.0,23,0.24955506872169744,0.21294765607564134,2.0,2.0,2.0,23,0.2735679424149573,0.21779417646831323,2.0,2.0,2.0,23,0.26214904530680955,0.21858920740314386,2.0,2.0,2.0,23,0.26214904530680955,0.21858920740314386,2.0,2.0,2.0,23,0.26214904530680955,0.21858920740314386,2.0,2.0,2.0,23,0.26214904530680955,0.21858920740314386,2.0,2.0,2.0,23,0.2250664293014321,0.19575140643137118,2.0,2.0,2.0,23,0.26214904530680955,0.21858920740314386,2.0,0.0,0.0,0.0,0.0,0,0,-0.012593976585112104,-0.012593976585112104,-0.00564155132750252,-0.00564155132750252,0.0,0.0,0.0,0.0,0.0,0.0,0,0,0.011418897108147752,0.011418897108147752,-0.0007950309348306317,-0.0007950309348306317,0.0,0.0,0.0,0.0,0.0,0.0,0,0,0.0,0.0,0.0,0.0,0.0,0.0,0.0,0.0,0.0,0.0,0,0,0.0,0.0,0.0,0.0,0.0,0.0,0.0,0.0,0.0,0.0,0,0,0.0,0.0,0.0,0.0,0.0,0.0,0.0,0.0,0.0,0.0,0,0,0.0,0.0,0.0,0.0,0.0,0.0,0.0,0.0,0.0,0.0,0,0,-0.03708261600537743,-0.03708261600537743,-0.02283780097177268,-0.02283780097177268,0.0,0.0,0.0,0.0,0.0,0.0,0,0,0.0,0.0,0.0,0.0,0.0,0.0,0.0,0.0,0.0,0.0,0.0,0.0
Breast,SIDM00963,VS,154,False,0,3.0,0.0,21,0.27390055183281226,0.3512866489916425,1.0,3.0,0.0,21,0.27116641392929747,0.34901712990386363,1.0,3.0,0.0,21,0.285327736072296,0.3511705743332505,1.0,3.0,0.0,21,0.27390055183281226,0.3512866489916425,1.0,3.0,0.0,21,0.27390055183281226,0.3512866489916425,1.0,3.0,0.0,21,0.27390055183281226,0.3512866489916425,1.0,3.0,0.0,21,0.27390055183281226,0.3512866489916425,1.0,3.0,0.0,21,0.28377861195945,0.3580158120546806,1.0,3.0,0.0,21,0.27390055183281226,0.3512866489916425,1.0,0.0,0.0,0.0,0.0,0,0,-0.0027341379035147884,-0.0027341379035147884,-0.002269519087778893,-0.002269519087778893,0.0,0.0,0.0,0.0,0.0,0.0,0,0,0.011427184239483745,0.011427184239483745,-0.00011607465839202913,-0.00011607465839202913,0.0,0.0,0.0,0.0,0.0,0.0,0,0,0.0,0.0,0.0,0.0,0.0,0.0,0.0,0.0,0.0,0.0,0,0,0.0,0.0,0.0,0.0,0.0,0.0,0.0,0.0,0.0,0.0,0,0,0.0,0.0,0.0,0.0,0.0,0.0,0.0,0.0,0.0,0.0,0,0,0.0,0.0,0.0,0.0,0.0,0.0,0.0,0.0,0.0,0.0,0,0,0.009878060126637722,0.009878060126637722,0.006729163063038057,0.006729163063038057,0.0,0.0,0.0,0.0,0.0,0.0,0,0,0.0,0.0,0.0,0.0,0.0,0.0,0.0,0.0,0.0,0.0,0.0,0.0
Colon,SIDM00136,SV,168,True,5,5.0,4.0,27,0.613215665035103,0.4112373757329582,4.0,5.0,5.0,28,0.576486011803239,0.3804271978610777,4.0,5.0,4.0,27,0.5781833091117317,0.37964078103384546,4.0,5.0,5.0,28,0.5777196237249528,0.38019268049050325,4.0,5.0,5.0,28,0.5826201011015201,0.3825720278149617,4.0,5.0,5.0,28,0.5801286573750881,0.3814425657490572,4.0,5.0,5.0,28,0.5755953115555603,0.37999383600178177,4.0,5.0,5.0,28,0.5745645143978648,0.37908157903806167,4.0,5.0,5.0,28,0.5762571165040556,0.38022594941300236,4.0,0.0,0.0,1.0,0.0,1,0,-0.03672965323186406,0.0002288952991833515,-0.030810177871880506,0.0002012484480753418,0.0,0.0,0.0,0.0,0.0,-1.0,0,-1,-0.035032355923371394,0.0019261926076760139,-0.031596594699112746,-0.0005851683791568973,0.0,0.0,0.0,0.0,1.0,0.0,1,0,-0.03549604131015027,0.0014625072208971357,-0.031044695242454956,-3.3268922499107845e-05,0.0,0.0,0.0,0.0,1.0,0.0,1,0,-0.03059556393358298,0.006362984597464427,-0.02866534791799652,0.0023460784019593284,0.0,0.0,0.0,0.0,1.0,0.0,1,0,-0.03308700766001493,0.003871540871032475,-0.029794809983900994,0.0012166163360548543,0.0,0.0,0.0,0.0,1.0,0.0,1,0,-0.037620353479542734,-0.0006618049484953259,-0.03124353973117644,-0.00023211341122059137,0.0,0.0,0.0,0.0,1.0,0.0,1,0,-0.03865115063723823,-0.0016926021061908214,-0.03215579669489654,-0.0011443703749406953,0.0,0.0,0.0,0.0,1.0,0.0,1,0,-0.03695854853104741,0.0,-0.031011426319955848,0.0,0.0,0.0,0.0,1.0,0.0,0.0,0.0,0.0
Colon,SIDM00136,VS,168,True,5,7.0,5.0,29,0.44143580969928276,0.4843925337042247,7.0,7.0,5.0,29,0.45920888541497057,0.5080321666088572,7.0,7.0,5.0,29,0.46300899917801164,0.5060916967026505,7.0,7.0,5.0,29,0.4560251518071417,0.5033838674421554,7.0,7.0,5.0,29,0.4625442903481,0.5113749514094474,7.0,7.0,5.0,29,0.46049116662210926,0.5068317562530599,7.0,7.0,5.0,29,0.4598483247548768,0.5084486184025405,7.0,7.0,5.0,29,0.45688789004021085,0.5036620368346727,7.0,7.0,5.0,29,0.45856954849747206,0.5057874385752262,7.0,0.0,0.0,0.0,0.0,0,0,0.017773075715687814,0.000639336917498512,0.0236396329046325,0.0022447280336309605,0.0,0.0,0.0,0.0,0.0,0.0,0,0,0.021573189478728882,0.004439450680539581,0.021699162998425836,0.00030425812742429503,0.0,0.0,0.0,0.0,0.0,0.0,0,0,0.01458934210785895,-0.0025443966903303528,0.01899133373793066,-0.002403571133070881,0.0,0.0,0.0,0.0,0.0,0.0,0,0,0.021108480648817263,0.003974741850627961,0.02698241770522275,0.005587512834221209,0.0,0.0,0.0,0.0,0.0,0.0,0,0,0.019055356922826505,0.0019216181246372033,0.02243922254883518,0.0010443176778336394,0.0,0.0,0.0,0.0,0.0,0.0,0,0,0.018412515055594048,0.0012787762574047457,0.024056084698315827,0.002661179827314286,0.0,0.0,0.0,0.0,0.0,0.0,0,0,0.015452080340928098,-0.0016816584572612037,0.019269503130448007,-0.002125401740553534,0.0,0.0,0.0,0.0,0.0,0.0,0,0,0.017133738798189302,0.0,0.02139490487100154,0.0,0.0,0.0,0.0,0.0,0.0,0.0,0.0,0.0
Colon,SIDM00789,SV,168,True,5,4.0,3.0,29,0.5879525817342491,0.3530717074173002,1.0,4.0,3.0,29,0.5786698033064724,0.33901423255181756,1.0,4.0,3.0,29,0.573867080404729,0.3316016152970994,1.0,4.0,3.0,29,0.5742483296287373,0.33317291165609,1.0,4.0,3.0,29,0.5744790028938829,0.3320971098024359,1.0,4.0,3.0,29,0.5740319512202109,0.331710932999417,1.0,4.0,3.0,29,0.5729214318674014,0.3321835074793066,1.0,4.0,3.0,29,0.5755613358629311,0.33446156060645654,1.0,4.0,3.0,29,0.5746335611582697,0.3334571397881077,1.0,0.0,0.0,0.0,0.0,0,0,-0.009282778427776694,0.004036242148202751,-0.014057474865482644,0.005557092763709859,0.0,0.0,0.0,0.0,0.0,0.0,0,0,-0.014085501329520134,-0.0007664807535406881,-0.02147009212020079,-0.0018555244910082869,0.0,0.0,0.0,0.0,0.0,0.0,0,0,-0.01370425210551185,-0.0003852315295324038,-0.01989879576121023,-0.00028422813201772756,0.0,0.0,0.0,0.0,0.0,0.0,0,0,-0.013473578840366263,-0.00015455826438681708,-0.02097459761486431,-0.0013600299856718068,0.0,0.0,0.0,0.0,0.0,0.0,0,0,-0.013920630514038246,-0.0006016099380588003,-0.0213607744178832,-0.0017462067886906962,0.0,0.0,0.0,0.0,0.0,0.0,0,0,-0.015031149866847726,-0.0017121292908682806,-0.020888199937993623,-0.0012736323088011203,0.0,0.0,0.0,0.0,0.0,0.0,0,0,-0.012391245871318013,0.0009277747046614326,-0.018610146810843664,0.001004420818348839,0.0,0.0,0.0,0.0,0.0,0.0,0,0,-0.013319020575979446,0.0,-0.019614567629192503,0.0,0.0,0.0,0.0,0.0,0.0,0.0,0.0,0.0
Colon,SIDM00789,VS,168,True,11,8.0,5.0,32,0.5202823431750193,0.4646583742947006,2.0,7.0,5.0,32,0.5102231277117169,0.44266514516682975,2.0,8.0,5.0,32,0.5154325947845487,0.44408689928014,2.0,7.0,5.0,32,0.5118938550379406,0.44654073140707706,2.0,7.0,5.0,32,0.5067998243610315,0.44513653239677436,2.0,7.0,5.0,32,0.5117312313622224,0.4436698187362484,2.0,7.0,5.0,32,0.5130589660777931,0.447346605902711,2.0,7.0,5.0,32,0.511215228237823,0.4448494053751309,2.0,7.0,5.0,32,0.5086391476072449,0.4437349703287316,2.0,-1.0,0.0,0.0,0.0,0,0,-0.010059215463302462,0.001583980104471916,-0.021993229127870828,-0.0010698251619018495,0.0,0.0,0.0,1.0,0.0,0.0,0,0,-0.004849748390470587,0.006793447177303791,-0.02057147501456058,0.00035192895140839786,0.0,0.0,-1.0,0.0,0.0,0.0,0,0,-0.008388488137078709,0.003254707430695669,-0.01811764288762352,0.002805761078345459,0.0,0.0,-1.0,0.0,0.0,0.0,0,0,-0.013482518813987765,-0.0018393232462133868,-0.019521841897926218,0.001401562068042761,0.0,0.0,-1.0,0.0,0.0,0.0,0,0,-0.008551111812796885,0.0030920837549774927,-0.020988555558452193,-6.515159248321467e-05,0.0,0.0,-1.0,0.0,0.0,0.0,0,0,-0.007223377097226202,0.004419818470548176,-0.017311768391989557,0.0036116355739794215,0.0,0.0,-1.0,0.0,0.0,0.0,0,0,-0.009067114937196363,0.002576080630578015,-0.01980896891956968,0.001114435046399298,0.0,0.0,-1.0,0.0,0.0,0.0,0,0,-0.011643195567774378,0.0,-0.02092340396596898,0.0,0.0,0.0,-1.0,0.0,0.0,0.0,0.0,0.0
Colon,SIDM00841,SV,167,True,1,3.0,1.0,25,0.5703979304729612,0.46722632206503173,2.0,3.0,1.0,26,0.5718308934013472,0.4537264709032662,3.0,3.0,1.0,25,0.5763602106440543,0.4545924019259673,3.0,3.0,1.0,25,0.5730860800502263,0.45414987888788944,3.0,3.0,1.0,25,0.5749443612471286,0.45428625522529975,3.0,3.0,1.0,25,0.5784404538488191,0.4573457424719777,3.0,3.0,1.0,25,0.5750104514712668,0.45435524688951456,3.0,3.0,1.0,25,0.5744498431948467,0.45327420924452405,3.0,3.0,1.0,25,0.574100520159789,0.45440710260714223,3.0,0.0,0.0,0.0,0.0,1,1,0.0014329629283860168,-0.0022696267584417784,-0.013499851161765553,-0.0006806317038760556,1.0,0.0,0.0,0.0,0.0,0.0,0,0,0.005962280171093126,0.002259690484265331,-0.012633920139064447,0.00018529931882504957,1.0,0.0,0.0,0.0,0.0,0.0,0,0,0.002688149577265153,-0.001014440109562642,-0.013076443177142294,-0.0002572237192527971,1.0,0.0,0.0,0.0,0.0,0.0,0,0,0.004546430774167387,0.0008438410873395918,-0.012940066839731978,-0.00012084738184248156,1.0,0.0,0.0,0.0,0.0,0.0,0,0,0.00804252337585798,0.004339933689030184,-0.00988057959305405,0.002938639864835446,1.0,0.0,0.0,0.0,0.0,0.0,0,0,0.004612520998305669,0.000909931311477874,-0.012871075175517166,-5.185571762766905e-05,1.0,0.0,0.0,0.0,0.0,0.0,0,0,0.004051912721885542,0.000349323035057747,-0.013952112820507678,-0.0011328933626181814,1.0,0.0,0.0,0.0,0.0,0.0,0,0,0.003702589686827795,0.0,-0.012819219457889497,0.0,1.0,0.0,0.0,0.0,0.0,0.0,0.0,0.0
Colon,SIDM00841,VS,154,True,2,4.0,2.0,23,0.5592892875625324,0.49925309432351683,2.0,4.0,2.0,23,0.5624684770263801,0.48888870649770866,2.0,4.0,2.0,23,0.5629476901024526,0.4938861860279352,2.0,4.0,2.0,23,0.5662684845837006,0.49513278150053136,2.0,4.0,2.0,23,0.5601641583873936,0.4884269709197231,2.0,4.0,2.0,23,0.5634044622550821,0.49391136623861076,2.0,4.0,2.0,23,0.5662311632138382,0.49545134162220333,2.0,4.0,2.0,23,0.5641768314063712,0.49687385219915425,2.0,4.0,2.0,23,0.5639902149025652,0.4947911002663262,2.0,0.0,0.0,0.0,0.0,0,0,0.0031791894638477647,-0.0015217378761850364,-0.010364387825808175,-0.005902393768617564,0.0,0.0,0.0,0.0,0.0,0.0,0,0,0.0036584025399202247,-0.0010425248001125764,-0.005366908295581618,-0.000904914238391008,0.0,0.0,0.0,0.0,0.0,0.0,0,0,0.006979197021168226,0.0022782696811354253,-0.004120312822985472,0.00034168123420513785,0.0,0.0,0.0,0.0,0.0,0.0,0,0,0.0008748708248612624,-0.0038260565151715387,-0.010826123403793741,-0.006364129346603131,0.0,0.0,0.0,0.0,0.0,0.0,0,0,0.004115174692549739,-0.0005857526474830621,-0.005341728084906072,-0.0008797340277154619,0.0,0.0,0.0,0.0,0.0,0.0,0,0,0.006941875651305773,0.0022409483112729722,-0.003801752701313499,0.0006602413558771114,0.0,0.0,0.0,0.0,0.0,0.0,0,0,0.004887543843838826,0.00018661650380602524,-0.0023792421243625794,0.002082751932828031,0.0,0.0,0.0,0.0,0.0,0.0,0,0,0.004700927340032801,0.0,-0.00446199405719061,0.0,0.0,0.0,0.0,0.0,0.0,0.0,0.0,0.0
Colon,SIDM01096,SV,168,False,7,10.0,6.0,29,0.5935381983286175,0.4461822952063347,2.0,10.0,6.0,29,0.6120581547295,0.46999702864747356,2.0,10.0,6.0,29,0.6154610285524937,0.47105569486730436,2.0,10.0,6.0,29,0.5935381983286175,0.4461822952063347,2.0,10.0,6.0,29,0.5935381983286175,0.4461822952063347,2.0,10.0,6.0,29,0.5935381983286175,0.4461822952063347,2.0,10.0,6.0,29,0.5935381983286175,0.4461822952063347,2.0,10.0,6.0,29,0.6129706411567295,0.4705123706839341,2.0,10.0,6.0,29,0.6121221247739432,0.4694171719047078,2.0,0.0,0.0,0.0,0.0,0,0,0.018519956400882442,-6.397004444325116e-05,0.02381473344113888,0.000579856742765783,0.0,0.0,0.0,0.0,0.0,0.0,0,0,0.0219228302238762,0.003338903778550506,0.024873399660969686,0.0016385229625965891,0.0,0.0,0.0,0.0,0.0,0.0,0,0,0.0,-0.018583926445325694,0.0,-0.023234876698373097,0.0,0.0,0.0,0.0,0.0,0.0,0,0,0.0,-0.018583926445325694,0.0,-0.023234876698373097,0.0,0.0,0.0,0.0,0.0,0.0,0,0,0.0,-0.018583926445325694,0.0,-0.023234876698373097,0.0,0.0,0.0,0.0,0.0,0.0,0,0,0.0,-0.018583926445325694,0.0,-0.023234876698373097,0.0,0.0,0.0,0.0,0.0,0.0,0,0,0.019432442828111962,0.0008485163827862685,0.02433007547759941,0.001095198779226314,0.0,0.0,0.0,0.0,0.0,0.0,0,0,0.018583926445325694,0.0,0.023234876698373097,0.0,0.0,0.0,0.0,0.0,0.0,0.0,0.0,0.0
Colon,SIDM01096,VS,168,False,2,2.0,2.0,26,0.5991997408395382,0.5981444895765833,5.0,3.0,2.0,26,0.6030395829192459,0.6009468845441251,6.0,2.0,2.0,26,0.5913480550635262,0.5928639729600886,5.0,2.0,2.0,26,0.5991997408395382,0.5981444895765833,5.0,2.0,2.0,26,0.5991997408395382,0.5981444895765833,5.0,2.0,2.0,26,0.5991997408395382,0.5981444895765833,5.0,2.0,2.0,26,0.5991997408395382,0.5981444895765833,5.0,2.0,2.0,26,0.6029326440945132,0.600134185017377,5.0,2.0,2.0,26,0.6029029155776771,0.6018193269799282,5.0,1.0,1.0,0.0,0.0,0,0,0.003839842079707667,0.000136667341568808,0.002802394967541866,-0.0008724424358030891,1.0,1.0,0.0,0.0,0.0,0.0,0,0,-0.00785168577601203,-0.011554860514150889,-0.005280516616494646,-0.008955354019839601,0.0,0.0,0.0,0.0,0.0,0.0,0,0,0.0,-0.003703174738138859,0.0,-0.003674837403344955,0.0,0.0,0.0,0.0,0.0,0.0,0,0,0.0,-0.003703174738138859,0.0,-0.003674837403344955,0.0,0.0,0.0,0.0,0.0,0.0,0,0,0.0,-0.003703174738138859,0.0,-0.003674837403344955,0.0,0.0,0.0,0.0,0.0,0.0,0,0,0.0,-0.003703174738138859,0.0,-0.003674837403344955,0.0,0.0,0.0,0.0,0.0,0.0,0,0,0.003732903254974995,2.9728516836136087e-05,0.0019896954407937484,-0.0016851419625512065,0.0,0.0,0.0,0.0,0.0,0.0,0,0,0.003703174738138859,0.0,0.003674837403344955,0.0,0.0,0.0,1.0,0.0,0.0,0.0,0.0,0.0
Pancreas,SIDM00053,SV,168,False,3,4.0,3.0,27,0.42952521301995616,0.27437314512747796,4.0,4.0,3.0,27,0.43011652840289244,0.276187637182225,4.0,4.0,3.0,27,0.43071208643488423,0.276195271727219,4.0,4.0,3.0,27,0.42952521301995616,0.27437314512747796,4.0,4.0,3.0,27,0.42952521301995616,0.27437314512747796,4.0,4.0,3.0,27,0.42952521301995616,0.27437314512747796,4.0,4.0,3.0,27,0.42952521301995616,0.27437314512747796,4.0,4.0,3.0,27,0.42952521301995616,0.27437314512747796,4.0,4.0,3.0,27,0.42952521301995616,0.27437314512747796,4.0,0.0,0.0,0.0,0.0,0,0,0.000591315382936275,0.000591315382936275,0.0018144920547470411,0.0018144920547470411,0.0,0.0,0.0,0.0,0.0,0.0,0,0,0.001186873414928069,0.001186873414928069,0.0018221265997410696,0.0018221265997410696,0.0,0.0,0.0,0.0,0.0,0.0,0,0,0.0,0.0,0.0,0.0,0.0,0.0,0.0,0.0,0.0,0.0,0,0,0.0,0.0,0.0,0.0,0.0,0.0,0.0,0.0,0.0,0.0,0,0,0.0,0.0,0.0,0.0,0.0,0.0,0.0,0.0,0.0,0.0,0,0,0.0,0.0,0.0,0.0,0.0,0.0,0.0,0.0,0.0,0.0,0,0,0.0,0.0,0.0,0.0,0.0,0.0,0.0,0.0,0.0,0.0,0,0,0.0,0.0,0.0,0.0,0.0,0.0,0.0,0.0,0.0,0.0,0.0,0.0
Pancreas,SIDM00053,VS,168,False,6,7.0,5.0,30,0.3141877164899795,0.28432375573590996,5.0,7.0,5.0,30,0.31276940320137553,0.28464607937205805,5.0,7.0,5.0,30,0.3139533650685319,0.28493847336586287,5.0,7.0,5.0,30,0.3141877164899795,0.28432375573590996,5.0,7.0,5.0,30,0.3141877164899795,0.28432375573590996,5.0,7.0,5.0,30,0.3141877164899795,0.28432375573590996,5.0,7.0,5.0,30,0.3141877164899795,0.28432375573590996,5.0,7.0,5.0,30,0.3141877164899795,0.28432375573590996,5.0,7.0,5.0,30,0.3141877164899795,0.28432375573590996,5.0,0.0,0.0,0.0,0.0,0,0,-0.0014183132886039784,-0.0014183132886039784,0.0003223236361480919,0.0003223236361480919,0.0,0.0,0.0,0.0,0.0,0.0,0,0,-0.00023435142144762056,-0.00023435142144762056,0.00061471762995291,0.00061471762995291,0.0,0.0,0.0,0.0,0.0,0.0,0,0,0.0,0.0,0.0,0.0,0.0,0.0,0.0,0.0,0.0,0.0,0,0,0.0,0.0,0.0,0.0,0.0,0.0,0.0,0.0,0.0,0.0,0,0,0.0,0.0,0.0,0.0,0.0,0.0,0.0,0.0,0.0,0.0,0,0,0.0,0.0,0.0,0.0,0.0,0.0,0.0,0.0,0.0,0.0,0,0,0.0,0.0,0.0,0.0,0.0,0.0,0.0,0.0,0.0,0.0,0,0,0.0,0.0,0.0,0.0,0.0,0.0,0.0,0.0,0.0,0.0,0.0,0.0
Pancreas,SIDM00301,SV,168,True,6,11.0,6.0,31,0.47918757757188873,0.3170841800675611,9.0,11.0,6.0,31,0.47951811557271773,0.3207432355460201,9.0,11.0,6.0,31,0.4777068542745953,0.3143426074939906,9.0,11.0,6.0,32,0.48062904823882246,0.31874364301072855,9.0,11.0,6.0,31,0.47918757757188873,0.3170841800675611,9.0,11.0,6.0,31,0.47918757757188873,0.3170841800675611,9.0,11.0,6.0,31,0.4703579804600167,0.3038604583498504,9.0,11.0,6.0,31,0.47918757757188873,0.3170841800675611,9.0,11.0,6.0,31,0.47918757757188873,0.3170841800675611,9.0,0.0,0.0,0.0,0.0,0,0,0.00033053800082899487,0.00033053800082899487,0.0036590554784589613,0.0036590554784589613,0.0,0.0,0.0,0.0,0.0,0.0,0,0,-0.0014807232972934292,-0.0014807232972934292,-0.0027415725735704943,-0.0027415725735704943,0.0,0.0,0.0,0.0,0.0,0.0,1,1,0.0014414706669337307,0.0014414706669337307,0.0016594629431674335,0.0016594629431674335,0.0,0.0,0.0,0.0,0.0,0.0,0,0,0.0,0.0,0.0,0.0,0.0,0.0,0.0,0.0,0.0,0.0,0,0,0.0,0.0,0.0,0.0,0.0,0.0,0.0,0.0,0.0,0.0,0,0,-0.008829597111872034,-0.008829597111872034,-0.01322372171771069,-0.01322372171771069,0.0,0.0,0.0,0.0,0.0,0.0,0,0,0.0,0.0,0.0,0.0,0.0,0.0,0.0,0.0,0.0,0.0,0,0,0.0,0.0,0.0,0.0,0.0,0.0,0.0,0.0,0.0,0.0,0.0,0.0
Pancreas,SIDM00301,VS,168,True,7,8.0,6.0,30,0.41963707734474154,0.3768291951448571,8.0,8.0,6.0,30,0.4191949906218992,0.37663232235027133,8.0,8.0,6.0,30,0.42094879503508476,0.377031825731607,8.0,8.0,6.0,30,0.4177045156617345,0.37479756829623206,8.0,8.0,6.0,30,0.41963707734474154,0.3768291951448571,8.0,8.0,6.0,30,0.41963707734474154,0.3768291951448571,8.0,8.0,6.0,30,0.40401205239980054,0.3613631394199384,8.0,8.0,6.0,30,0.41963707734474154,0.3768291951448571,8.0,8.0,6.0,30,0.41963707734474154,0.3768291951448571,8.0,0.0,0.0,0.0,0.0,0,0,-0.00044208672284234973,-0.00044208672284234973,-0.00019687279458574514,-0.00019687279458574514,0.0,0.0,0.0,0.0,0.0,0.0,0,0,0.001311717690343217,0.001311717690343217,0.00020263058674990786,0.00020263058674990786,0.0,0.0,0.0,0.0,0.0,0.0,0,0,-0.0019325616830070391,-0.0019325616830070391,-0.002031626848625012,-0.002031626848625012,0.0,0.0,0.0,0.0,0.0,0.0,0,0,0.0,0.0,0.0,0.0,0.0,0.0,0.0,0.0,0.0,0.0,0,0,0.0,0.0,0.0,0.0,0.0,0.0,0.0,0.0,0.0,0.0,0,0,-0.015625024944941,-0.015625024944941,-0.01546605572491866,-0.01546605572491866,0.0,0.0,0.0,0.0,0.0,0.0,0,0,0.0,0.0,0.0,0.0,0.0,0.0,0.0,0.0,0.0,0.0,0,0,0.0,0.0,0.0,0.0,0.0,0.0,0.0,0.0,0.0,0.0,0.0,0.0
Pancreas,SIDM00371,SV,168,True,6,9.0,4.0,31,0.5603988831081216,0.42015901978898185,8.0,9.0,4.0,31,0.5639234109651158,0.42319127833988507,8.0,9.0,4.0,31,0.5643522819937501,0.4229386425977451,8.0,9.0,4.0,31,0.5629320927047298,0.42015138696920606,8.0,9.0,4.0,31,0.5603988831081216,0.42015901978898185,8.0,9.0,4.0,31,0.5603988831081216,0.42015901978898185,8.0,9.0,4.0,31,0.5372348051693497,0.388681920070786,8.0,9.0,4.0,31,0.5603988831081216,0.42015901978898185,8.0,9.0,4.0,31,0.5603988831081216,0.42015901978898185,8.0,0.0,0.0,0.0,0.0,0,0,0.0035245278569941974,0.0035245278569941974,0.003032258550903222,0.003032258550903222,0.0,0.0,0.0,0.0,0.0,0.0,0,0,0.003953398885628512,0.003953398885628512,0.00277962280876326,0.00277962280876326,0.0,0.0,0.0,0.0,0.0,0.0,0,0,0.002533209596608188,0.002533209596608188,-7.632819775782451e-06,-7.632819775782451e-06,0.0,0.0,0.0,0.0,0.0,0.0,0,0,0.0,0.0,0.0,0.0,0.0,0.0,0.0,0.0,0.0,0.0,0,0,0.0,0.0,0.0,0.0,0.0,0.0,0.0,0.0,0.0,0.0,0,0,-0.023164077938771843,-0.023164077938771843,-0.031477099718195845,-0.031477099718195845,0.0,0.0,0.0,0.0,0.0,0.0,0,0,0.0,0.0,0.0,0.0,0.0,0.0,0.0,0.0,0.0,0.0,0,0,0.0,0.0,0.0,0.0,0.0,0.0,0.0,0.0,0.0,0.0,0.0,0.0
Pancreas,SIDM00371,VS,168,True,5,6.0,4.0,30,0.41748976484188094,0.31768346292320787,7.0,6.0,4.0,30,0.4159139144317645,0.31571519645677276,7.0,6.0,4.0,30,0.41632540686934316,0.31803927131432835,7.0,6.0,4.0,30,0.4149382434419783,0.31310332015779846,7.0,6.0,4.0,30,0.41748976484188094,0.31768346292320787,7.0,6.0,4.0,30,0.41748976484188094,0.31768346292320787,7.0,6.0,4.0,30,0.41149665412897934,0.3075577869304746,7.0,6.0,4.0,30,0.41748976484188094,0.31768346292320787,7.0,6.0,4.0,30,0.41748976484188094,0.31768346292320787,7.0,0.0,0.0,0.0,0.0,0,0,-0.0015758504101164306,-0.0015758504101164306,-0.001968266466435109,-0.001968266466435109,0.0,0.0,0.0,0.0,0.0,0.0,0,0,-0.0011643579725377773,-0.0011643579725377773,0.00035580839112048235,0.00035580839112048235,0.0,0.0,0.0,0.0,0.0,0.0,0,0,-0.002551521399902612,-0.002551521399902612,-0.004580142765409412,-0.004580142765409412,0.0,0.0,0.0,0.0,0.0,0.0,0,0,0.0,0.0,0.0,0.0,0.0,0.0,0.0,0.0,0.0,0.0,0,0,0.0,0.0,0.0,0.0,0.0,0.0,0.0,0.0,0.0,0.0,0,0,-0.005993110712901595,-0.005993110712901595,-0.010125675992733285,-0.010125675992733285,0.0,0.0,0.0,0.0,0.0,0.0,0,0,0.0,0.0,0.0,0.0,0.0,0.0,0.0,0.0,0.0,0.0,0,0,0.0,0.0,0.0,0.0,0.0,0.0,0.0,0.0,0.0,0.0,0.0,0.0
Pancreas,SIDM00453,SV,168,True,5,8.0,5.0,30,0.44477739301952285,0.3713725461252326,11.0,8.0,5.0,30,0.441633534454483,0.37192185822555135,11.0,8.0,5.0,30,0.4466545857177605,0.37333543231577027,11.0,8.0,5.0,31,0.4405681936207905,0.36667128550759137,11.0,8.0,5.0,30,0.44477739301952285,0.3713725461252326,11.0,8.0,5.0,30,0.44477739301952285,0.3713725461252326,11.0,8.0,5.0,30,0.4328463957950187,0.36027279956275776,11.0,8.0,5.0,30,0.44477739301952285,0.3713725461252326,11.0,8.0,5.0,30,0.44477739301952285,0.3713725461252326,11.0,0.0,0.0,0.0,0.0,0,0,-0.0031438585650398476,-0.0031438585650398476,0.0005493121003187218,0.0005493121003187218,0.0,0.0,0.0,0.0,0.0,0.0,0,0,0.0018771926982376619,0.0018771926982376619,0.0019628861905376382,0.0019628861905376382,0.0,0.0,0.0,0.0,0.0,0.0,1,1,-0.004209199398732322,-0.004209199398732322,-0.004701260617641256,-0.004701260617641256,0.0,0.0,0.0,0.0,0.0,0.0,0,0,0.0,0.0,0.0,0.0,0.0,0.0,0.0,0.0,0.0,0.0,0,0,0.0,0.0,0.0,0.0,0.0,0.0,0.0,0.0,0.0,0.0,0,0,-0.011930997224504136,-0.011930997224504136,-0.011099746562474866,-0.011099746562474866,0.0,0.0,0.0,0.0,0.0,0.0,0,0,0.0,0.0,0.0,0.0,0.0,0.0,0.0,0.0,0.0,0.0,0,0,0.0,0.0,0.0,0.0,0.0,0.0,0.0,0.0,0.0,0.0,0.0,0.0
Pancreas,SIDM00453,VS,167,True,11,12.0,9.0,34,0.4888745924439979,0.38730944746907586,12.0,12.0,9.0,34,0.4900953445801826,0.3898338304532265,12.0,12.0,9.0,34,0.4837244566134055,0.38434276441267823,12.0,12.0,9.0,34,0.4872245922109704,0.3865334144345846,12.0,12.0,9.0,34,0.4888745924439979,0.38730944746907586,12.0,12.0,9.0,34,0.4888745924439979,0.38730944746907586,12.0,12.0,9.0,34,0.47172370731159907,0.379378640986823,12.0,12.0,9.0,34,0.4888745924439979,0.38730944746907586,12.0,12.0,9.0,34,0.4888745924439979,0.38730944746907586,12.0,0.0,0.0,0.0,0.0,0,0,0.0012207521361847218,0.0012207521361847218,0.0025243829841506416,0.0025243829841506416,0.0,0.0,0.0,0.0,0.0,0.0,0,0,-0.005150135830592373,-0.005150135830592373,-0.0029666830563976343,-0.0029666830563976343,0.0,0.0,0.0,0.0,0.0,0.0,0,0,-0.001650000233027471,-0.001650000233027471,-0.0007760330344912525,-0.0007760330344912525,0.0,0.0,0.0,0.0,0.0,0.0,0,0,0.0,0.0,0.0,0.0,0.0,0.0,0.0,0.0,0.0,0.0,0,0,0.0,0.0,0.0,0.0,0.0,0.0,0.0,0.0,0.0,0.0,0,0,-0.01715088513239882,-0.01715088513239882,-0.007930806482252861,-0.007930806482252861,0.0,0.0,0.0,0.0,0.0,0.0,0,0,0.0,0.0,0.0,0.0,0.0,0.0,0.0,0.0,0.0,0.0,0,0,0.0,0.0,0.0,0.0,0.0,0.0,0.0,0.0,0.0,0.0,0.0,0.0
Pancreas,SIDM00583,SV,167,True,6,6.0,2.0,25,0.38167518182919863,0.17934160528003193,2.0,6.0,2.0,25,0.38318197226225525,0.18094381297172152,2.0,7.0,2.0,25,0.3794599133262071,0.17584946805543009,2.0,6.0,2.0,25,0.37568628535467563,0.17771287410334194,2.0,6.0,2.0,25,0.38167518182919863,0.17934160528003193,2.0,6.0,2.0,25,0.38167518182919863,0.17934160528003193,2.0,7.0,2.0,25,0.3599168416983352,0.1687245115885671,2.0,6.0,2.0,25,0.38167518182919863,0.17934160528003193,2.0,6.0,2.0,25,0.38167518182919863,0.17934160528003193,2.0,0.0,0.0,0.0,0.0,0,0,0.0015067904330566262,0.0015067904330566262,0.0016022076916895889,0.0016022076916895889,0.0,0.0,1.0,1.0,0.0,0.0,0,0,-0.0022152685029915298,-0.0022152685029915298,-0.0034921372246018434,-0.0034921372246018434,0.0,0.0,0.0,0.0,0.0,0.0,0,0,-0.005988896474522998,-0.005988896474522998,-0.0016287311766899903,-0.0016287311766899903,0.0,0.0,0.0,0.0,0.0,0.0,0,0,0.0,0.0,0.0,0.0,0.0,0.0,0.0,0.0,0.0,0.0,0,0,0.0,0.0,0.0,0.0,0.0,0.0,1.0,1.0,0.0,0.0,0,0,-0.02175834013086342,-0.02175834013086342,-0.010617093691464824,-0.010617093691464824,0.0,0.0,0.0,0.0,0.0,0.0,0,0,0.0,0.0,0.0,0.0,0.0,0.0,0.0,0.0,0.0,0.0,0,0,0.0,0.0,0.0,0.0,0.0,0.0,-1.0,0.0,0.0,0.0,-1.0,0.0
Pancreas,SIDM00583,VS,168,True,4,6.0,4.0,32,0.4136846487653833,0.26880567000095157,6.0,6.0,4.0,32,0.41294072451633035,0.26659298501059336,6.0,6.0,4.0,32,0.4123308203672267,0.2702464311755181,6.0,6.0,4.0,32,0.4084787719726194,0.2649880428725253,6.0,6.0,4.0,32,0.4136846487653833,0.26880567000095157,6.0,6.0,4.0,32,0.4136846487653833,0.26880567000095157,6.0,6.0,4.0,32,0.4120099356778624,0.28468637484044634,6.0,6.0,4.0,32,0.4136846487653833,0.26880567000095157,6.0,6.0,4.0,32,0.4136846487653833,0.26880567000095157,6.0,0.0,0.0,0.0,0.0,0,0,-0.0007439242490529518,-0.0007439242490529518,-0.0022126849903582047,-0.0022126849903582047,0.0,0.0,0.0,0.0,0.0,0.0,0,0,-0.0013538283981566201,-0.0013538283981566201,0.0014407611745665405,0.0014407611745665405,0.0,0.0,0.0,0.0,0.0,0.0,0,0,-0.005205876792763908,-0.005205876792763908,-0.0038176271284262597,-0.0038176271284262597,0.0,0.0,0.0,0.0,0.0,0.0,0,0,0.0,0.0,0.0,0.0,0.0,0.0,0.0,0.0,0.0,0.0,0,0,0.0,0.0,0.0,0.0,0.0,0.0,0.0,0.0,0.0,0.0,0,0,-0.0016747130875208738,-0.0016747130875208738,0.015880704839494775,0.015880704839494775,0.0,0.0,0.0,0.0,0.0,0.0,0,0,0.0,0.0,0.0,0.0,0.0,0.0,0.0,0.0,0.0,0.0,0,0,0.0,0.0,0.0,0.0,0.0,0.0,0.0,0.0,0.0,0.0,0.0,0.0
